nan,nan,nan,nan,nan,nan,nan,nan,nan,nan,nan,nan,nan,nan,nan,nan,nan,nan,nan,nan,nan,nan,nan,nan,nan,nan,nan,nan,nan,nan,nan,nan,nan,nan,nan,nan,nan,nan,nan,nan,nan,nan,nan,nan,nan,nan,nan,nan,nan,nan,nan,nan,nan,nan,nan,nan,nan,nan,nan,nan,nan,nan,nan,nan,nan,nan,nan,nan,nan,nan,nan,nan,nan,nan,nan,nan,nan,nan,nan,nan,nan,nan,nan,nan,nan,nan,nan,nan,nan,nan,nan,nan,nan,nan,nan,nan,nan,nan,nan,nan,nan,nan,nan,nan,nan,nan,nan,nan,nan,nan,nan,nan,nan,nan,nan,nan,nan,nan,nan,nan,nan,nan,nan,nan,nan,3.11914,3.08789,3.11914,3.08984,3.11328,3.13672,3.10547,3.11914,3.13086,3.13672,3.13867,3.13477,3.12891,3.13672,3.0625,3.00195,2.90625,2.74609,2.73438,2.72461,2.71484,2.70508,2.69531,2.68555,2.67578
nan,nan,nan,nan,nan,nan,nan,nan,nan,nan,nan,nan,nan,nan,nan,nan,nan,nan,nan,nan,nan,nan,nan,nan,nan,nan,nan,nan,nan,nan,nan,nan,nan,nan,nan,nan,nan,nan,nan,nan,nan,nan,nan,nan,nan,nan,nan,nan,nan,nan,nan,nan,nan,nan,nan,nan,nan,nan,nan,nan,nan,nan,nan,nan,nan,nan,nan,nan,nan,nan,nan,nan,nan,nan,nan,nan,nan,nan,nan,nan,nan,nan,nan,nan,nan,nan,nan,nan,nan,nan,nan,nan,nan,nan,nan,nan,nan,nan,nan,nan,nan,nan,nan,nan,nan,nan,nan,nan,nan,nan,nan,nan,nan,nan,nan,nan,nan,nan,nan,nan,nan,nan,3.10938,3.08008,3.10938,3.08203,3.10547,3.12891,3.09766,3.11328,3.125,3.13281,3.13477,3.13281,3.12695,3.13477,3.09766,3.03906,2.96289,2.86523,2.74219,2.73047,2.7207,2.71094,2.69922,2.68945,2.68164,2.67188,2.66211,2.65234
nan,nan,nan,nan,nan,nan,nan,nan,nan,nan,nan,nan,nan,nan,nan,nan,nan,nan,nan,nan,nan,nan,nan,nan,nan,nan,nan,nan,nan,nan,nan,nan,nan,nan,nan,nan,nan,nan,nan,nan,nan,nan,nan,nan,nan,nan,nan,nan,nan,nan,nan,nan,nan,nan,nan,nan,nan,nan,nan,nan,nan,nan,nan,nan,nan,nan,nan,nan,nan,nan,nan,nan,nan,nan,nan,nan,nan,nan,nan,nan,nan,nan,nan,nan,nan,nan,nan,nan,nan,nan,nan,nan,nan,nan,nan,nan,nan,nan,nan,nan,nan,nan,nan,nan,nan,nan,nan,nan,nan,nan,nan,nan,nan,nan,nan,nan,nan,nan,3.13672,3.09961,3.13672,3.10156,3.13086,3.09961,3.12109,3.14062,3.10742,3.11914,3.12891,3.13086,3.13086,3.12695,3.13477,3.11719,3.06055,3,2.92383,2.78711,2.73828,2.72656,2.7168,2.70703,2.69531,2.68555,2.67578,2.66797,2.6582,2.64844,2.64062,2.63086
nan,nan,nan,nan,nan,nan,nan,nan,nan,nan,nan,nan,nan,nan,nan,nan,nan,nan,nan,nan,nan,nan,nan,nan,nan,nan,nan,nan,nan,nan,nan,nan,nan,nan,nan,nan,nan,nan,nan,nan,nan,nan,nan,nan,nan,nan,nan,nan,nan,nan,nan,nan,nan,nan,nan,nan,nan,nan,nan,nan,nan,nan,nan,nan,nan,nan,nan,nan,nan,nan,nan,nan,nan,nan,nan,nan,nan,nan,nan,nan,nan,nan,nan,nan,nan,nan,nan,nan,nan,nan,nan,nan,nan,nan,nan,nan,nan,nan,nan,nan,nan,nan,nan,nan,nan,nan,nan,nan,nan,nan,nan,nan,nan,nan,nan,3.12305,3.08984,3.12695,3.09375,3.12305,3.0918,3.11328,3.13477,3.10156,3.11523,3.12305,3.12891,3.12891,3.125,3.13672,3.13672,3.08008,3.02344,2.96289,2.88477,2.74609,2.73438,2.72266,2.71289,2.70117,2.69141,2.68164,2.67188,2.66211,2.65234,2.64453,2.63477,2.62695,2.61719,2.60938
nan,nan,nan,nan,nan,nan,nan,nan,nan,nan,nan,nan,nan,nan,nan,nan,nan,nan,nan,nan,nan,nan,nan,nan,nan,nan,nan,nan,nan,nan,nan,nan,nan,nan,nan,nan,nan,nan,nan,nan,nan,nan,nan,nan,nan,nan,nan,nan,nan,nan,nan,nan,nan,nan,nan,nan,nan,nan,nan,nan,nan,nan,nan,nan,nan,nan,nan,nan,nan,nan,nan,nan,nan,nan,nan,nan,nan,nan,nan,nan,nan,nan,nan,nan,nan,nan,nan,nan,nan,nan,nan,nan,nan,nan,nan,nan,nan,nan,nan,nan,nan,nan,nan,nan,nan,nan,nan,nan,nan,nan,nan,nan,3.11328,3.08203,3.11523,3.08594,3.11328,3.08398,3.10742,3.12695,3.0957,3.10938,3.11914,3.125,3.12695,3.12305,3.13672,3.13672,3.10156,3.05664,3,2.94141,2.8457,2.74219,2.73047,2.71875,2.70898,2.69727,2.6875,2.67773,2.66797,2.6582,2.64844,2.63867,2.63086,2.62109,2.61328,2.60547,2.5957,2.58789
nan,nan,nan,nan,nan,nan,nan,nan,nan,nan,nan,nan,nan,nan,nan,nan,nan,nan,nan,nan,nan,nan,nan,nan,nan,nan,nan,nan,nan,nan,nan,nan,nan,nan,nan,nan,nan,nan,nan,nan,nan,nan,nan,nan,nan,nan,nan,nan,nan,nan,nan,nan,nan,nan,nan,nan,nan,nan,nan,nan,nan,nan,nan,nan,nan,nan,nan,nan,nan,nan,nan,nan,nan,nan,nan,nan,nan,nan,nan,nan,nan,nan,nan,nan,nan,nan,nan,nan,nan,nan,nan,nan,nan,nan,nan,nan,nan,nan,nan,nan,nan,nan,nan,nan,nan,nan,nan,nan,nan,3.10156,3.07422,3.10742,3.07812,3.10547,3.13281,3.09961,3.12109,3.13672,3.10547,3.11523,3.12109,3.12305,3.12109,3.13867,3.13867,3.11914,3.07617,3.02148,2.96484,2.9043,2.76758,2.73828,2.72656,2.71484,2.70312,2.69336,2.68359,2.67383,2.66211,2.6543,2.64453,2.63477,2.625,2.61719,2.60742,2.59961,2.5918,2.58398,2.57617,2.56836
nan,nan,nan,nan,nan,nan,nan,nan,nan,nan,nan,nan,nan,nan,nan,nan,nan,nan,nan,nan,nan,nan,nan,nan,nan,nan,nan,nan,nan,nan,nan,nan,nan,nan,nan,nan,nan,nan,nan,nan,nan,nan,nan,nan,nan,nan,nan,nan,nan,nan,nan,nan,nan,nan,nan,nan,nan,nan,nan,nan,nan,nan,nan,nan,nan,nan,nan,nan,nan,nan,nan,nan,nan,nan,nan,nan,nan,nan,nan,nan,nan,nan,nan,nan,nan,nan,nan,nan,nan,nan,nan,nan,nan,nan,nan,nan,nan,nan,nan,nan,nan,nan,nan,nan,nan,3.12891,3.0918,3.13477,3.09766,3.13281,3.09766,3.125,3.09375,3.11328,3.13086,3.09961,3.11133,3.11719,3.12109,3.12109,3.13867,3.12695,3.13672,3.0957,3.04297,3,2.94141,2.86523,2.74414,2.73242,2.7207,2.71094,2.69922,2.68945,2.67773,2.66797,2.6582,2.64844,2.63867,2.62891,2.62109,2.61133,2.60352,2.59375,2.58594,2.57812,2.57031,2.5625,2.55469,2.54688
nan,nan,nan,nan,nan,nan,nan,nan,nan,nan,nan,nan,nan,nan,nan,nan,nan,nan,nan,nan,nan,nan,nan,nan,nan,nan,nan,nan,nan,nan,nan,nan,nan,nan,nan,nan,nan,nan,nan,nan,nan,nan,nan,nan,nan,nan,nan,nan,nan,nan,nan,nan,nan,nan,nan,nan,nan,nan,nan,nan,nan,nan,nan,nan,nan,nan,nan,nan,nan,nan,nan,nan,nan,nan,nan,nan,nan,nan,nan,nan,nan,nan,nan,nan,nan,nan,nan,nan,nan,nan,nan,nan,nan,nan,nan,nan,nan,nan,nan,nan,nan,nan,3.11719,3.08398,3.12305,3.08984,3.12305,3.08984,3.11719,3.08594,3.10742,3.125,3.14062,3.10547,3.11523,3.11914,3.11914,3.13867,3.12891,3.13672,3.11133,3.0625,3.02148,2.96484,2.90625,2.82617,2.74023,2.72852,2.7168,2.70508,2.69531,2.68359,2.67383,2.66406,2.6543,2.64453,2.63477,2.625,2.61523,2.60742,2.59766,2.58984,2.58008,2.57227,2.56445,2.55664,2.54883,2.54102,2.5332,2.52539
nan,nan,nan,nan,nan,nan,nan,nan,nan,nan,nan,nan,nan,nan,nan,nan,nan,nan,nan,nan,nan,nan,nan,nan,nan,nan,nan,nan,nan,nan,nan,nan,nan,nan,nan,nan,nan,nan,nan,nan,nan,nan,nan,nan,nan,nan,nan,nan,nan,nan,nan,nan,nan,nan,nan,nan,nan,nan,nan,nan,nan,nan,nan,nan,nan,nan,nan,nan,nan,nan,nan,nan,nan,nan,nan,nan,nan,nan,nan,nan,nan,nan,nan,nan,nan,nan,nan,nan,nan,nan,nan,nan,nan,nan,nan,nan,nan,nan,nan,3.10547,3.07422,3.11328,3.08008,3.11328,3.08203,3.10938,3.13672,3.10156,3.11914,3.13477,3.10156,3.11133,3.11523,3.11719,3.14062,3.12891,3.13086,3.12109,3.08203,3.04102,2.99805,2.94336,2.88281,2.76758,2.73633,2.72461,2.71289,2.70117,2.68945,2.67969,2.66797,2.6582,2.64844,2.63867,2.62891,2.61914,2.61133,2.60156,2.5918,2.58398,2.57617,2.56641,2.55859,2.55078,2.54297,2.53516,2.52734,2.52148,2.51367,2.50586
nan,nan,nan,nan,nan,nan,nan,nan,nan,nan,nan,nan,nan,nan,nan,nan,nan,nan,nan,nan,nan,nan,nan,nan,nan,nan,nan,nan,nan,nan,nan,nan,nan,nan,nan,nan,nan,nan,nan,nan,nan,nan,nan,nan,nan,nan,nan,nan,nan,nan,nan,nan,nan,nan,nan,nan,nan,nan,nan,nan,nan,nan,nan,nan,nan,nan,nan,nan,nan,nan,nan,nan,nan,nan,nan,nan,nan,nan,nan,nan,nan,nan,nan,nan,nan,nan,nan,nan,nan,nan,nan,nan,nan,nan,nan,3.13477,3.09375,3.06641,3.10352,3.07227,3.10547,3.14062,3.10156,3.12891,3.0957,3.11328,3.13086,3.09766,3.10742,3.11328,3.11523,3.14062,3.13086,3.13477,3.13672,3.09766,3.05859,3.01953,2.97852,2.92188,2.8457,2.74414,2.73242,2.7207,2.70898,2.69727,2.68555,2.67383,2.66406,2.6543,2.64258,2.63281,2.62305,2.61328,2.60547,2.5957,2.58789,2.57812,2.57031,2.56055,2.55273,2.54492,2.53711,2.5293,2.52148,2.51367,2.50781,2.5,2.49219,2.48633
nan,nan,nan,nan,nan,nan,nan,nan,nan,nan,nan,nan,nan,nan,nan,nan,nan,nan,nan,nan,nan,nan,nan,nan,nan,nan,nan,nan,nan,nan,nan,nan,nan,nan,nan,nan,nan,nan,nan,nan,nan,nan,nan,nan,nan,nan,nan,nan,nan,nan,nan,nan,nan,nan,nan,nan,nan,nan,nan,nan,nan,nan,nan,nan,nan,nan,nan,nan,nan,nan,nan,nan,nan,nan,nan,nan,nan,nan,nan,nan,nan,nan,nan,nan,nan,nan,nan,nan,nan,nan,nan,nan,3.12109,3.08398,3.13086,3.09375,3.13477,3.0957,3.13086,3.09375,3.12109,3.08789,3.10742,3.125,3.13867,3.10352,3.11133,3.11328,3.11328,3.13281,3.13867,3.14062,3.11328,3.07617,3.03906,2.99805,2.94531,2.88672,2.80664,2.75781,2.72852,2.71484,2.70312,2.69141,2.67969,2.66992,2.6582,2.64844,2.63867,2.62891,2.61914,2.60938,2.59961,2.58984,2.58203,2.57227,2.56445,2.55469,2.54688,2.53906,2.53125,2.52344,2.51562,2.50781,2.50195,2.49414,2.48633,2.48047,2.47266,2.4668
nan,nan,nan,nan,nan,nan,nan,nan,nan,nan,nan,nan,nan,nan,nan,nan,nan,nan,nan,nan,nan,nan,nan,nan,nan,nan,nan,nan,nan,nan,nan,nan,nan,nan,nan,nan,nan,nan,nan,nan,nan,nan,nan,nan,nan,nan,nan,nan,nan,nan,nan,nan,nan,nan,nan,nan,nan,nan,nan,nan,nan,nan,nan,nan,nan,nan,nan,nan,nan,nan,nan,nan,nan,nan,nan,nan,nan,nan,nan,nan,nan,nan,nan,nan,nan,nan,nan,nan,nan,3.10938,3.07617,3.11914,3.08398,3.12305,3.08789,3.12109,3.08789,3.11328,3.13867,3.10156,3.11914,3.13477,3.09961,3.10742,3.11328,3.11328,3.13477,3.125,3.13867,3.125,3.0918,3.05664,3.01758,2.97852,2.92383,2.86523,2.78516,2.77148,2.74023,2.72852,2.7168,2.6875,2.67578,2.66406,2.6543,2.64258,2.63281,2.62305,2.61328,2.60352,2.59375,2.58398,2.57617,2.56641,2.55859,2.54883,2.54102,2.5332,2.52539,2.51758,2.50977,2.50195,2.49414,2.48828,2.48047,2.47266,2.4668,2.46094,2.45312,2.44727
nan,nan,nan,nan,nan,nan,nan,nan,nan,nan,nan,nan,nan,nan,nan,nan,nan,nan,nan,nan,nan,nan,nan,nan,nan,nan,nan,nan,nan,nan,nan,nan,nan,nan,nan,nan,nan,nan,nan,nan,nan,nan,nan,nan,nan,nan,nan,nan,nan,nan,nan,nan,nan,nan,nan,nan,nan,nan,nan,nan,nan,nan,nan,nan,nan,nan,nan,nan,nan,nan,nan,nan,nan,nan,nan,nan,nan,nan,nan,nan,nan,nan,nan,nan,nan,nan,3.09766,3.06641,3.10742,3.07617,3.11328,3.08008,3.11328,3.08008,3.10742,3.13281,3.09766,3.11523,3.13086,3.14062,3.10547,3.11133,3.11133,3.13672,3.12695,3.13086,3.13672,3.10547,3.07227,3.03516,2.99805,2.95703,2.90234,2.84375,2.8125,2.7832,2.76953,2.74023,2.72852,2.69922,2.6875,2.67578,2.64844,2.63672,2.62695,2.61719,2.60742,2.59766,2.58789,2.57812,2.57031,2.56055,2.55273,2.54297,2.53516,2.52734,2.51953,2.51172,2.50391,2.49609,2.48828,2.48047,2.47461,2.4668,2.46094,2.45312,2.44727,2.43945,2.43359,2.42773
nan,nan,nan,nan,nan,nan,nan,nan,nan,nan,nan,nan,nan,nan,nan,nan,nan,nan,nan,nan,nan,nan,nan,nan,nan,nan,nan,nan,nan,nan,nan,nan,nan,nan,nan,nan,nan,nan,nan,nan,nan,nan,nan,nan,nan,nan,nan,nan,nan,nan,nan,nan,nan,nan,nan,nan,nan,nan,nan,nan,nan,nan,nan,nan,nan,nan,nan,nan,nan,nan,nan,nan,nan,nan,nan,nan,nan,nan,nan,nan,nan,nan,3.12695,3.08594,3.05664,3.09766,3.06641,3.10352,3.07227,3.10352,3.13867,3.09961,3.125,3.0918,3.10938,3.125,3.13867,3.10352,3.10938,3.11133,3.13867,3.12891,3.13672,3.13867,3.11523,3.08203,3.05273,3.01562,2.97852,2.92578,2.88281,2.85156,2.82227,2.80859,2.7793,2.76562,2.73828,2.72656,2.69922,2.6875,2.66016,2.64844,2.62109,2.61133,2.60156,2.5918,2.58203,2.57227,2.5625,2.55469,2.54492,2.53711,2.5293,2.52148,2.51172,2.50391,2.49609,2.49023,2.48242,2.47461,2.4668,2.46094,2.45312,2.44727,2.43945,2.43359,2.42773,2.41992,2.41406,2.4082
nan,nan,nan,nan,nan,nan,nan,nan,nan,nan,nan,nan,nan,nan,nan,nan,nan,nan,nan,nan,nan,nan,nan,nan,nan,nan,nan,nan,nan,nan,nan,nan,nan,nan,nan,nan,nan,nan,nan,nan,nan,nan,nan,nan,nan,nan,nan,nan,nan,nan,nan,nan,nan,nan,nan,nan,nan,nan,nan,nan,nan,nan,nan,nan,nan,nan,nan,nan,nan,nan,nan,nan,nan,nan,nan,nan,nan,nan,nan,3.11328,3.07617,3.12891,3.08789,3.13672,3.0957,3.13672,3.0957,3.13086,3.09375,3.11914,3.08594,3.10547,3.12109,3.13477,3.09961,3.10742,3.11133,3.11133,3.13281,3.12109,3.13672,3.125,3.0957,3.0625,3.0332,2.99609,2.95703,2.9043,2.875,2.85938,2.83008,2.81641,2.78906,2.77539,2.76172,2.73438,2.72266,2.69531,2.68555,2.6582,2.64844,2.62109,2.61133,2.58594,2.57617,2.56641,2.55664,2.54883,2.53906,2.53125,2.52148,2.51367,2.50586,2.49805,2.49023,2.48242,2.47461,2.46875,2.46094,2.45312,2.44727,2.43945,2.43359,2.42578,2.41992,2.41406,2.4082,2.40039,2.39453,2.38867
nan,nan,nan,nan,nan,nan,nan,nan,nan,nan,nan,nan,nan,nan,nan,nan,nan,nan,nan,nan,nan,nan,nan,nan,nan,nan,nan,nan,nan,nan,nan,nan,nan,nan,nan,nan,nan,nan,nan,nan,nan,nan,nan,nan,nan,nan,nan,nan,nan,nan,nan,nan,nan,nan,nan,nan,nan,nan,nan,nan,nan,nan,nan,nan,nan,nan,nan,nan,nan,nan,nan,nan,nan,nan,nan,nan,3.09961,3.06641,3.11523,3.07812,3.125,3.08594,3.12695,3.08789,3.12109,3.08594,3.11328,3.13867,3.09961,3.11719,3.13281,3.09766,3.10547,3.10938,3.11133,3.13672,3.125,3.12891,3.13672,3.10742,3.07617,3.04883,3.01367,2.97656,2.9375,2.91016,2.89258,2.86523,2.84961,2.82227,2.80859,2.78125,2.76758,2.74219,2.73047,2.70508,2.69336,2.68164,2.65625,2.64648,2.62109,2.61133,2.58594,2.57617,2.55078,2.54102,2.5332,2.52344,2.51562,2.50781,2.5,2.49219,2.48438,2.47656,2.46875,2.46094,2.45312,2.44727,2.43945,2.43359,2.42578,2.41992,2.41211,2.40625,2.40039,2.39453,2.38867,2.38281,2.37695,2.37109
nan,nan,nan,nan,nan,nan,nan,nan,nan,nan,nan,nan,nan,nan,nan,nan,nan,nan,nan,nan,nan,nan,nan,nan,nan,nan,nan,nan,nan,nan,nan,nan,nan,nan,nan,nan,nan,nan,nan,nan,nan,nan,nan,nan,nan,nan,nan,nan,nan,nan,nan,nan,nan,nan,nan,nan,nan,nan,nan,nan,nan,nan,nan,nan,nan,nan,nan,nan,nan,nan,nan,nan,3.13477,3.08789,3.05664,3.10352,3.07031,3.11328,3.07812,3.11719,3.08008,3.11328,3.08008,3.10547,3.13281,3.0957,3.11328,3.12891,3.14062,3.10352,3.10938,3.11133,3.14062,3.12891,3.13672,3.14062,3.11719,3.08789,3.05859,3.0293,2.99609,2.9668,2.93945,2.92188,2.89453,2.87891,2.85352,2.83789,2.8125,2.79883,2.77344,2.76172,2.73633,2.72461,2.69922,2.68945,2.66406,2.6543,2.62891,2.61914,2.59375,2.58398,2.57617,2.55078,2.54102,2.51758,2.50977,2.5,2.49219,2.48438,2.47656,2.46875,2.46094,2.45312,2.44727,2.43945,2.43164,2.42578,2.41797,2.41211,2.40625,2.39844,2.39258,2.38672,2.38086,2.375,2.36914,2.36328,2.35742,2.35156
nan,nan,nan,nan,nan,nan,nan,nan,nan,nan,nan,nan,nan,nan,nan,nan,nan,nan,nan,nan,nan,nan,nan,nan,nan,nan,nan,nan,nan,nan,nan,nan,nan,nan,nan,nan,nan,nan,nan,nan,nan,nan,nan,nan,nan,nan,nan,nan,nan,nan,nan,nan,nan,nan,nan,nan,nan,nan,nan,nan,nan,nan,nan,nan,nan,nan,nan,nan,nan,3.11719,3.07812,3.13867,3.09375,3.06055,3.10352,3.06836,3.10742,3.07227,3.10547,3.14062,3.09961,3.12695,3.08984,3.10938,3.12695,3.13867,3.10156,3.10742,3.11133,3.11133,3.13477,3.12305,3.14062,3.125,3.09961,3.07227,3.04102,3.01172,2.98438,2.96484,2.9375,2.91992,2.89453,2.87891,2.85352,2.83984,2.81445,2.80078,2.78711,2.76367,2.75195,2.72852,2.7168,2.69336,2.68359,2.66016,2.64844,2.625,2.61523,2.5918,2.58203,2.55859,2.55078,2.52539,2.51758,2.50977,2.48438,2.47656,2.46875,2.46094,2.45312,2.44727,2.43945,2.43164,2.42578,2.41797,2.41211,2.4043,2.39844,2.39258,2.38477,2.37891,2.37305,2.36719,2.36133,2.35547,2.34961,2.34375,2.33789,2.33398
nan,nan,nan,nan,nan,nan,nan,nan,nan,nan,nan,nan,nan,nan,nan,nan,nan,nan,nan,nan,nan,nan,nan,nan,nan,nan,nan,nan,nan,nan,nan,nan,nan,nan,nan,nan,nan,nan,nan,nan,nan,nan,nan,nan,nan,nan,nan,nan,nan,nan,nan,nan,nan,nan,nan,nan,nan,nan,nan,nan,nan,nan,nan,nan,nan,nan,3.10352,3.06836,3.12305,3.08203,3.13867,3.09375,3.06055,3.09766,3.06641,3.09766,3.13281,3.09375,3.12109,3.08398,3.10547,3.12305,3.13672,3.09961,3.10742,3.11133,3.11328,3.13867,3.12695,3.13281,3.13672,3.10742,3.08203,3.05469,3.0293,3.00391,2.98242,2.95898,2.93945,2.91602,2.89844,2.87695,2.86133,2.83789,2.82422,2.80273,2.78906,2.76758,2.75391,2.73242,2.7207,2.69727,2.6875,2.67578,2.6543,2.64453,2.62109,2.61133,2.58984,2.58008,2.55664,2.54883,2.52539,2.51562,2.49414,2.48438,2.46094,2.45312,2.44727,2.43945,2.43164,2.42383,2.41797,2.41016,2.4043,2.39648,2.39062,2.38477,2.37695,2.37109,2.36523,2.35938,2.35352,2.34766,2.3418,2.33594,2.33008,2.32617,2.32031,2.31445
nan,nan,nan,nan,nan,nan,nan,nan,nan,nan,nan,nan,nan,nan,nan,nan,nan,nan,nan,nan,nan,nan,nan,nan,nan,nan,nan,nan,nan,nan,nan,nan,nan,nan,nan,nan,nan,nan,nan,nan,nan,nan,nan,nan,nan,nan,nan,nan,nan,nan,nan,nan,nan,nan,nan,nan,nan,nan,nan,nan,nan,nan,nan,3.0918,3.05664,3.11133,3.07227,3.125,3.08398,3.13281,3.08984,3.13281,3.08984,3.125,3.08789,3.11523,3.08008,3.10156,3.11914,3.13477,3.09766,3.10742,3.11133,3.11328,3.11133,3.13477,3.12109,3.13672,3.12109,3.08789,3.0625,3.03711,3.01562,2.99219,2.9707,2.95117,2.93164,2.91406,2.89258,2.87695,2.85742,2.8418,2.82227,2.80859,2.78711,2.77539,2.75391,2.74219,2.72266,2.71094,2.68945,2.67773,2.6582,2.64648,2.625,2.61523,2.59375,2.58398,2.57617,2.55469,2.54492,2.52344,2.51562,2.49219,2.48438,2.46094,2.45508,2.43164,2.42383,2.41602,2.41016,2.40234,2.39648,2.38867,2.38281,2.37695,2.36914,2.36328,2.35742,2.35156,2.3457,2.33984,2.33398,2.32812,2.32227,2.31836,2.3125,2.30664,2.30078,2.29688
nan,nan,nan,nan,nan,nan,nan,nan,nan,nan,nan,nan,nan,nan,nan,nan,nan,nan,nan,nan,nan,nan,nan,nan,nan,nan,nan,nan,nan,nan,nan,nan,nan,nan,nan,nan,nan,nan,nan,nan,nan,nan,nan,nan,nan,nan,nan,nan,nan,nan,nan,nan,nan,nan,nan,nan,nan,nan,nan,3.125,3.08008,3.04688,3.09766,3.0625,3.11328,3.07422,3.12109,3.08203,3.12305,3.08398,3.11914,3.08008,3.10938,3.13672,3.0957,3.11719,3.13281,3.0957,3.10547,3.11328,3.11523,3.11523,3.14062,3.12695,3.13281,3.11133,3.07812,3.06055,3.0332,3.01562,2.99414,2.97656,2.95703,2.93945,2.92188,2.9043,2.88867,2.86914,2.85547,2.83789,2.82227,2.80469,2.79102,2.77344,2.75977,2.74219,2.73047,2.71094,2.69922,2.67969,2.66992,2.64844,2.63867,2.61914,2.60938,2.58789,2.58008,2.55859,2.55078,2.5293,2.51953,2.49805,2.49023,2.46875,2.46094,2.45312,2.43164,2.42383,2.40234,2.39453,2.38867,2.38086,2.375,2.36719,2.36133,2.35547,2.34961,2.34375,2.33789,2.33203,2.32617,2.32031,2.31445,2.30859,2.30469,2.29883,2.29297,2.28906,2.2832,2.27734
nan,nan,nan,nan,nan,nan,nan,nan,nan,nan,nan,nan,nan,nan,nan,nan,nan,nan,nan,nan,nan,nan,nan,nan,nan,nan,nan,nan,nan,nan,nan,nan,nan,nan,nan,nan,nan,nan,nan,nan,nan,nan,nan,nan,nan,nan,nan,nan,nan,nan,nan,nan,nan,nan,nan,nan,3.10742,3.06836,3.13477,3.08594,3.05273,3.10156,3.06445,3.11133,3.07227,3.11328,3.07617,3.11133,3.07422,3.10352,3.13281,3.0918,3.11328,3.13086,3.09375,3.10547,3.11328,3.11719,3.11719,3.11523,3.13477,3.09766,3.08594,3.05664,3.04492,3.01953,3.00781,2.98633,2.97266,2.95312,2.93945,2.92188,2.9082,2.89062,2.87695,2.86133,2.8457,2.83008,2.81641,2.79883,2.78516,2.76953,2.75586,2.73828,2.72656,2.7168,2.69922,2.6875,2.66992,2.66016,2.64062,2.63086,2.61133,2.60156,2.58203,2.57422,2.55273,2.54492,2.52539,2.51562,2.49609,2.48828,2.4668,2.45898,2.4375,2.42969,2.4082,2.40234,2.37891,2.37305,2.36523,2.35938,2.35352,2.34766,2.3418,2.33398,2.32812,2.32227,2.31641,2.3125,2.30664,2.30078,2.29492,2.29102,2.28516,2.2793,2.27539,2.26953,2.26562,2.25977
nan,nan,nan,nan,nan,nan,nan,nan,nan,nan,nan,nan,nan,nan,nan,nan,nan,nan,nan,nan,nan,nan,nan,nan,nan,nan,nan,nan,nan,nan,nan,nan,nan,nan,nan,nan,nan,nan,nan,nan,nan,nan,nan,nan,nan,nan,nan,nan,nan,nan,nan,nan,nan,3.09375,3.05664,3.02734,3.00391,3.04492,3.08984,3.05664,3.10156,3.06445,3.10547,3.06836,3.10352,3.06836,3.09766,3.12695,3.08789,3.10938,3.12891,3.08984,3.10352,3.11328,3.11914,3.08398,3.08594,3.05469,3.05469,3.05078,3.02539,3.01953,2.99609,2.98828,2.96875,2.95898,2.94141,2.93164,2.91406,2.9043,2.89062,2.875,2.86328,2.84766,2.83398,2.82031,2.80664,2.79492,2.7793,2.76758,2.75195,2.74023,2.72266,2.71289,2.69531,2.68555,2.66797,2.6582,2.64062,2.63086,2.61133,2.60352,2.58398,2.57617,2.55664,2.54688,2.53906,2.51953,2.51172,2.49219,2.48438,2.46484,2.45703,2.43555,2.42969,2.4082,2.40039,2.37891,2.37305,2.35156,2.34375,2.33789,2.33203,2.32617,2.32031,2.31445,2.30859,2.30273,2.29688,2.29297,2.28711,2.28125,2.27539,2.27148,2.26562,2.26172,2.25586,2.25195,2.24609,2.24219
nan,nan,nan,nan,nan,nan,nan,nan,nan,nan,nan,nan,nan,nan,nan,nan,nan,nan,nan,nan,nan,nan,nan,nan,nan,nan,nan,nan,nan,nan,nan,nan,nan,nan,nan,nan,nan,nan,nan,nan,nan,nan,nan,nan,nan,nan,nan,nan,nan,3.13281,3.08203,3.04688,3.01953,2.99609,2.97461,2.95508,2.93945,2.9668,2.94922,2.97656,3.00391,2.98242,3.00781,3.0332,3.00977,3.03125,3.05273,3.02539,3.04297,3.01758,3.0293,3.04102,3.01562,3.02344,3,3.00391,3.00586,2.98438,2.98438,2.96484,2.96094,2.94336,2.93945,2.92188,2.91602,2.9082,2.89258,2.88281,2.86914,2.85938,2.84375,2.83398,2.82031,2.80859,2.79688,2.7832,2.77148,2.75781,2.74609,2.73242,2.72266,2.70703,2.69727,2.68164,2.67188,2.6543,2.64453,2.62891,2.61914,2.60156,2.59375,2.57617,2.56641,2.54883,2.54102,2.52148,2.51367,2.49414,2.48828,2.46875,2.46094,2.44141,2.43359,2.41211,2.40625,2.38477,2.37891,2.37305,2.35156,2.3457,2.32422,2.31641,2.31055,2.30469,2.30078,2.29492,2.28906,2.2832,2.27734,2.27344,2.26758,2.26172,2.25781,2.25195,2.24805,2.24219,2.23828,2.23438,2.22852,2.22461
nan,nan,nan,nan,nan,nan,nan,nan,nan,nan,nan,nan,nan,nan,nan,nan,nan,nan,nan,nan,nan,nan,nan,nan,nan,nan,nan,nan,nan,nan,nan,nan,nan,nan,nan,nan,nan,nan,nan,nan,nan,nan,nan,nan,nan,nan,3.11328,3.06836,3.03516,3.00977,2.98633,2.9668,2.94727,2.93164,2.91602,2.90039,2.88672,2.875,2.89648,2.91797,2.90234,2.92383,2.94336,2.92578,2.94531,2.96094,2.94336,2.95703,2.93945,2.95117,2.96289,2.94336,2.95117,2.93359,2.93945,2.94336,2.92578,2.92773,2.91016,2.91016,2.89453,2.89258,2.87695,2.875,2.86914,2.85547,2.84766,2.83398,2.82617,2.81445,2.80469,2.79297,2.7832,2.77148,2.75977,2.74805,2.73633,2.72656,2.71289,2.70312,2.68945,2.67969,2.66602,2.65625,2.64062,2.63281,2.61719,2.60742,2.5918,2.58398,2.56641,2.55859,2.54102,2.5332,2.51562,2.50781,2.49023,2.48242,2.46289,2.45703,2.4375,2.42969,2.41016,2.4043,2.38281,2.37695,2.35742,2.34961,2.33008,2.32422,2.30273,2.29688,2.29102,2.28516,2.2793,2.27344,2.26953,2.26367,2.25781,2.25391,2.24805,2.24414,2.23828,2.23438,2.22852,2.22461,2.2207,2.21484,2.21094,2.20703
nan,nan,nan,nan,nan,nan,nan,nan,nan,nan,nan,nan,nan,nan,nan,nan,nan,nan,nan,nan,nan,nan,nan,nan,nan,nan,nan,nan,nan,nan,nan,nan,nan,nan,nan,nan,nan,nan,nan,nan,nan,nan,nan,3.09766,3.05664,3.02539,3,2.97852,2.95703,2.93945,2.92188,2.9082,2.89258,2.87891,2.86719,2.85352,2.8418,2.83203,2.84961,2.83984,2.85742,2.87305,2.86133,2.87695,2.89258,2.87891,2.89062,2.87695,2.88867,2.89844,2.88477,2.89258,2.87695,2.88477,2.88867,2.875,2.87695,2.86328,2.86328,2.85156,2.84961,2.84766,2.83398,2.83203,2.81836,2.81445,2.80078,2.79492,2.7832,2.77539,2.76562,2.75586,2.74609,2.73633,2.72656,2.71484,2.70312,2.69336,2.68164,2.67188,2.6582,2.65039,2.63672,2.62695,2.61328,2.60352,2.58789,2.58008,2.56445,2.55664,2.54102,2.5332,2.51562,2.50781,2.49023,2.48242,2.46484,2.45703,2.43945,2.43164,2.42578,2.40625,2.40039,2.38086,2.375,2.35547,2.34961,2.32812,2.32227,2.30273,2.29688,2.27539,2.26953,2.26562,2.25977,2.25391,2.25,2.24414,2.23828,2.23438,2.22852,2.22461,2.2207,2.21484,2.21094,2.20703,2.20117,2.19727,2.19336,2.18945
nan,nan,nan,nan,nan,nan,nan,nan,nan,nan,nan,nan,nan,nan,nan,nan,nan,nan,nan,nan,nan,nan,nan,nan,nan,nan,nan,nan,nan,nan,nan,nan,nan,nan,nan,nan,nan,nan,nan,nan,3.08398,3.04492,3.01562,2.99023,2.96875,2.94922,2.93164,2.91406,2.89844,2.88477,2.87109,2.85938,2.8457,2.83398,2.82422,2.8125,2.80273,2.79297,2.78516,2.80078,2.81641,2.80469,2.82031,2.80859,2.82227,2.83398,2.82227,2.83398,2.84375,2.83203,2.83984,2.82812,2.83398,2.83984,2.82812,2.83008,2.81836,2.82031,2.82227,2.81055,2.80859,2.79688,2.79492,2.7832,2.78125,2.76953,2.76367,2.75391,2.74805,2.74023,2.73047,2.72266,2.71289,2.70312,2.69336,2.68359,2.67383,2.66211,2.6543,2.64258,2.63281,2.62109,2.61133,2.59766,2.58984,2.57617,2.56836,2.55273,2.54492,2.53125,2.52344,2.50586,2.5,2.48242,2.47656,2.45898,2.45117,2.43359,2.42773,2.41016,2.40234,2.38477,2.37891,2.35938,2.35352,2.33398,2.32812,2.30664,2.30273,2.28125,2.27539,2.25586,2.25,2.24414,2.24023,2.23438,2.22852,2.22461,2.21875,2.21484,2.21094,2.20508,2.20117,2.19727,2.19141,2.1875,2.18359,2.17969,2.17578,2.17188
nan,nan,nan,nan,nan,nan,nan,nan,nan,nan,nan,nan,nan,nan,nan,nan,nan,nan,nan,nan,nan,nan,nan,nan,nan,nan,nan,nan,nan,nan,nan,nan,nan,nan,nan,nan,3.12109,3.07031,3.0332,3.00586,2.98047,2.95898,2.93945,2.92188,2.90625,2.89062,2.87695,2.86328,2.84961,2.83789,2.82617,2.81641,2.80469,2.79492,2.78516,2.77734,2.76758,2.75781,2.75,2.74219,2.75586,2.76953,2.75977,2.77344,2.7832,2.77539,2.78516,2.79492,2.7832,2.79297,2.78125,2.78906,2.79492,2.7832,2.78906,2.77734,2.78125,2.7832,2.77148,2.77148,2.76172,2.75977,2.75,2.74805,2.74414,2.73438,2.73047,2.7207,2.71484,2.70508,2.69727,2.6875,2.67969,2.67188,2.66211,2.65234,2.64258,2.63477,2.625,2.61523,2.60352,2.5957,2.58398,2.57617,2.5625,2.55469,2.54102,2.5332,2.51953,2.51172,2.49805,2.49023,2.47461,2.46875,2.45117,2.44531,2.42773,2.42188,2.4043,2.39844,2.38086,2.375,2.35547,2.34961,2.33203,2.32617,2.30664,2.30078,2.28125,2.27539,2.25586,2.25,2.23047,2.22461,2.21875,2.21484,2.20898,2.20508,2.20117,2.19531,2.19141,2.1875,2.18359,2.17773,2.17383,2.16992,2.16602,2.16211,2.1582,2.1543
nan,nan,nan,nan,nan,nan,nan,nan,nan,nan,nan,nan,nan,nan,nan,nan,nan,nan,nan,nan,nan,nan,nan,nan,nan,nan,nan,nan,nan,nan,nan,nan,nan,3.10156,3.05664,3.02344,2.99609,2.9707,2.95117,2.93164,2.91406,2.89844,2.88281,2.86914,2.85547,2.8418,2.83008,2.81836,2.80859,2.79688,2.78711,2.77734,2.76758,2.75977,2.75,2.74219,2.73438,2.72656,2.71875,2.71094,2.72266,2.7168,2.72656,2.73828,2.73047,2.74023,2.75,2.74023,2.74805,2.75586,2.74609,2.75195,2.74414,2.74805,2.73828,2.74219,2.74414,2.73438,2.73633,2.72656,2.72656,2.7168,2.7168,2.71484,2.70508,2.70117,2.69141,2.6875,2.67773,2.67188,2.66406,2.65625,2.64844,2.64062,2.63281,2.62305,2.61523,2.60547,2.5957,2.58789,2.57617,2.56836,2.55664,2.54883,2.53711,2.5293,2.51562,2.50781,2.49414,2.48828,2.47266,2.4668,2.45117,2.44336,2.42773,2.42188,2.4043,2.39844,2.38086,2.375,2.35742,2.35156,2.33398,2.32812,2.30859,2.30469,2.28516,2.2793,2.25977,2.25391,2.23438,2.23047,2.20898,2.20508,2.19922,2.19531,2.19141,2.18555,2.18164,2.17773,2.17188,2.16797,2.16406,2.16016,2.15625,2.15234,2.14844,2.14453,2.14062,2.13672
nan,nan,nan,nan,nan,nan,nan,nan,nan,nan,nan,nan,nan,nan,nan,nan,nan,nan,nan,nan,nan,nan,nan,nan,nan,nan,nan,nan,nan,nan,3.08594,3.04492,3.01172,2.98438,2.96094,2.94141,2.92188,2.9043,2.88867,2.87305,2.85938,2.8457,2.83398,2.82227,2.81055,2.79883,2.78906,2.7793,2.76953,2.75977,2.75,2.74219,2.73438,2.72656,2.71875,2.71094,2.70312,2.69531,2.68945,2.68164,2.67578,2.68555,2.69727,2.68945,2.69922,2.70898,2.70117,2.70898,2.71484,2.70703,2.71289,2.70508,2.71094,2.71484,2.70703,2.70898,2.70117,2.70312,2.69336,2.69531,2.69336,2.68555,2.68359,2.67578,2.67383,2.66406,2.66016,2.65234,2.64844,2.64258,2.63477,2.62695,2.61914,2.61133,2.60352,2.5957,2.58789,2.57812,2.57031,2.56055,2.55273,2.54297,2.53516,2.52344,2.51562,2.50391,2.49609,2.48438,2.47656,2.46289,2.45703,2.44141,2.43555,2.41992,2.41406,2.39844,2.39258,2.375,2.36914,2.35352,2.34766,2.33008,2.32422,2.30664,2.30078,2.2832,2.27734,2.25781,2.25391,2.23438,2.22852,2.20898,2.20508,2.18555,2.17969,2.17578,2.17188,2.16602,2.16211,2.1582,2.1543,2.15039,2.14648,2.14258,2.13867,2.13477,2.13086,2.12695,2.12305,2.11914
nan,nan,nan,nan,nan,nan,nan,nan,nan,nan,nan,nan,nan,nan,nan,nan,nan,nan,nan,nan,nan,nan,nan,nan,nan,nan,3.12891,3.07031,3.03125,3.00195,2.97461,2.95117,2.93164,2.91211,2.89648,2.87891,2.86523,2.85156,2.83789,2.82422,2.8125,2.80078,2.79102,2.7793,2.76953,2.75977,2.75195,2.74219,2.73438,2.72461,2.7168,2.70898,2.70117,2.69336,2.6875,2.67969,2.67383,2.66602,2.66016,2.6543,2.64844,2.6582,2.65039,2.66016,2.66992,2.66211,2.66992,2.67773,2.66992,2.67773,2.66992,2.67383,2.67969,2.67188,2.67578,2.66797,2.66992,2.67188,2.66406,2.66406,2.65625,2.6543,2.64648,2.64453,2.64258,2.63477,2.63086,2.62305,2.61914,2.61133,2.60547,2.59766,2.5918,2.58398,2.57617,2.56836,2.56055,2.55273,2.54492,2.53711,2.52734,2.51562,2.50977,2.49805,2.49023,2.47852,2.47266,2.45898,2.45312,2.43945,2.43164,2.41797,2.41211,2.39648,2.39062,2.375,2.36914,2.35352,2.34766,2.33203,2.32617,2.30859,2.30273,2.28516,2.2793,2.26172,2.25586,2.23828,2.23242,2.21484,2.20898,2.18945,2.18555,2.16602,2.16016,2.15625,2.15234,2.14844,2.14453,2.13867,2.13477,2.13086,2.12695,2.12305,2.12109,2.11719,2.11328,2.10938,2.10547,2.10156
nan,nan,nan,nan,nan,nan,nan,nan,nan,nan,nan,nan,nan,nan,nan,nan,nan,nan,nan,nan,nan,nan,nan,3.10742,3.05664,3.01953,2.99023,2.96484,2.94141,2.92188,2.90234,2.88672,2.87109,2.85547,2.8418,2.82812,2.81641,2.80469,2.79297,2.78125,2.77148,2.76172,2.75195,2.74219,2.73242,2.72461,2.7168,2.70898,2.70117,2.69336,2.68555,2.67773,2.67188,2.66406,2.6582,2.65039,2.64453,2.63867,2.63281,2.62695,2.62109,2.61523,2.625,2.63281,2.62695,2.63477,2.64258,2.63477,2.64258,2.64844,2.64062,2.64453,2.63867,2.64258,2.64453,2.63867,2.64062,2.63281,2.63281,2.62695,2.62695,2.625,2.61914,2.61719,2.60938,2.60547,2.59961,2.5957,2.58789,2.58398,2.57617,2.57031,2.56445,2.55664,2.54883,2.54297,2.5332,2.52734,2.51758,2.51172,2.50195,2.49414,2.48438,2.47656,2.4668,2.45898,2.44727,2.44141,2.42773,2.42188,2.4082,2.40234,2.38867,2.38281,2.36914,2.36328,2.34766,2.3418,2.32617,2.32031,2.30469,2.29883,2.28125,2.27734,2.25977,2.25391,2.23633,2.23047,2.21289,2.20898,2.18945,2.18555,2.16602,2.16016,2.14062,2.13672,2.13281,2.12891,2.125,2.12109,2.11719,2.11328,2.10938,2.10547,2.10156,2.09961,2.0957,2.0918,2.08789,2.08398
nan,nan,nan,nan,nan,nan,nan,nan,nan,nan,nan,nan,nan,nan,nan,nan,nan,nan,nan,nan,3.08984,3.04297,3.00781,2.97852,2.95312,2.93164,2.91211,2.89258,2.87695,2.86133,2.8457,2.83203,2.81836,2.80664,2.79492,2.7832,2.77148,2.76172,2.75195,2.74219,2.73242,2.72461,2.71484,2.70703,2.69922,2.69141,2.68359,2.67578,2.66797,2.66211,2.6543,2.64844,2.64258,2.63672,2.62891,2.62305,2.61719,2.61133,2.60742,2.60156,2.5957,2.58984,2.59961,2.59375,2.60156,2.60742,2.60156,2.60938,2.61328,2.60742,2.61328,2.60742,2.61133,2.61328,2.60742,2.60938,2.60352,2.60547,2.60547,2.59961,2.59766,2.5918,2.58984,2.58398,2.58203,2.57422,2.57227,2.56836,2.56055,2.55664,2.54883,2.54297,2.53711,2.5293,2.52344,2.51562,2.50977,2.50195,2.49609,2.48633,2.48047,2.4707,2.46289,2.45312,2.44727,2.43555,2.42383,2.41797,2.4043,2.39844,2.38477,2.38086,2.36523,2.36133,2.3457,2.33984,2.32422,2.32031,2.30469,2.29883,2.2832,2.27734,2.25977,2.25586,2.23828,2.23438,2.21484,2.21094,2.19336,2.1875,2.16992,2.16602,2.14648,2.14258,2.12109,2.11719,2.11328,2.10938,2.10547,2.10156,2.09961,2.0957,2.0918,2.08789,2.08398,2.08203,2.07812,2.07422,2.07031,2.06836
nan,nan,nan,nan,nan,nan,nan,nan,nan,nan,nan,nan,nan,nan,nan,nan,nan,3.07227,3.0293,2.99609,2.9668,2.94336,2.92188,2.90234,2.88281,2.86719,2.85156,2.83594,2.82227,2.80859,2.79688,2.78516,2.77344,2.76172,2.75195,2.74219,2.73242,2.72266,2.71484,2.70508,2.69727,2.68945,2.68164,2.67383,2.66602,2.66016,2.65234,2.64648,2.63867,2.63281,2.62695,2.62109,2.61328,2.60742,2.60352,2.59766,2.5918,2.58594,2.58203,2.57617,2.57031,2.56641,2.57422,2.56836,2.57617,2.57031,2.57617,2.58203,2.57617,2.58203,2.58594,2.58008,2.58398,2.57812,2.58008,2.58203,2.57617,2.57812,2.57227,2.57227,2.56641,2.56445,2.5625,2.55664,2.55469,2.54883,2.54492,2.53906,2.53516,2.5293,2.52344,2.51758,2.51172,2.50586,2.49805,2.49023,2.48438,2.47656,2.4707,2.46094,2.45508,2.44531,2.43945,2.42969,2.42383,2.41211,2.40625,2.39453,2.38867,2.37695,2.37109,2.35742,2.35156,2.33789,2.33398,2.31836,2.3125,2.29883,2.29297,2.27734,2.27344,2.25586,2.25195,2.23438,2.23047,2.21289,2.20898,2.19141,2.1875,2.16797,2.16406,2.14648,2.14062,2.12305,2.11914,2.09961,2.0957,2.0918,2.08789,2.08398,2.08008,2.07617,2.07422,2.07031,2.06641,2.06445,2.06055,2.05664,2.05469,2.05078
nan,nan,nan,nan,nan,nan,nan,nan,nan,nan,nan,nan,nan,3.11523,3.05664,3.01562,2.98438,2.95703,2.93164,2.91016,2.89062,2.87305,2.85547,2.83984,2.82617,2.8125,2.79883,2.78711,2.77539,2.76367,2.75195,2.74219,2.73242,2.72266,2.71289,2.70508,2.69531,2.6875,2.67969,2.67188,2.66406,2.65625,2.65039,2.64258,2.63477,2.62891,2.62305,2.61719,2.60938,2.60352,2.59766,2.59375,2.58789,2.58203,2.57617,2.57227,2.56641,2.56055,2.55664,2.55273,2.54688,2.54297,2.53711,2.54492,2.55078,2.54688,2.55273,2.54688,2.55273,2.55664,2.55078,2.55469,2.54883,2.55273,2.55469,2.54883,2.55078,2.54492,2.54492,2.54492,2.53906,2.53906,2.5332,2.53125,2.52539,2.52344,2.51758,2.51367,2.50977,2.50391,2.49805,2.49219,2.48633,2.48047,2.47266,2.4668,2.46094,2.45508,2.44531,2.44141,2.43164,2.42578,2.41602,2.41016,2.40039,2.39453,2.38281,2.37109,2.36523,2.35352,2.34766,2.33594,2.33008,2.31641,2.31055,2.29688,2.29102,2.27734,2.27148,2.25586,2.25195,2.23633,2.23047,2.21484,2.21094,2.19336,2.18945,2.17188,2.16602,2.14844,2.14453,2.12695,2.12305,2.10352,2.09961,2.08008,2.07617,2.07227,2.06836,2.06641,2.0625,2.05859,2.05664,2.05273,2.04883,2.04688,2.04297,2.03906,2.03711,2.0332
nan,nan,nan,nan,nan,nan,nan,nan,nan,nan,3.09375,3.04102,3.00195,2.9707,2.94531,2.91992,2.90039,2.88086,2.86328,2.8457,2.83008,2.81641,2.80273,2.78906,2.77539,2.76367,2.75391,2.74219,2.73242,2.72266,2.71289,2.70312,2.69336,2.68555,2.67773,2.66992,2.66211,2.6543,2.64648,2.63867,2.63281,2.625,2.61914,2.61328,2.60547,2.59961,2.59375,2.58789,2.58203,2.57812,2.57227,2.56641,2.56055,2.55664,2.55078,2.54688,2.54102,2.53711,2.5332,2.52734,2.52344,2.51953,2.51562,2.52148,2.51758,2.52344,2.52734,2.52344,2.52734,2.52344,2.52734,2.5293,2.52539,2.52734,2.52344,2.52344,2.52539,2.51953,2.51953,2.51562,2.51367,2.50977,2.50781,2.50586,2.5,2.49805,2.49219,2.48828,2.48242,2.47852,2.47266,2.4668,2.46289,2.45508,2.45117,2.44336,2.43555,2.43164,2.42188,2.41602,2.4082,2.40234,2.39258,2.38672,2.37695,2.37109,2.36133,2.35547,2.34375,2.33789,2.32617,2.32227,2.30859,2.30273,2.28906,2.28516,2.27148,2.26562,2.25195,2.24609,2.23047,2.22656,2.21094,2.20703,2.18945,2.18555,2.16797,2.16406,2.14648,2.14258,2.125,2.12109,2.10352,2.09961,2.08008,2.07617,2.05859,2.05469,2.05078,2.04688,2.04492,2.04102,2.03711,2.03516,2.03125,2.0293,2.02539,2.02344,2.01953,2.01758
nan,nan,nan,nan,nan,nan,nan,3.07422,3.02539,2.98828,2.95898,2.93164,2.91016,2.88867,2.86914,2.85156,2.83398,2.81836,2.80469,2.79102,2.77734,2.76562,2.75391,2.74219,2.73242,2.7207,2.71094,2.70117,2.69141,2.68359,2.67383,2.66602,2.6582,2.65039,2.64258,2.63477,2.62891,2.62109,2.61523,2.60742,2.60156,2.5957,2.58984,2.58398,2.57812,2.57227,2.56641,2.56055,2.55664,2.55078,2.54492,2.54102,2.53516,2.53125,2.52734,2.52148,2.51758,2.51367,2.50977,2.50586,2.5,2.49609,2.49219,2.48828,2.49414,2.5,2.49609,2.5,2.50391,2.5,2.50391,2.49805,2.50195,2.50391,2.49805,2.5,2.49414,2.49609,2.49023,2.49023,2.49023,2.48438,2.48242,2.47852,2.47656,2.4707,2.4668,2.46289,2.45898,2.45312,2.44922,2.44336,2.4375,2.43164,2.42773,2.41992,2.41406,2.4082,2.40234,2.39453,2.38867,2.37891,2.375,2.36523,2.35938,2.34961,2.33789,2.33398,2.32227,2.31641,2.30469,2.29883,2.28711,2.28125,2.26758,2.26367,2.25,2.24609,2.23047,2.22656,2.21094,2.20703,2.19141,2.18555,2.16992,2.16602,2.14844,2.14453,2.12695,2.12305,2.10547,2.10156,2.08398,2.08008,2.0625,2.05859,2.03906,2.03516,2.0332,2.0293,2.02539,2.02344,2.01953,2.01758,2.01367,2.01172,2.00781,2.00586,2.00391,2
nan,nan,nan,3.125,3.05469,3.00977,2.97461,2.94531,2.91992,2.89648,2.87695,2.85742,2.83984,2.82227,2.80859,2.79297,2.7793,2.76562,2.75391,2.74219,2.73047,2.7207,2.70898,2.69922,2.68945,2.68164,2.67188,2.66406,2.65625,2.64648,2.63867,2.63281,2.625,2.61719,2.61133,2.60352,2.59766,2.58984,2.58398,2.57812,2.57227,2.56641,2.56055,2.55664,2.55078,2.54492,2.53906,2.53516,2.5293,2.52539,2.52148,2.51562,2.51172,2.50781,2.50195,2.49805,2.49414,2.49023,2.48633,2.48242,2.47852,2.47461,2.4707,2.4668,2.47266,2.46875,2.47266,2.47656,2.47266,2.47656,2.47266,2.47461,2.47852,2.47266,2.47461,2.4707,2.4707,2.47266,2.4668,2.4668,2.46289,2.46094,2.45703,2.45508,2.45117,2.44727,2.44336,2.43945,2.43555,2.42969,2.42578,2.41992,2.41406,2.41016,2.4043,2.39648,2.39258,2.38477,2.37891,2.37109,2.36719,2.35742,2.35156,2.3418,2.33789,2.32812,2.32227,2.3125,2.30664,2.29492,2.29102,2.2793,2.27344,2.26172,2.25586,2.24219,2.23828,2.22461,2.2207,2.20508,2.20117,2.18555,2.18164,2.16602,2.16211,2.14648,2.14258,2.125,2.12109,2.10547,2.10156,2.08398,2.08008,2.0625,2.04297,2.03906,2.02148,2.01758,2.01367,2.01172,2.00781,2.00586,2.00195,2,1.99707,1.99414,1.99121,1.98828,1.98633,1.9834
3.09961,3.03906,2.99609,2.96094,2.93359,2.9082,2.88477,2.86523,2.8457,2.82812,2.81055,2.79688,2.78125,2.76758,2.75391,2.74219,2.73047,2.71875,2.70898,2.69727,2.6875,2.67773,2.66992,2.66016,2.65234,2.64453,2.63477,2.62695,2.62109,2.61328,2.60547,2.59961,2.5918,2.58594,2.58008,2.57227,2.56641,2.56055,2.55469,2.55078,2.54492,2.53906,2.5332,2.5293,2.52344,2.51953,2.51367,2.50977,2.50391,2.5,2.49609,2.49219,2.48828,2.48438,2.47852,2.47461,2.4707,2.4668,2.46484,2.46094,2.45703,2.45312,2.44922,2.44727,2.45117,2.44727,2.45117,2.44727,2.45117,2.45508,2.45117,2.45312,2.44922,2.45117,2.45117,2.44727,2.44922,2.44336,2.44336,2.44336,2.43945,2.4375,2.43359,2.43164,2.42773,2.42383,2.41992,2.41602,2.41211,2.40625,2.40234,2.39844,2.39258,2.38672,2.38086,2.37695,2.36914,2.36523,2.35742,2.35156,2.34375,2.33984,2.33008,2.32617,2.31641,2.30469,2.30078,2.28906,2.28516,2.27344,2.26953,2.25781,2.25391,2.24023,2.23633,2.22266,2.21875,2.20312,2.19922,2.18555,2.18164,2.16602,2.16211,2.14648,2.14258,2.12695,2.12305,2.10547,2.10352,2.08594,2.08203,2.06445,2.06055,2.04297,2.03906,2.02148,2.01758,1.99902,1.99609,1.99316,1.99023,1.9873,1.98535,1.98242,1.97949,1.97656,1.97461,1.97168,1.96973,1.9668
2.94727,2.91992,2.89453,2.87305,2.85156,2.83203,2.81445,2.79883,2.7832,2.76953,2.75586,2.74219,2.73047,2.71875,2.70703,2.69531,2.68555,2.67578,2.66602,2.65625,2.64844,2.64062,2.63086,2.62305,2.61523,2.60742,2.60156,2.59375,2.58594,2.58008,2.57422,2.56641,2.56055,2.55469,2.54883,2.54297,2.53711,2.5332,2.52734,2.52148,2.51758,2.51172,2.50781,2.50195,2.49805,2.49414,2.48828,2.48438,2.48047,2.47656,2.47266,2.46875,2.46484,2.46094,2.45703,2.45312,2.44922,2.44531,2.44141,2.43945,2.43555,2.43164,2.42773,2.42578,2.42188,2.42578,2.42969,2.42578,2.42969,2.42578,2.42773,2.43164,2.42773,2.42773,2.42383,2.42578,2.42578,2.42188,2.42188,2.41797,2.41602,2.41211,2.41016,2.4082,2.4043,2.40039,2.39648,2.39258,2.38867,2.38477,2.38086,2.375,2.37109,2.36523,2.35938,2.35352,2.34766,2.3418,2.33398,2.33008,2.32227,2.31836,2.30859,2.30469,2.29492,2.29102,2.2793,2.27539,2.26367,2.25977,2.24805,2.24414,2.23242,2.22852,2.21484,2.21094,2.19727,2.19336,2.17969,2.17578,2.16211,2.1582,2.14258,2.12695,2.12305,2.10742,2.10352,2.08594,2.08398,2.06641,2.0625,2.04492,2.04297,2.02344,2.02148,2.00195,2,1.98047,1.97852,1.97559,1.97266,1.96973,1.96777,1.96484,1.96191,1.95996,1.95703,1.95508,1.95215,1.9502
2.85938,2.83789,2.82031,2.80273,2.78516,2.77148,2.75586,2.74219,2.73047,2.7168,2.70508,2.69336,2.68359,2.67383,2.66406,2.6543,2.64453,2.63477,2.62695,2.61914,2.61133,2.60352,2.5957,2.58789,2.58008,2.57422,2.56836,2.56055,2.55469,2.54883,2.54297,2.53711,2.53125,2.52539,2.51953,2.51562,2.50977,2.50391,2.5,2.49414,2.49023,2.48633,2.48047,2.47656,2.47266,2.46875,2.46484,2.46094,2.45703,2.45312,2.44922,2.44531,2.44141,2.4375,2.43359,2.42969,2.42773,2.42383,2.41992,2.41797,2.41406,2.41016,2.4082,2.4043,2.40234,2.40625,2.40234,2.40625,2.4082,2.4043,2.4082,2.4043,2.40625,2.40625,2.40234,2.4043,2.40039,2.40039,2.39844,2.39648,2.39453,2.39062,2.38867,2.38477,2.38281,2.37891,2.375,2.37109,2.36719,2.36133,2.35742,2.35352,2.34961,2.34375,2.33984,2.33203,2.32812,2.32031,2.31641,2.30859,2.30078,2.29688,2.28711,2.2832,2.27344,2.26953,2.25781,2.25391,2.24414,2.24023,2.22852,2.22461,2.21094,2.20703,2.19531,2.19141,2.17773,2.17383,2.16016,2.15625,2.14258,2.13867,2.12305,2.11914,2.10352,2.10156,2.08398,2.08203,2.06445,2.0625,2.04492,2.04102,2.02344,2.02148,2.00195,2,1.98145,1.96289,1.95996,1.95801,1.95508,1.95215,1.9502,1.94727,1.94531,1.94238,1.94043,1.93848,1.93555,1.93359
2.78906,2.77148,2.75781,2.74219,2.72852,2.7168,2.70312,2.69141,2.67969,2.66992,2.66016,2.65039,2.64062,2.63086,2.62109,2.61328,2.60547,2.59766,2.58984,2.58203,2.57422,2.56836,2.56055,2.55469,2.54688,2.54102,2.53516,2.5293,2.52344,2.51758,2.51172,2.50781,2.50195,2.49609,2.49219,2.48633,2.48242,2.47852,2.47266,2.46875,2.46484,2.46094,2.45508,2.45117,2.44727,2.44336,2.43945,2.43555,2.43164,2.42969,2.42578,2.42188,2.41797,2.41602,2.41211,2.4082,2.40625,2.40234,2.39844,2.39648,2.39258,2.39062,2.38672,2.38477,2.38281,2.38477,2.38281,2.38477,2.38281,2.38477,2.38672,2.38281,2.38477,2.38086,2.38086,2.38281,2.37891,2.37891,2.375,2.37305,2.37109,2.36914,2.36719,2.36328,2.35938,2.35547,2.35352,2.34961,2.3457,2.3418,2.33594,2.33203,2.32812,2.32031,2.31641,2.31055,2.30664,2.29883,2.29492,2.28711,2.2832,2.27539,2.27148,2.26172,2.25781,2.24805,2.24414,2.23438,2.23047,2.21875,2.21484,2.20312,2.19141,2.1875,2.17383,2.17188,2.1582,2.1543,2.14062,2.13672,2.12109,2.11914,2.10352,2.09961,2.08398,2.08203,2.06445,2.0625,2.04492,2.04297,2.02539,2.02344,2.00586,2.00195,1.98438,1.98242,1.96387,1.96094,1.94238,1.93945,1.9375,1.93457,1.93262,1.93066,1.92773,1.92578,1.92383,1.92188,1.91895,1.91699
2.72852,2.71484,2.70117,2.68945,2.67773,2.66602,2.65625,2.64453,2.63477,2.625,2.61719,2.60742,2.59961,2.5918,2.58398,2.57617,2.56836,2.56055,2.55469,2.54688,2.54102,2.5332,2.52734,2.52148,2.51562,2.50977,2.50391,2.49805,2.49414,2.48828,2.48438,2.47852,2.47461,2.46875,2.46484,2.45898,2.45508,2.45117,2.44727,2.44336,2.43945,2.43555,2.43164,2.42773,2.42383,2.41992,2.41602,2.41211,2.41016,2.40625,2.40234,2.40039,2.39648,2.39258,2.39062,2.38672,2.38477,2.38086,2.37891,2.375,2.37305,2.36914,2.36719,2.36523,2.36133,2.35938,2.36328,2.36523,2.36133,2.36328,2.36133,2.36328,2.36328,2.36133,2.36133,2.35742,2.35742,2.35742,2.35352,2.35156,2.34961,2.34766,2.34375,2.3418,2.33789,2.33594,2.33203,2.32812,2.32422,2.32031,2.31445,2.31055,2.30664,2.30273,2.29688,2.29297,2.28516,2.27734,2.27539,2.26562,2.26367,2.25391,2.25,2.24023,2.23828,2.22656,2.22461,2.21289,2.20898,2.19922,2.19531,2.18359,2.17969,2.16797,2.16406,2.15039,2.14844,2.13477,2.13086,2.11719,2.11328,2.09961,2.0957,2.08203,2.07812,2.0625,2.04688,2.04297,2.02734,2.02344,2.00781,2.00391,1.9873,1.98438,1.9668,1.96387,1.94531,1.94336,1.9248,1.92188,1.91992,1.91797,1.91504,1.91309,1.91113,1.90918,1.90723,1.90527,1.90332,1.90039
2.67383,2.66211,2.65039,2.64062,2.63086,2.62109,2.61133,2.60156,2.59375,2.58398,2.57617,2.56836,2.56055,2.55273,2.54688,2.53906,2.5332,2.52539,2.51953,2.51367,2.50781,2.50195,2.49609,2.49023,2.48438,2.48047,2.47461,2.46875,2.46484,2.45898,2.45508,2.45117,2.44531,2.44141,2.4375,2.43359,2.42969,2.42578,2.42188,2.41797,2.41406,2.41016,2.40625,2.40234,2.40039,2.39648,2.39258,2.39062,2.38672,2.38281,2.38086,2.37695,2.375,2.37109,2.36914,2.36523,2.36328,2.36133,2.35742,2.35547,2.35156,2.34961,2.34766,2.3457,2.3418,2.33984,2.3418,2.33984,2.3418,2.34375,2.3418,2.3418,2.33984,2.33984,2.33984,2.33789,2.33594,2.33398,2.33203,2.33008,2.32812,2.32617,2.32227,2.32031,2.31641,2.31445,2.31055,2.30664,2.30273,2.29883,2.29297,2.29102,2.28516,2.28125,2.27539,2.27148,2.26367,2.26172,2.25391,2.25,2.24219,2.23828,2.23047,2.22656,2.2168,2.20703,2.20312,2.19336,2.18945,2.17773,2.17578,2.16406,2.16016,2.14844,2.14453,2.13086,2.12891,2.11523,2.11133,2.09766,2.09375,2.08008,2.07812,2.0625,2.05859,2.04297,2.04102,2.02539,2.02148,2.00586,2.00391,1.98633,1.9834,1.96582,1.96387,1.94629,1.92773,1.92578,1.90625,1.9043,1.90234,1.90039,1.89844,1.89648,1.89453,1.89258,1.89062,1.88867,1.88672,1.88477
2.625,2.61523,2.60352,2.5957,2.58594,2.57812,2.56836,2.56055,2.55273,2.54492,2.53711,2.53125,2.52344,2.51758,2.50977,2.50391,2.49805,2.49219,2.48633,2.48047,2.47461,2.4707,2.46484,2.45898,2.45508,2.44922,2.44531,2.44141,2.43555,2.43164,2.42773,2.42383,2.41992,2.41602,2.41211,2.4082,2.4043,2.40039,2.39648,2.39258,2.38867,2.38672,2.38281,2.37891,2.37695,2.37305,2.36914,2.36719,2.36328,2.36133,2.35742,2.35547,2.35352,2.34961,2.34766,2.3457,2.3418,2.33984,2.33789,2.33398,2.33203,2.33008,2.32812,2.32617,2.32422,2.32031,2.32227,2.32031,2.32227,2.32422,2.32227,2.32227,2.32031,2.32031,2.31641,2.31641,2.31641,2.31445,2.3125,2.30859,2.30859,2.30469,2.30273,2.29883,2.29688,2.29297,2.28906,2.28516,2.2832,2.27734,2.27539,2.26953,2.26758,2.25977,2.25391,2.25195,2.24414,2.24023,2.23242,2.23047,2.2207,2.21875,2.20898,2.20703,2.19727,2.19336,2.18359,2.17969,2.16992,2.16602,2.1543,2.15234,2.14062,2.12695,2.125,2.11133,2.10938,2.0957,2.0918,2.07812,2.07617,2.06055,2.05859,2.04297,2.04102,2.02539,2.02148,2.00586,2.00391,1.9873,1.98438,1.96777,1.96582,1.94824,1.94531,1.92773,1.92578,1.90723,1.90527,1.88672,1.88477,1.88281,1.88086,1.87891,1.87695,1.875,1.87402,1.87207,1.87012,1.86816
2.57812,2.56836,2.56055,2.55273,2.54297,2.53516,2.5293,2.52148,2.51367,2.50781,2.5,2.49414,2.48828,2.48242,2.47656,2.4707,2.46484,2.45898,2.45312,2.44922,2.44336,2.43945,2.43359,2.42969,2.42578,2.41992,2.41602,2.41211,2.4082,2.4043,2.40039,2.39648,2.39258,2.38867,2.38477,2.38086,2.37891,2.375,2.37109,2.36914,2.36523,2.36133,2.35938,2.35547,2.35352,2.34961,2.34766,2.34375,2.3418,2.33984,2.33594,2.33398,2.33203,2.32812,2.32617,2.32422,2.32227,2.32031,2.31641,2.31445,2.3125,2.31055,2.30859,2.30664,2.30469,2.30273,2.30469,2.30273,2.30273,2.30078,2.30273,2.30273,2.30078,2.30078,2.29688,2.29688,2.29492,2.29297,2.29297,2.28906,2.28711,2.28516,2.28125,2.2793,2.27539,2.27344,2.26953,2.26562,2.26172,2.25781,2.25391,2.25,2.24609,2.24023,2.23828,2.23047,2.22852,2.2207,2.21289,2.20898,2.20117,2.19727,2.18945,2.18555,2.17578,2.17383,2.16406,2.16016,2.15039,2.14648,2.13477,2.13281,2.12109,2.11719,2.10547,2.10352,2.08984,2.08594,2.07422,2.07031,2.05664,2.05469,2.03906,2.03711,2.02148,2.00586,2.00391,1.9873,1.98535,1.96875,1.9668,1.94922,1.94727,1.92969,1.92773,1.91016,1.9082,1.88965,1.8877,1.86914,1.86719,1.86621,1.86426,1.8623,1.86035,1.8584,1.85742,1.85547,1.85352,1.85156
2.53516,2.52539,2.51758,2.51172,2.50391,2.49609,2.49023,2.48438,2.47656,2.4707,2.46484,2.45898,2.45312,2.44727,2.44336,2.4375,2.43164,2.42773,2.42188,2.41797,2.41406,2.4082,2.4043,2.40039,2.39648,2.39258,2.38867,2.38477,2.38086,2.37695,2.37305,2.36914,2.36719,2.36328,2.35938,2.35742,2.35352,2.34961,2.34766,2.34375,2.3418,2.33789,2.33594,2.33398,2.33008,2.32812,2.32422,2.32227,2.32031,2.31836,2.31445,2.3125,2.31055,2.30859,2.30664,2.30469,2.30078,2.29883,2.29688,2.29492,2.29297,2.29102,2.28906,2.28711,2.28516,2.2832,2.28125,2.2832,2.2832,2.28125,2.2832,2.28125,2.28125,2.2793,2.27734,2.27734,2.27539,2.27344,2.27148,2.26953,2.26758,2.26562,2.26172,2.25977,2.25586,2.25391,2.25,2.24609,2.24219,2.23633,2.23438,2.22852,2.22656,2.2207,2.2168,2.21094,2.20703,2.20117,2.19727,2.18945,2.1875,2.17773,2.17578,2.16602,2.15625,2.1543,2.14258,2.14062,2.13086,2.12695,2.11523,2.11328,2.10156,2.09766,2.08594,2.08398,2.07031,2.06836,2.05469,2.05078,2.03711,2.03516,2.02148,2.01758,2.00391,2,1.98535,1.9834,1.9668,1.96484,1.94824,1.93164,1.92969,1.91211,1.91016,1.89258,1.89062,1.87207,1.87012,1.85254,1.85059,1.84863,1.84668,1.8457,1.84375,1.8418,1.84082,1.83887,1.83789,1.83594
2.49219,2.48438,2.47852,2.4707,2.46484,2.45898,2.45312,2.44727,2.44141,2.43555,2.42969,2.42578,2.41992,2.41406,2.41016,2.40625,2.40039,2.39648,2.39258,2.38867,2.38281,2.37891,2.375,2.37109,2.36719,2.36523,2.36133,2.35742,2.35352,2.35156,2.34766,2.34375,2.3418,2.33789,2.33398,2.33203,2.32812,2.32617,2.32422,2.32031,2.31836,2.31641,2.3125,2.31055,2.30859,2.30469,2.30273,2.30078,2.29883,2.29688,2.29492,2.29102,2.28906,2.28711,2.28516,2.2832,2.28125,2.2793,2.27734,2.27539,2.27344,2.27148,2.26953,2.26758,2.26758,2.26562,2.26367,2.26367,2.26172,2.26367,2.26367,2.26172,2.26172,2.25977,2.25781,2.25781,2.25586,2.25391,2.25195,2.25,2.24805,2.24414,2.24219,2.24023,2.23633,2.23438,2.22852,2.22656,2.22266,2.2207,2.21484,2.21289,2.20703,2.19922,2.19727,2.18945,2.1875,2.17969,2.17773,2.16992,2.16797,2.1582,2.15625,2.14648,2.14453,2.13477,2.13086,2.12109,2.11914,2.10742,2.10547,2.09375,2.08203,2.08008,2.06641,2.06445,2.05078,2.04883,2.03516,2.0332,2.01953,2.01562,2.00195,2,1.98438,1.98242,1.9668,1.96484,1.94922,1.94727,1.93066,1.92871,1.91113,1.90918,1.89258,1.89062,1.87305,1.85449,1.85352,1.83496,1.83301,1.83203,1.83008,1.82812,1.82715,1.8252,1.82422,1.82227,1.82129,1.81934
2.45117,2.44531,2.43945,2.43359,2.42773,2.42188,2.41602,2.41211,2.40625,2.40039,2.39648,2.39258,2.38672,2.38281,2.37891,2.375,2.36914,2.36523,2.36133,2.35742,2.35547,2.35156,2.34766,2.34375,2.33984,2.33789,2.33398,2.33008,2.32812,2.32422,2.32227,2.31836,2.31641,2.3125,2.31055,2.30859,2.30469,2.30273,2.30078,2.29688,2.29492,2.29297,2.29102,2.28711,2.28516,2.2832,2.28125,2.2793,2.27734,2.27539,2.27344,2.27148,2.26953,2.26758,2.26562,2.26367,2.26172,2.25977,2.25781,2.25586,2.25391,2.25391,2.25195,2.25,2.24805,2.24609,2.24414,2.24609,2.24414,2.24414,2.24414,2.24219,2.24219,2.24023,2.24023,2.23828,2.23633,2.23438,2.23242,2.23047,2.22852,2.22461,2.22266,2.2207,2.2168,2.21484,2.20898,2.20703,2.20312,2.20117,2.19531,2.19336,2.18555,2.18359,2.17773,2.17578,2.16797,2.16016,2.1582,2.15039,2.14844,2.13867,2.13672,2.12695,2.125,2.11523,2.11328,2.10156,2.09961,2.08789,2.08594,2.07422,2.07227,2.06055,2.05859,2.04492,2.04297,2.0293,2.02734,2.01367,2,1.99805,1.9834,1.98145,1.96582,1.96387,1.94824,1.94629,1.93066,1.92871,1.91211,1.91016,1.89355,1.8916,1.875,1.87305,1.85547,1.85352,1.83594,1.81738,1.81641,1.81445,1.81348,1.81152,1.81055,1.80859,1.80762,1.80664,1.80469,1.80371
2.41211,2.4082,2.40234,2.39648,2.39062,2.38672,2.38086,2.37695,2.37305,2.36719,2.36328,2.35938,2.35547,2.35156,2.34766,2.34375,2.33984,2.33594,2.33203,2.33008,2.32617,2.32227,2.32031,2.31641,2.3125,2.31055,2.30664,2.30469,2.30078,2.29883,2.29688,2.29297,2.29102,2.28906,2.28516,2.2832,2.28125,2.2793,2.27734,2.27344,2.27148,2.26953,2.26758,2.26562,2.26367,2.26172,2.25977,2.25781,2.25586,2.25391,2.25195,2.25,2.24805,2.24609,2.24609,2.24414,2.24219,2.24023,2.23828,2.23633,2.23633,2.23438,2.23242,2.23047,2.23047,2.22852,2.22656,2.22656,2.22656,2.22656,2.22461,2.22461,2.22266,2.22266,2.2207,2.21875,2.2168,2.21484,2.21289,2.21094,2.20898,2.20508,2.20312,2.20117,2.19922,2.19531,2.19336,2.1875,2.18359,2.18164,2.17578,2.17383,2.16602,2.16406,2.1582,2.15625,2.14844,2.14648,2.13867,2.13672,2.12891,2.11914,2.11719,2.10742,2.10547,2.0957,2.09375,2.08203,2.08008,2.07031,2.06641,2.05469,2.05273,2.04102,2.03906,2.02734,2.02539,2.01172,2.00977,1.99609,1.99414,1.97949,1.97754,1.96289,1.96094,1.94629,1.93066,1.92871,1.91309,1.91113,1.89453,1.89258,1.87598,1.87402,1.85742,1.85547,1.83789,1.83691,1.81836,1.81738,1.79883,1.79785,1.7959,1.79492,1.79395,1.79297,1.79102,1.79004,1.78906,1.78809
2.375,2.36914,2.36523,2.36133,2.35547,2.35156,2.34766,2.34375,2.33984,2.33398,2.33203,2.32812,2.32422,2.32031,2.31641,2.3125,2.31055,2.30664,2.30273,2.30078,2.29688,2.29492,2.29102,2.28906,2.28711,2.2832,2.28125,2.2793,2.27539,2.27344,2.27148,2.26953,2.26562,2.26367,2.26172,2.25977,2.25781,2.25586,2.25391,2.25195,2.25,2.24805,2.24609,2.24414,2.24219,2.24023,2.23828,2.23633,2.23438,2.23438,2.23242,2.23047,2.22852,2.22656,2.22461,2.22461,2.22266,2.2207,2.21875,2.21875,2.2168,2.21484,2.21484,2.21289,2.21094,2.21094,2.20898,2.20898,2.20703,2.20703,2.20703,2.20508,2.20508,2.20312,2.20117,2.20117,2.19922,2.19727,2.19531,2.19336,2.18945,2.1875,2.18555,2.18164,2.17969,2.17578,2.17383,2.16797,2.16602,2.16211,2.15625,2.1543,2.14844,2.14453,2.13867,2.13672,2.12891,2.12695,2.11914,2.11719,2.10938,2.10742,2.09766,2.0957,2.08594,2.08398,2.07422,2.06445,2.06055,2.05078,2.04883,2.03711,2.03516,2.02344,2.02148,2.00781,2.00586,1.99316,1.99121,1.97754,1.97559,1.96094,1.95898,1.94434,1.94336,1.92773,1.92676,1.91113,1.90918,1.89355,1.87695,1.875,1.8584,1.85645,1.83984,1.83789,1.82031,1.81934,1.80176,1.7998,1.78223,1.78125,1.7793,1.77832,1.77734,1.77637,1.77539,1.77441,1.77344,1.77148
2.33789,2.33398,2.33008,2.32422,2.32031,2.31641,2.31445,2.31055,2.30664,2.30273,2.29883,2.29688,2.29297,2.28906,2.28711,2.2832,2.28125,2.27734,2.27539,2.27148,2.26953,2.26758,2.26562,2.26172,2.25977,2.25781,2.25586,2.25195,2.25,2.24805,2.24609,2.24414,2.24219,2.24023,2.23828,2.23633,2.23438,2.23242,2.23047,2.22852,2.22656,2.22461,2.22461,2.22266,2.2207,2.21875,2.2168,2.2168,2.21484,2.21289,2.21094,2.21094,2.20898,2.20703,2.20508,2.20508,2.20312,2.20117,2.20117,2.19922,2.19727,2.19727,2.19531,2.19531,2.19336,2.19141,2.19141,2.18945,2.18945,2.18945,2.1875,2.1875,2.18555,2.18555,2.18359,2.18164,2.17969,2.17773,2.17578,2.17383,2.17188,2.16992,2.16602,2.16211,2.16016,2.15625,2.1543,2.15039,2.14844,2.14258,2.14062,2.13477,2.13281,2.12695,2.11914,2.11719,2.10938,2.10742,2.09961,2.09766,2.08984,2.08789,2.07812,2.07617,2.06641,2.06445,2.05469,2.05273,2.04297,2.04102,2.0293,2.01758,2.01562,2.00391,2.00195,1.98926,1.9873,1.97461,1.97266,1.95898,1.95703,1.94336,1.94141,1.92676,1.9248,1.91016,1.9082,1.89258,1.8916,1.875,1.87402,1.85742,1.85645,1.83984,1.82227,1.82129,1.80371,1.80273,1.78418,1.7832,1.76465,1.76367,1.7627,1.76172,1.76074,1.75977,1.75879,1.75781,1.75684,1.75586
2.30078,2.29883,2.29492,2.29102,2.28711,2.2832,2.28125,2.27734,2.27344,2.27148,2.26758,2.26562,2.26172,2.25977,2.25781,2.25391,2.25195,2.25,2.24609,2.24414,2.24219,2.24023,2.23828,2.23633,2.23438,2.23242,2.23047,2.22852,2.22656,2.22461,2.22266,2.2207,2.21875,2.2168,2.21484,2.21289,2.21094,2.20898,2.20898,2.20703,2.20508,2.20312,2.20312,2.20117,2.19922,2.19727,2.19727,2.19531,2.19336,2.19336,2.19141,2.18945,2.18945,2.1875,2.18555,2.18555,2.18359,2.18359,2.18164,2.18164,2.17969,2.17773,2.17773,2.17578,2.17578,2.17383,2.17383,2.17188,2.17188,2.17188,2.16992,2.16992,2.16797,2.16602,2.16602,2.16406,2.16211,2.16016,2.15625,2.15625,2.15234,2.15039,2.14648,2.14648,2.14258,2.13672,2.13477,2.13086,2.12891,2.12305,2.12109,2.11523,2.11328,2.10742,2.10547,2.09961,2.0918,2.08984,2.08203,2.08008,2.07031,2.06836,2.06055,2.05859,2.04883,2.04688,2.03711,2.03516,2.02344,2.02148,2.01172,2.00977,1.99707,1.99609,1.9834,1.98242,1.96875,1.95605,1.9541,1.94043,1.93945,1.9248,1.92285,1.9082,1.90723,1.89258,1.89062,1.875,1.87402,1.85742,1.85645,1.83984,1.83887,1.82227,1.82129,1.80371,1.78613,1.78516,1.76758,1.7666,1.74805,1.74707,1.74609,1.74512,1.74512,1.74414,1.74316,1.74219,1.74121,1.74023
2.26562,2.26367,2.25977,2.25586,2.25391,2.25,2.24805,2.24609,2.24219,2.24023,2.23828,2.23438,2.23242,2.23047,2.22852,2.22656,2.22266,2.2207,2.21875,2.2168,2.21484,2.21289,2.21094,2.20898,2.20703,2.20508,2.20508,2.20312,2.20117,2.19922,2.19727,2.19531,2.19531,2.19336,2.19141,2.18945,2.18945,2.1875,2.18555,2.18555,2.18359,2.18164,2.18164,2.17969,2.17773,2.17773,2.17578,2.17383,2.17383,2.17188,2.17188,2.16992,2.16992,2.16797,2.16797,2.16602,2.16602,2.16406,2.16406,2.16211,2.16211,2.16016,2.16016,2.1582,2.1582,2.15625,2.15625,2.1543,2.1543,2.1543,2.15234,2.15039,2.15039,2.14844,2.14648,2.14453,2.14258,2.14062,2.13867,2.13672,2.13477,2.13281,2.12891,2.12695,2.12305,2.12109,2.11719,2.11133,2.10938,2.10547,2.10352,2.09766,2.0957,2.08789,2.08789,2.08008,2.07812,2.07031,2.06836,2.06055,2.05273,2.05078,2.04102,2.03906,2.0293,2.02734,2.01758,2.01562,2.00586,2.00391,1.99219,1.99121,1.97949,1.97754,1.96484,1.96387,1.95117,1.94922,1.93652,1.93457,1.9209,1.90723,1.90527,1.89062,1.88965,1.87402,1.87305,1.85742,1.85645,1.83984,1.83887,1.82324,1.82129,1.80469,1.80371,1.78711,1.78613,1.76855,1.75098,1.75,1.73145,1.73047,1.72949,1.72949,1.72852,1.72754,1.72656,1.72656,1.72559,1.72461
2.23047,2.22852,2.22656,2.22266,2.2207,2.21875,2.2168,2.21289,2.21094,2.20898,2.20703,2.20508,2.20312,2.20117,2.19922,2.19727,2.19531,2.19336,2.19141,2.18945,2.18945,2.1875,2.18555,2.18359,2.18164,2.18164,2.17969,2.17773,2.17578,2.17578,2.17383,2.17188,2.17188,2.16992,2.16797,2.16797,2.16602,2.16406,2.16406,2.16211,2.16211,2.16016,2.16016,2.1582,2.1582,2.15625,2.15625,2.1543,2.1543,2.15234,2.15234,2.15039,2.15039,2.14844,2.14844,2.14648,2.14648,2.14453,2.14453,2.14453,2.14258,2.14258,2.14062,2.14062,2.14062,2.13867,2.13867,2.13867,2.13672,2.13672,2.13477,2.13281,2.13281,2.13086,2.12891,2.12695,2.12695,2.12305,2.12109,2.11914,2.11523,2.11523,2.11133,2.10938,2.10547,2.10352,2.09766,2.09766,2.0918,2.08594,2.08398,2.07812,2.07617,2.07031,2.06836,2.06055,2.06055,2.05273,2.05078,2.04297,2.04102,2.03125,2.03125,2.02148,2.01172,2.00977,1.99902,1.99805,1.9873,1.98535,1.97363,1.97266,1.96094,1.95898,1.94727,1.94531,1.93262,1.93164,1.91797,1.91699,1.90332,1.90234,1.8877,1.88672,1.87207,1.85645,1.85547,1.83984,1.83887,1.82324,1.82227,1.80566,1.80469,1.78809,1.78711,1.76953,1.76855,1.75195,1.7334,1.7334,1.71484,1.71387,1.71387,1.71289,1.71191,1.71191,1.71094,1.70996,1.70996,1.70898
2.19727,2.19531,2.19336,2.18945,2.1875,2.18555,2.18359,2.18164,2.18164,2.17969,2.17773,2.17578,2.17383,2.17188,2.16992,2.16992,2.16797,2.16602,2.16406,2.16406,2.16211,2.16016,2.16016,2.1582,2.15625,2.15625,2.1543,2.1543,2.15234,2.15039,2.15039,2.14844,2.14844,2.14648,2.14648,2.14453,2.14453,2.14258,2.14258,2.14062,2.14062,2.13867,2.13867,2.13672,2.13672,2.13672,2.13477,2.13477,2.13281,2.13281,2.13086,2.13086,2.13086,2.12891,2.12891,2.12891,2.12695,2.12695,2.12695,2.125,2.125,2.125,2.12305,2.12305,2.12305,2.12109,2.12109,2.12109,2.11914,2.11914,2.11719,2.11523,2.11523,2.11328,2.11133,2.10938,2.10742,2.10547,2.10352,2.10156,2.09766,2.0957,2.0918,2.0918,2.08594,2.08594,2.08008,2.07812,2.07422,2.06836,2.06641,2.06055,2.05859,2.05078,2.05078,2.04297,2.04102,2.0332,2.03125,2.02344,2.02148,2.01367,2.01172,2.00195,2.00195,1.99121,1.98047,1.97949,1.96875,1.9668,1.95605,1.9541,1.94238,1.94141,1.92871,1.92773,1.91504,1.91406,1.90039,1.89941,1.88574,1.88379,1.87012,1.86914,1.85449,1.85352,1.83789,1.82227,1.82129,1.80566,1.80469,1.78809,1.78711,1.77051,1.76953,1.75293,1.75195,1.73438,1.73438,1.7168,1.69824,1.69727,1.69727,1.69629,1.69629,1.69531,1.69531,1.69434,1.69434,1.69336
2.16211,2.16016,2.16016,2.1582,2.15625,2.1543,2.15234,2.15234,2.15039,2.14844,2.14844,2.14648,2.14453,2.14453,2.14258,2.14062,2.14062,2.13867,2.13867,2.13672,2.13672,2.13477,2.13477,2.13281,2.13281,2.13086,2.13086,2.12891,2.12891,2.12695,2.12695,2.125,2.125,2.12305,2.12305,2.12305,2.12109,2.12109,2.12109,2.11914,2.11914,2.11719,2.11719,2.11719,2.11523,2.11523,2.11523,2.11328,2.11328,2.11328,2.11133,2.11133,2.11133,2.11133,2.10938,2.10938,2.10938,2.10742,2.10742,2.10742,2.10742,2.10547,2.10547,2.10547,2.10547,2.10352,2.10352,2.10352,2.10156,2.10156,2.09961,2.09961,2.09766,2.0957,2.09375,2.0918,2.08984,2.08789,2.08594,2.08398,2.08008,2.07812,2.07422,2.07227,2.06836,2.06641,2.0625,2.06055,2.05469,2.05469,2.04883,2.04102,2.04102,2.0332,2.03125,2.02344,2.02344,2.01562,2.01367,2.00586,2.00391,1.99512,1.99414,1.98438,1.9834,1.97266,1.97168,1.96094,1.95996,1.94922,1.9375,1.93652,1.9248,1.92383,1.91113,1.91016,1.89648,1.89551,1.88281,1.88184,1.86719,1.86621,1.85254,1.85156,1.83691,1.83594,1.82031,1.81934,1.80371,1.78809,1.78711,1.77148,1.77051,1.75391,1.75293,1.73633,1.73535,1.71777,1.71777,1.7002,1.68164,1.68164,1.68066,1.68066,1.67969,1.67969,1.67871,1.67871,1.67871,1.67773
2.12891,2.12891,2.12695,2.125,2.125,2.12305,2.12305,2.12109,2.12109,2.11914,2.11914,2.11719,2.11719,2.11523,2.11523,2.11328,2.11328,2.11133,2.11133,2.11133,2.10938,2.10938,2.10938,2.10742,2.10742,2.10547,2.10547,2.10547,2.10352,2.10352,2.10352,2.10156,2.10156,2.10156,2.10156,2.09961,2.09961,2.09961,2.09766,2.09766,2.09766,2.09766,2.0957,2.0957,2.0957,2.0957,2.09375,2.09375,2.09375,2.09375,2.09375,2.0918,2.0918,2.0918,2.0918,2.0918,2.08984,2.08984,2.08984,2.08984,2.08984,2.08789,2.08789,2.08789,2.08789,2.08789,2.08594,2.08594,2.08398,2.08398,2.08203,2.08203,2.08008,2.07812,2.07617,2.07422,2.07227,2.07031,2.06836,2.06445,2.06445,2.06055,2.05664,2.05469,2.05078,2.04883,2.04297,2.04297,2.03711,2.03711,2.0293,2.0293,2.02148,2.01562,2.01367,2.00586,2.00586,1.99707,1.99609,1.9873,1.98633,1.97656,1.97559,1.96582,1.96484,1.95508,1.9541,1.94336,1.94238,1.93164,1.93066,1.91895,1.90625,1.90527,1.89258,1.8916,1.87891,1.87793,1.86426,1.86426,1.84961,1.84863,1.83496,1.83398,1.81934,1.81836,1.80371,1.80273,1.78711,1.78613,1.77051,1.75391,1.75391,1.73633,1.73633,1.71875,1.71875,1.70117,1.70117,1.68359,1.66504,1.66504,1.66504,1.66406,1.66406,1.66406,1.66309,1.66309,1.66309,1.66211
2.0957,2.0957,2.0957,2.09375,2.09375,2.0918,2.0918,2.0918,2.08984,2.08984,2.08984,2.08984,2.08789,2.08789,2.08789,2.08594,2.08594,2.08594,2.08594,2.08398,2.08398,2.08398,2.08398,2.08203,2.08203,2.08203,2.08203,2.08203,2.08008,2.08008,2.08008,2.08008,2.08008,2.07812,2.07812,2.07812,2.07812,2.07812,2.07812,2.07617,2.07617,2.07617,2.07617,2.07617,2.07617,2.07422,2.07422,2.07422,2.07422,2.07422,2.07422,2.07422,2.07227,2.07227,2.07227,2.07227,2.07227,2.07227,2.07227,2.07227,2.07031,2.07031,2.07031,2.07031,2.07031,2.07031,2.07031,2.07031,2.06836,2.06836,2.06641,2.06445,2.0625,2.06055,2.05859,2.05664,2.05664,2.05273,2.05078,2.04688,2.04688,2.04297,2.03711,2.03711,2.03125,2.03125,2.02539,2.02539,2.01953,2.01758,2.01172,2.01172,2.00391,2.00391,1.99609,1.98828,1.9873,1.97852,1.97754,1.96875,1.96777,1.95898,1.95801,1.94824,1.94727,1.93652,1.93652,1.92578,1.9248,1.91309,1.91211,1.90039,1.90039,1.8877,1.875,1.87402,1.86133,1.86035,1.84668,1.84668,1.83203,1.83203,1.81738,1.81641,1.80176,1.80078,1.78613,1.78516,1.76953,1.76953,1.75293,1.7373,1.73633,1.71973,1.71973,1.70215,1.70215,1.68457,1.68457,1.66699,1.66699,1.64844,1.64844,1.64844,1.64844,1.64844,1.64746,1.64746,1.64746,1.64746
2.06445,2.0625,2.0625,2.0625,2.0625,2.0625,2.0625,2.0625,2.06055,2.06055,2.06055,2.06055,2.06055,2.06055,2.06055,2.06055,2.06055,2.05859,2.05859,2.05859,2.05859,2.05859,2.05859,2.05859,2.05859,2.05859,2.05859,2.05664,2.05664,2.05664,2.05664,2.05664,2.05664,2.05664,2.05664,2.05664,2.05664,2.05664,2.05664,2.05664,2.05469,2.05469,2.05469,2.05469,2.05469,2.05469,2.05469,2.05469,2.05469,2.05469,2.05469,2.05469,2.05469,2.05469,2.05469,2.05469,2.05469,2.05469,2.05273,2.05273,2.05273,2.05273,2.05273,2.05273,2.05273,2.05273,2.05273,2.05273,2.05078,2.05078,2.04883,2.04883,2.04492,2.04297,2.04297,2.03906,2.03906,2.03516,2.03516,2.0293,2.0293,2.02539,2.02539,2.01953,2.01367,2.01367,2.00781,2.00781,2.00195,2,1.99414,1.99316,1.98633,1.98535,1.97754,1.97754,1.96875,1.96094,1.95996,1.95117,1.9502,1.94043,1.94043,1.92969,1.92969,1.91895,1.91797,1.90723,1.90723,1.89551,1.89453,1.88281,1.88281,1.87012,1.86914,1.85645,1.84375,1.84277,1.8291,1.8291,1.81445,1.81445,1.7998,1.7998,1.78418,1.78418,1.76855,1.76855,1.75293,1.75195,1.73633,1.71973,1.71973,1.70312,1.70312,1.68555,1.68555,1.66797,1.66797,1.65039,1.65039,1.63281,1.63281,1.63281,1.63184,1.63184,1.63184,1.63184,1.63184,1.63184
2.03125,2.03125,2.03125,2.03125,2.03125,2.03125,2.03125,2.0332,2.0332,2.0332,2.0332,2.0332,2.0332,2.0332,2.0332,2.0332,2.0332,2.0332,2.0332,2.0332,2.0332,2.0332,2.0332,2.0332,2.0332,2.0332,2.0332,2.0332,2.0332,2.03516,2.03516,2.03516,2.03516,2.03516,2.03516,2.03516,2.03516,2.03516,2.03516,2.03516,2.03516,2.03516,2.03516,2.03516,2.03516,2.03516,2.03516,2.03516,2.03516,2.03516,2.03516,2.03516,2.03516,2.03516,2.03516,2.03516,2.03516,2.03516,2.03516,2.03516,2.03516,2.03516,2.03516,2.03516,2.03516,2.03516,2.03711,2.03711,2.0332,2.0332,2.03125,2.03125,2.0293,2.02539,2.02539,2.02148,2.02148,2.01758,2.01758,2.01172,2.01172,2.00781,2.00781,2.00195,1.99707,1.99609,1.99023,1.99023,1.9834,1.98242,1.97656,1.97559,1.96875,1.96777,1.95996,1.95996,1.95117,1.95117,1.94238,1.93262,1.93262,1.92285,1.92188,1.91211,1.91211,1.90137,1.90039,1.88965,1.88965,1.87793,1.87695,1.86523,1.86523,1.85254,1.85156,1.83887,1.83887,1.8252,1.8125,1.81152,1.79785,1.79688,1.78223,1.78223,1.76758,1.7666,1.75195,1.75195,1.73633,1.73535,1.71973,1.71973,1.70312,1.68652,1.68652,1.66895,1.66895,1.65234,1.65234,1.63477,1.63477,1.61621,1.61621,1.61621,1.61621,1.61621,1.61621,1.61621,1.61719,1.61719
1.99902,2,2,2.00195,2.00195,2.00195,2.00195,2.00391,2.00391,2.00391,2.00391,2.00586,2.00586,2.00586,2.00586,2.00586,2.00781,2.00781,2.00781,2.00781,2.00781,2.00977,2.00977,2.00977,2.00977,2.00977,2.00977,2.01172,2.01172,2.01172,2.01172,2.01172,2.01172,2.01172,2.01367,2.01367,2.01367,2.01367,2.01367,2.01367,2.01367,2.01367,2.01562,2.01562,2.01562,2.01562,2.01562,2.01562,2.01562,2.01562,2.01562,2.01758,2.01758,2.01758,2.01758,2.01758,2.01758,2.01758,2.01758,2.01758,2.01758,2.01953,2.01953,2.01953,2.01953,2.01953,2.01953,2.01953,2.01758,2.01758,2.01367,2.01367,2.01172,2.00781,2.00781,2.00391,2.00391,2,2,1.99512,1.99512,1.99023,1.99023,1.98438,1.97852,1.97852,1.97266,1.97266,1.96582,1.96582,1.95801,1.95801,1.9502,1.9502,1.94238,1.94238,1.93359,1.93359,1.9248,1.91504,1.91504,1.90527,1.9043,1.89453,1.89453,1.88379,1.88281,1.87207,1.87207,1.86035,1.85938,1.84766,1.84766,1.83496,1.83496,1.82227,1.82129,1.80859,1.79492,1.79395,1.78027,1.78027,1.76562,1.76562,1.75,1.75,1.73535,1.73438,1.71875,1.71875,1.70312,1.70312,1.68652,1.66992,1.66992,1.65332,1.65332,1.63574,1.63574,1.61816,1.61816,1.60059,1.60059,1.60059,1.60059,1.60059,1.60156,1.60156,1.60156,1.60156
1.96777,1.96875,1.96973,1.9707,1.97168,1.97266,1.97363,1.97461,1.97461,1.97559,1.97656,1.97754,1.97852,1.97852,1.97949,1.98047,1.98145,1.98145,1.98242,1.9834,1.9834,1.98438,1.98535,1.98535,1.98633,1.98633,1.9873,1.9873,1.98828,1.98926,1.98926,1.99023,1.99023,1.99121,1.99121,1.99219,1.99219,1.99219,1.99316,1.99316,1.99414,1.99414,1.99512,1.99512,1.99512,1.99609,1.99609,1.99707,1.99707,1.99707,1.99805,1.99805,1.99805,1.99902,1.99902,1.99902,2,2,2,2,2.00195,2.00195,2.00195,2.00195,2.00195,2.00195,2.00195,2.00391,2,2,1.99805,1.99805,1.99414,1.99121,1.99121,1.9873,1.9873,1.98242,1.98242,1.97852,1.97754,1.97266,1.97266,1.96777,1.96191,1.96094,1.95508,1.95508,1.94824,1.94824,1.94043,1.94043,1.93262,1.93262,1.9248,1.9248,1.91602,1.91602,1.90723,1.90625,1.89746,1.8877,1.88672,1.87695,1.87695,1.86621,1.86523,1.85449,1.85449,1.84277,1.84277,1.83008,1.83008,1.81738,1.81738,1.80469,1.80469,1.79102,1.79102,1.77734,1.7627,1.7627,1.74805,1.74805,1.7334,1.7334,1.71777,1.71777,1.70215,1.70215,1.68652,1.68652,1.66992,1.65332,1.65332,1.63672,1.63672,1.61914,1.61914,1.60254,1.60254,1.58496,1.58496,1.58496,1.58496,1.58594,1.58594,1.58594,1.58594,1.58691
1.93652,1.9375,1.93945,1.94043,1.94238,1.94336,1.94434,1.94531,1.94727,1.94824,1.94922,1.9502,1.95117,1.95215,1.95312,1.9541,1.95508,1.95605,1.95703,1.95801,1.95898,1.95996,1.96094,1.96191,1.96289,1.96289,1.96387,1.96484,1.96582,1.9668,1.9668,1.96777,1.96875,1.96875,1.96973,1.9707,1.9707,1.97168,1.97266,1.97266,1.97363,1.97461,1.97461,1.97559,1.97559,1.97656,1.97754,1.97754,1.97852,1.97852,1.97949,1.97949,1.98047,1.98047,1.98145,1.98145,1.98242,1.98242,1.9834,1.9834,1.9834,1.98438,1.98438,1.98535,1.98535,1.98633,1.98633,1.98633,1.9834,1.98438,1.98145,1.98145,1.97754,1.97363,1.97461,1.96973,1.96973,1.96582,1.96582,1.96094,1.96094,1.95605,1.95605,1.9502,1.9502,1.94434,1.9375,1.9375,1.93066,1.93066,1.92383,1.92285,1.91602,1.91504,1.90723,1.90723,1.89844,1.89844,1.88965,1.88965,1.87988,1.87012,1.87012,1.85938,1.85938,1.84863,1.84863,1.83691,1.83691,1.8252,1.8252,1.81348,1.8125,1.80078,1.7998,1.78711,1.78711,1.77441,1.77344,1.75977,1.74609,1.74609,1.73145,1.73145,1.7168,1.7168,1.70117,1.70117,1.68555,1.68555,1.66992,1.66992,1.65332,1.63672,1.63672,1.62012,1.62012,1.60352,1.60352,1.58594,1.56836,1.56836,1.56934,1.56934,1.56934,1.57031,1.57031,1.57129,1.57129,1.57129
1.90527,1.90723,1.90918,1.91113,1.91211,1.91406,1.91602,1.91699,1.91895,1.91992,1.92188,1.92285,1.9248,1.92578,1.92773,1.92871,1.92969,1.93066,1.93262,1.93359,1.93457,1.93555,1.93652,1.9375,1.93945,1.94043,1.94141,1.94238,1.94336,1.94434,1.94531,1.94629,1.94727,1.94727,1.94824,1.94922,1.9502,1.95117,1.95215,1.95312,1.95312,1.9541,1.95508,1.95605,1.95605,1.95703,1.95801,1.95898,1.95898,1.95996,1.96094,1.96094,1.96191,1.96289,1.96289,1.96387,1.96387,1.96484,1.96582,1.96582,1.9668,1.9668,1.96777,1.96875,1.96875,1.96973,1.96973,1.9707,1.96777,1.96777,1.96484,1.96484,1.96094,1.95703,1.95703,1.95312,1.95312,1.94824,1.94922,1.94434,1.94434,1.93848,1.93848,1.93262,1.93262,1.92676,1.91992,1.91992,1.91309,1.91309,1.90625,1.90625,1.89844,1.89844,1.88965,1.88965,1.88086,1.88086,1.87207,1.87207,1.8623,1.85254,1.85254,1.8418,1.8418,1.83105,1.83105,1.81934,1.81934,1.80762,1.80762,1.7959,1.7959,1.7832,1.7832,1.77051,1.77051,1.75684,1.75684,1.74316,1.72949,1.72949,1.71484,1.71484,1.7002,1.7002,1.68457,1.68457,1.66895,1.66895,1.65332,1.65332,1.6377,1.62109,1.62109,1.60449,1.60449,1.58691,1.58789,1.57031,1.55273,1.55273,1.55371,1.55371,1.55469,1.55469,1.55566,1.55566,1.55664,1.55664
1.875,1.87695,1.87891,1.88184,1.88379,1.88574,1.8877,1.88965,1.8916,1.89258,1.89453,1.89648,1.89844,1.89941,1.90137,1.90332,1.9043,1.90625,1.90723,1.90918,1.91016,1.91211,1.91309,1.91406,1.91602,1.91699,1.91797,1.91992,1.9209,1.92188,1.92285,1.92383,1.9248,1.92676,1.92773,1.92871,1.92969,1.93066,1.93164,1.93262,1.93359,1.93457,1.93555,1.93652,1.9375,1.9375,1.93848,1.93945,1.94043,1.94141,1.94238,1.94336,1.94336,1.94434,1.94531,1.94629,1.94629,1.94727,1.94824,1.94922,1.94922,1.9502,1.95117,1.95117,1.95215,1.95312,1.95312,1.9541,1.95117,1.95117,1.94824,1.94824,1.94434,1.94043,1.94043,1.93652,1.93652,1.93164,1.93164,1.92676,1.92676,1.92188,1.92188,1.91602,1.90918,1.91016,1.90332,1.90332,1.89648,1.89648,1.88867,1.88867,1.88086,1.88086,1.87305,1.87305,1.86426,1.86426,1.85449,1.85449,1.84473,1.83496,1.83496,1.82422,1.8252,1.81348,1.81348,1.80273,1.80273,1.79102,1.79102,1.77832,1.77832,1.7666,1.7666,1.75293,1.75293,1.74023,1.74023,1.72656,1.71191,1.71191,1.69727,1.69824,1.68262,1.68359,1.66797,1.66797,1.65234,1.65332,1.63672,1.6377,1.62109,1.60449,1.60449,1.58789,1.58789,1.57129,1.57129,1.55469,1.53711,1.53711,1.53809,1.53809,1.53906,1.54004,1.54004,1.54102,1.54102,1.54199
1.84473,1.84668,1.84961,1.85254,1.85449,1.85742,1.85938,1.86133,1.86328,1.86621,1.86816,1.87012,1.87207,1.87402,1.87598,1.87793,1.87988,1.88086,1.88281,1.88477,1.88672,1.8877,1.88965,1.8916,1.89258,1.89453,1.89551,1.89746,1.89844,1.89941,1.90137,1.90234,1.9043,1.90527,1.90625,1.90723,1.90918,1.91016,1.91113,1.91211,1.91309,1.91504,1.91602,1.91699,1.91797,1.91895,1.91992,1.9209,1.92188,1.92285,1.92383,1.9248,1.92578,1.92676,1.92773,1.92871,1.92969,1.92969,1.93066,1.93164,1.93262,1.93359,1.93457,1.93457,1.93555,1.93652,1.9375,1.93848,1.93457,1.93555,1.93164,1.92773,1.92773,1.92383,1.92383,1.91992,1.91992,1.91504,1.91504,1.91016,1.91016,1.9043,1.90527,1.89941,1.89258,1.89258,1.88574,1.88574,1.87891,1.87891,1.87109,1.87207,1.86328,1.86426,1.85547,1.85547,1.84668,1.84668,1.83789,1.83789,1.82812,1.81836,1.81836,1.80762,1.80762,1.79688,1.79688,1.78516,1.78516,1.77344,1.77344,1.76172,1.76172,1.74902,1.74902,1.73633,1.73633,1.72266,1.72363,1.70996,1.69531,1.69531,1.68066,1.68164,1.66602,1.66699,1.65137,1.65137,1.63574,1.63672,1.62012,1.60449,1.60449,1.58789,1.58887,1.57227,1.57227,1.55566,1.55566,1.53906,1.52051,1.52148,1.52246,1.52344,1.52344,1.52441,1.52539,1.52539,1.52637,1.52734
1.81445,1.81738,1.82031,1.82324,1.82617,1.8291,1.83105,1.83398,1.83691,1.83887,1.8418,1.84375,1.8457,1.84863,1.85059,1.85254,1.85449,1.85645,1.8584,1.86035,1.8623,1.86426,1.86621,1.86816,1.87012,1.87109,1.87305,1.875,1.87695,1.87793,1.87988,1.88086,1.88281,1.88379,1.88574,1.88672,1.88867,1.88965,1.8916,1.89258,1.89355,1.89551,1.89648,1.89746,1.89844,1.90039,1.90137,1.90234,1.90332,1.9043,1.90527,1.90625,1.9082,1.90918,1.91016,1.91113,1.91211,1.91309,1.91406,1.91504,1.91602,1.91699,1.91797,1.91895,1.91895,1.91992,1.9209,1.92188,1.91797,1.91895,1.91504,1.91113,1.91211,1.90723,1.9082,1.90332,1.90332,1.89844,1.89844,1.89355,1.89355,1.8877,1.88867,1.88184,1.87598,1.87598,1.86914,1.86914,1.8623,1.8623,1.85449,1.85449,1.84668,1.84668,1.83789,1.83887,1.83008,1.83008,1.82031,1.82129,1.81055,1.80078,1.80078,1.79004,1.79102,1.7793,1.78027,1.76855,1.76855,1.75684,1.75684,1.74512,1.74512,1.73242,1.73242,1.71973,1.71973,1.70605,1.69238,1.69238,1.67871,1.67871,1.66406,1.66504,1.64941,1.65039,1.63477,1.63574,1.62012,1.62012,1.60449,1.58789,1.58887,1.57227,1.57324,1.55566,1.55664,1.53906,1.52246,1.52246,1.50488,1.50586,1.50684,1.50781,1.50879,1.50977,1.50977,1.51074,1.51172,1.5127
1.78516,1.78809,1.79102,1.79492,1.79785,1.80078,1.80371,1.80664,1.80957,1.8125,1.81543,1.81738,1.82031,1.82227,1.8252,1.82715,1.83008,1.83203,1.83496,1.83691,1.83887,1.84082,1.84277,1.84473,1.84668,1.84863,1.85059,1.85254,1.85449,1.85645,1.8584,1.86035,1.86133,1.86328,1.86523,1.86621,1.86816,1.87012,1.87109,1.87305,1.87402,1.87598,1.87695,1.87793,1.87988,1.88086,1.88281,1.88379,1.88477,1.88672,1.8877,1.88867,1.88965,1.8916,1.89258,1.89355,1.89453,1.89551,1.89648,1.89746,1.89941,1.90039,1.90137,1.90234,1.90332,1.9043,1.90527,1.90625,1.90234,1.89844,1.89844,1.89453,1.89551,1.89062,1.8916,1.88672,1.88672,1.88184,1.88281,1.87695,1.87695,1.87109,1.86523,1.86523,1.8584,1.85938,1.85156,1.85254,1.84473,1.8457,1.83789,1.83789,1.83008,1.83008,1.82129,1.82227,1.8125,1.81348,1.80371,1.80371,1.79395,1.7832,1.78418,1.77344,1.77344,1.7627,1.7627,1.75098,1.75195,1.74023,1.74023,1.72754,1.72852,1.71582,1.71582,1.70312,1.70312,1.68945,1.67578,1.67578,1.66211,1.66211,1.64746,1.64844,1.63379,1.63379,1.61816,1.61914,1.60352,1.58789,1.58789,1.57227,1.57227,1.55566,1.55664,1.54004,1.54102,1.52344,1.50684,1.50781,1.49023,1.49121,1.49121,1.49219,1.49316,1.49414,1.49512,1.49609,1.49707,1.49805
1.75488,1.75879,1.7627,1.7666,1.76953,1.77344,1.77637,1.7793,1.7832,1.78613,1.78906,1.79199,1.79492,1.79785,1.7998,1.80273,1.80566,1.80762,1.81055,1.8125,1.81543,1.81738,1.82031,1.82227,1.82422,1.82617,1.8291,1.83105,1.83301,1.83496,1.83691,1.83887,1.84082,1.84277,1.84473,1.8457,1.84766,1.84961,1.85156,1.85254,1.85449,1.85645,1.85742,1.85938,1.86133,1.8623,1.86426,1.86523,1.86719,1.86816,1.86914,1.87109,1.87207,1.87402,1.875,1.87598,1.87695,1.87891,1.87988,1.88086,1.88184,1.88379,1.88477,1.88574,1.88672,1.8877,1.88867,1.88965,1.88574,1.88184,1.88281,1.87793,1.87891,1.87402,1.875,1.87012,1.87109,1.86523,1.86621,1.86035,1.85352,1.85449,1.84766,1.84863,1.8418,1.84277,1.83496,1.83594,1.82812,1.8291,1.82031,1.82129,1.8125,1.81348,1.80469,1.80469,1.7959,1.7959,1.78711,1.77637,1.77734,1.7666,1.76758,1.75684,1.75684,1.74609,1.74609,1.73438,1.73535,1.72266,1.72363,1.71094,1.71191,1.69922,1.69922,1.68652,1.68652,1.67285,1.65918,1.66016,1.64551,1.64648,1.63184,1.63184,1.61719,1.61816,1.60254,1.60352,1.58789,1.57129,1.57227,1.55566,1.55664,1.54004,1.54102,1.52441,1.50684,1.50781,1.49121,1.49219,1.47461,1.47559,1.47656,1.47754,1.47852,1.47949,1.48047,1.48145,1.48242,1.4834
1.72656,1.73047,1.73438,1.73828,1.74219,1.74609,1.74902,1.75293,1.75586,1.75977,1.7627,1.7666,1.76953,1.77246,1.77539,1.77832,1.78125,1.78418,1.78711,1.78906,1.79199,1.79492,1.79688,1.7998,1.80176,1.80469,1.80664,1.80957,1.81152,1.81348,1.81543,1.81738,1.82031,1.82227,1.82422,1.82617,1.82812,1.83008,1.83203,1.83301,1.83496,1.83691,1.83887,1.84082,1.8418,1.84375,1.8457,1.84668,1.84863,1.85059,1.85156,1.85352,1.85449,1.85645,1.85742,1.85938,1.86035,1.86133,1.86328,1.86426,1.86523,1.86719,1.86816,1.86914,1.87109,1.87207,1.87305,1.86914,1.87012,1.86523,1.86621,1.8623,1.86328,1.85742,1.8584,1.85352,1.85449,1.84863,1.84961,1.84375,1.83691,1.83789,1.83105,1.83203,1.8252,1.82617,1.81836,1.81934,1.81152,1.8125,1.80371,1.80469,1.7959,1.79688,1.78809,1.78809,1.7793,1.76953,1.76953,1.75977,1.76074,1.75,1.75,1.73926,1.74023,1.72852,1.72949,1.71777,1.71875,1.70605,1.70703,1.69434,1.69531,1.68262,1.68262,1.66992,1.65625,1.65625,1.64258,1.64355,1.62891,1.62988,1.61523,1.61621,1.60059,1.60156,1.58594,1.57031,1.57129,1.55566,1.55664,1.54004,1.54102,1.52441,1.52539,1.50879,1.49121,1.49219,1.47559,1.47656,1.45898,1.45996,1.46094,1.46289,1.46387,1.46484,1.46582,1.4668,1.46777,1.46875
1.69727,1.70215,1.70605,1.70996,1.71484,1.71875,1.72266,1.72656,1.73047,1.7334,1.7373,1.74121,1.74414,1.74707,1.75098,1.75391,1.75684,1.75977,1.7627,1.76562,1.76855,1.77148,1.77441,1.77734,1.78027,1.78223,1.78516,1.78711,1.79004,1.79199,1.79492,1.79688,1.79883,1.80176,1.80371,1.80566,1.80762,1.80957,1.81152,1.81445,1.81641,1.81836,1.81934,1.82129,1.82324,1.8252,1.82715,1.8291,1.83008,1.83203,1.83398,1.83594,1.83691,1.83887,1.83984,1.8418,1.84375,1.84473,1.84668,1.84766,1.84961,1.85059,1.85156,1.85352,1.85449,1.85547,1.85742,1.85254,1.85449,1.84961,1.85059,1.8457,1.84668,1.8418,1.84277,1.83691,1.83789,1.83203,1.82617,1.82715,1.82031,1.82129,1.81445,1.81543,1.80859,1.80957,1.80176,1.80273,1.79492,1.7959,1.78711,1.78809,1.7793,1.78027,1.77148,1.76172,1.7627,1.75195,1.75293,1.74316,1.74414,1.7334,1.7334,1.72266,1.72363,1.71191,1.71289,1.70117,1.70215,1.68945,1.69043,1.67773,1.67871,1.66602,1.65234,1.65332,1.63965,1.64062,1.62598,1.62695,1.6123,1.61328,1.59863,1.59961,1.58496,1.58594,1.57031,1.55469,1.55566,1.53906,1.54004,1.52441,1.52539,1.50879,1.49219,1.49316,1.47559,1.47754,1.45996,1.46094,1.44336,1.44531,1.44629,1.44727,1.44824,1.4502,1.45117,1.45215,1.45312,1.4541
1.66895,1.67383,1.67871,1.68262,1.6875,1.69141,1.69629,1.7002,1.7041,1.70801,1.71191,1.71582,1.71973,1.72266,1.72656,1.72949,1.7334,1.73633,1.74023,1.74316,1.74609,1.74902,1.75195,1.75488,1.75781,1.76074,1.76367,1.76562,1.76855,1.77148,1.77344,1.77637,1.77832,1.78125,1.7832,1.78613,1.78809,1.79004,1.79297,1.79492,1.79688,1.79883,1.80078,1.80273,1.80469,1.80664,1.80859,1.81055,1.8125,1.81445,1.81641,1.81836,1.81934,1.82129,1.82324,1.8252,1.82617,1.82812,1.83008,1.83105,1.83301,1.83398,1.83594,1.83691,1.83887,1.83984,1.8418,1.83691,1.83789,1.83301,1.83496,1.83008,1.83105,1.8252,1.82031,1.82129,1.81543,1.81641,1.80957,1.81055,1.80469,1.80566,1.79785,1.7998,1.79199,1.79297,1.78516,1.78613,1.77832,1.7793,1.77051,1.77148,1.7627,1.75391,1.75488,1.74512,1.74609,1.73535,1.73633,1.72656,1.72754,1.7168,1.7168,1.70605,1.70703,1.69531,1.69629,1.68457,1.68555,1.67285,1.67383,1.66113,1.64844,1.64941,1.63574,1.63672,1.62305,1.62402,1.60938,1.61035,1.59668,1.59766,1.58301,1.58398,1.56836,1.55273,1.55371,1.53809,1.53906,1.52344,1.52441,1.50879,1.50977,1.49316,1.47656,1.47754,1.46094,1.46191,1.44434,1.42773,1.42871,1.42969,1.43164,1.43262,1.43359,1.43555,1.43652,1.4375,1.43848,1.44043
1.64062,1.64551,1.65039,1.65527,1.66016,1.66504,1.66992,1.67383,1.67871,1.68262,1.68652,1.69043,1.69434,1.69824,1.70215,1.70605,1.70996,1.71289,1.7168,1.71973,1.72363,1.72656,1.72949,1.73242,1.73633,1.73926,1.74219,1.74512,1.74805,1.75,1.75293,1.75586,1.75879,1.76074,1.76367,1.76562,1.76855,1.77051,1.77344,1.77539,1.77734,1.78027,1.78223,1.78418,1.78613,1.78906,1.79102,1.79297,1.79492,1.79688,1.79883,1.80078,1.80273,1.80469,1.80566,1.80762,1.80957,1.81152,1.81348,1.81445,1.81641,1.81836,1.81934,1.82129,1.82324,1.82422,1.82617,1.82129,1.82227,1.81738,1.81934,1.81348,1.80859,1.80957,1.80371,1.80469,1.79883,1.7998,1.79395,1.79492,1.78809,1.78906,1.78223,1.7832,1.77539,1.77637,1.76855,1.76953,1.76172,1.7627,1.75391,1.74512,1.74609,1.7373,1.73828,1.72852,1.72949,1.71875,1.71973,1.70996,1.71094,1.7002,1.70117,1.68945,1.69043,1.67871,1.67969,1.66797,1.66895,1.65625,1.64355,1.64453,1.63184,1.63281,1.61914,1.62012,1.60645,1.60742,1.59375,1.59473,1.58008,1.58105,1.56641,1.55176,1.55273,1.53711,1.53809,1.52246,1.52344,1.50781,1.50879,1.49316,1.47656,1.47754,1.46094,1.46191,1.44531,1.44629,1.42969,1.41211,1.41406,1.41504,1.41602,1.41797,1.41895,1.4209,1.42188,1.42285,1.4248,1.42578
1.6123,1.61816,1.62402,1.62891,1.63379,1.63867,1.64355,1.64844,1.65332,1.65723,1.66211,1.66602,1.66992,1.6748,1.67871,1.68262,1.68652,1.69043,1.69336,1.69727,1.70117,1.7041,1.70801,1.71094,1.71387,1.71777,1.7207,1.72363,1.72656,1.72949,1.73242,1.73535,1.73828,1.74121,1.74414,1.74609,1.74902,1.75195,1.75391,1.75684,1.75879,1.76172,1.76367,1.76562,1.76855,1.77051,1.77246,1.77441,1.77734,1.7793,1.78125,1.7832,1.78516,1.78711,1.78906,1.79102,1.79297,1.79492,1.79688,1.79883,1.7998,1.80176,1.80371,1.80566,1.80664,1.80859,1.81055,1.80566,1.7998,1.80176,1.7959,1.79785,1.79199,1.79395,1.78711,1.78906,1.78223,1.78418,1.77734,1.77832,1.77148,1.77246,1.76562,1.7666,1.75879,1.76074,1.75195,1.74414,1.74512,1.73633,1.7373,1.72852,1.72949,1.7207,1.72168,1.71191,1.71289,1.70215,1.7041,1.69336,1.69434,1.68359,1.68457,1.67285,1.67383,1.66211,1.66406,1.65137,1.63965,1.64062,1.62793,1.62891,1.61523,1.61621,1.60352,1.60449,1.59082,1.5918,1.57715,1.57812,1.56445,1.54883,1.55078,1.53516,1.53711,1.52148,1.52246,1.50684,1.50781,1.49219,1.47559,1.47754,1.46094,1.46191,1.44531,1.44727,1.42969,1.41309,1.41406,1.39746,1.39844,1.40039,1.40137,1.40332,1.4043,1.40625,1.40723,1.40918,1.41016,1.41211
1.58496,1.59082,1.59668,1.60254,1.60742,1.6123,1.61816,1.62305,1.62793,1.63281,1.63672,1.6416,1.64648,1.65039,1.6543,1.65918,1.66309,1.66699,1.6709,1.6748,1.67871,1.68262,1.68555,1.68945,1.69238,1.69629,1.69922,1.70312,1.70605,1.70898,1.71191,1.71484,1.71777,1.7207,1.72363,1.72656,1.72949,1.73242,1.73535,1.7373,1.74023,1.74316,1.74512,1.74805,1.75,1.75293,1.75488,1.75684,1.75977,1.76172,1.76367,1.76562,1.76855,1.77051,1.77246,1.77441,1.77637,1.77832,1.78027,1.78223,1.78418,1.78613,1.78809,1.78906,1.79102,1.79297,1.78809,1.79004,1.78418,1.78613,1.78027,1.78223,1.77637,1.77734,1.77148,1.77344,1.7666,1.76758,1.76074,1.7627,1.75586,1.75684,1.74902,1.74121,1.74316,1.73438,1.73633,1.72754,1.72852,1.71973,1.72168,1.71191,1.71387,1.7041,1.70508,1.69531,1.69629,1.68652,1.6875,1.67676,1.67773,1.66699,1.66797,1.65723,1.64453,1.64648,1.63379,1.63574,1.62305,1.62402,1.61133,1.6123,1.59961,1.60059,1.58691,1.58789,1.57422,1.5752,1.56152,1.54688,1.54785,1.5332,1.53418,1.51953,1.52051,1.50586,1.50684,1.49121,1.49219,1.47656,1.45996,1.46191,1.44531,1.44727,1.42969,1.41309,1.41504,1.39746,1.39941,1.38184,1.38379,1.38574,1.38672,1.38867,1.39062,1.3916,1.39355,1.39453,1.39648,1.39746
1.55762,1.56445,1.57031,1.57617,1.58105,1.58691,1.59277,1.59766,1.60254,1.60742,1.6123,1.61719,1.62207,1.62695,1.63086,1.63574,1.63965,1.64453,1.64844,1.65234,1.65625,1.66016,1.66406,1.66797,1.67188,1.6748,1.67871,1.68164,1.68555,1.68848,1.69238,1.69531,1.69824,1.70117,1.7041,1.70703,1.70996,1.71289,1.71582,1.71875,1.72168,1.72461,1.72656,1.72949,1.73242,1.73438,1.7373,1.73926,1.74219,1.74414,1.74609,1.74902,1.75098,1.75293,1.75586,1.75781,1.75977,1.76172,1.76367,1.76562,1.76758,1.76953,1.77148,1.77344,1.77539,1.77734,1.77246,1.77441,1.76855,1.77051,1.76465,1.7666,1.75977,1.76172,1.75586,1.75684,1.75,1.75195,1.74512,1.73828,1.73926,1.73145,1.7334,1.72559,1.72656,1.71875,1.71973,1.71094,1.71289,1.7041,1.70508,1.69629,1.69727,1.6875,1.68848,1.67871,1.68066,1.66992,1.6709,1.66016,1.66211,1.65039,1.63867,1.64062,1.62891,1.62988,1.61816,1.61914,1.60645,1.60742,1.59473,1.59668,1.58301,1.58398,1.57129,1.57227,1.55859,1.54395,1.5459,1.53125,1.53223,1.51758,1.51855,1.50391,1.50488,1.48926,1.49121,1.47559,1.45996,1.46094,1.44531,1.44629,1.42969,1.43164,1.41504,1.39844,1.39941,1.38281,1.38477,1.36719,1.36914,1.37109,1.37207,1.37402,1.37598,1.37793,1.37891,1.38086,1.38184,1.38379
1.53125,1.53711,1.54395,1.5498,1.55566,1.56152,1.56738,1.57227,1.57812,1.58301,1.58887,1.59375,1.59863,1.60352,1.6084,1.6123,1.61719,1.62109,1.62598,1.62988,1.63477,1.63867,1.64258,1.64648,1.65039,1.6543,1.65723,1.66113,1.66504,1.66797,1.67188,1.6748,1.67871,1.68164,1.68457,1.68848,1.69141,1.69434,1.69727,1.7002,1.70312,1.70605,1.70898,1.71094,1.71387,1.7168,1.71973,1.72168,1.72461,1.72656,1.72949,1.73145,1.73438,1.73633,1.73926,1.74121,1.74316,1.74512,1.74805,1.75,1.75195,1.75391,1.75586,1.75781,1.75977,1.76172,1.75684,1.75879,1.75293,1.75488,1.74902,1.75098,1.74414,1.73828,1.73926,1.73242,1.73438,1.72754,1.72949,1.72168,1.72363,1.71582,1.7168,1.70898,1.71094,1.70215,1.7041,1.69531,1.69629,1.6875,1.68945,1.67969,1.68066,1.6709,1.67285,1.66309,1.65234,1.65332,1.64258,1.64453,1.63281,1.63477,1.62305,1.62402,1.6123,1.61426,1.60156,1.60254,1.59082,1.5918,1.5791,1.58008,1.56738,1.56836,1.55469,1.54102,1.54199,1.52832,1.5293,1.51465,1.5166,1.50195,1.50293,1.48828,1.48926,1.47363,1.45801,1.45996,1.44434,1.44531,1.42969,1.43066,1.41504,1.39844,1.39941,1.38281,1.38477,1.36816,1.35059,1.35254,1.35449,1.35645,1.3584,1.35938,1.36133,1.36328,1.36523,1.36719,1.36816,1.37012
1.50488,1.51074,1.51758,1.52441,1.53027,1.53613,1.54199,1.54785,1.55371,1.55957,1.56445,1.56934,1.5752,1.58008,1.58496,1.58984,1.59473,1.59961,1.60352,1.6084,1.6123,1.61719,1.62109,1.625,1.62891,1.63281,1.63672,1.64062,1.64453,1.64844,1.65234,1.65527,1.65918,1.66211,1.66602,1.66895,1.67188,1.67578,1.67871,1.68164,1.68457,1.6875,1.69043,1.69336,1.69629,1.69922,1.70215,1.7041,1.70703,1.70996,1.71191,1.71484,1.71777,1.71973,1.72266,1.72461,1.72656,1.72949,1.73145,1.7334,1.73633,1.73828,1.74023,1.74219,1.74512,1.74707,1.74121,1.74316,1.7373,1.73145,1.7334,1.72656,1.72852,1.72168,1.72363,1.7168,1.71875,1.71191,1.71289,1.70605,1.70703,1.69922,1.70117,1.69336,1.69434,1.68652,1.6875,1.67871,1.68066,1.67188,1.67285,1.66309,1.65332,1.65527,1.64453,1.64648,1.63574,1.6377,1.62695,1.62793,1.61719,1.61816,1.60645,1.6084,1.59668,1.59766,1.58496,1.58691,1.57422,1.57617,1.5625,1.5498,1.55078,1.53711,1.53906,1.52441,1.52637,1.51172,1.51367,1.49902,1.50098,1.48633,1.4873,1.47266,1.45703,1.45898,1.44238,1.44434,1.42871,1.43066,1.41406,1.39746,1.39941,1.38281,1.38477,1.36816,1.35156,1.35352,1.33594,1.33789,1.33984,1.3418,1.34375,1.3457,1.34766,1.34961,1.35059,1.35254,1.35449,1.35645
1.47852,1.48535,1.49219,1.49805,1.50488,1.51172,1.51758,1.52344,1.5293,1.53516,1.54102,1.5459,1.55176,1.55664,1.5625,1.56738,1.57227,1.57715,1.58203,1.58691,1.59082,1.5957,1.59961,1.60449,1.6084,1.6123,1.61621,1.62012,1.625,1.62793,1.63184,1.63574,1.63965,1.64258,1.64648,1.65039,1.65332,1.65723,1.66016,1.66309,1.66602,1.66992,1.67285,1.67578,1.67871,1.68164,1.68457,1.6875,1.69043,1.69238,1.69531,1.69824,1.70117,1.70312,1.70605,1.70801,1.71094,1.71289,1.71582,1.71777,1.7207,1.72266,1.72461,1.72754,1.72949,1.72363,1.72559,1.71973,1.72168,1.71582,1.71777,1.71094,1.71289,1.70605,1.70801,1.70117,1.70312,1.69531,1.69727,1.68945,1.69141,1.68359,1.68555,1.67676,1.67871,1.66992,1.66113,1.66309,1.65332,1.65527,1.64551,1.64746,1.6377,1.63867,1.62891,1.63086,1.62012,1.62109,1.61035,1.6123,1.60059,1.60254,1.59082,1.5918,1.58008,1.58203,1.56934,1.57129,1.55859,1.54492,1.54688,1.5332,1.53516,1.52148,1.52344,1.50879,1.51074,1.49609,1.49805,1.4834,1.46875,1.4707,1.45508,1.45703,1.44141,1.44336,1.42773,1.42969,1.41309,1.39746,1.39941,1.38281,1.38477,1.36816,1.35156,1.35352,1.33594,1.33789,1.32129,1.32324,1.3252,1.32715,1.3291,1.33105,1.33301,1.33496,1.33691,1.33887,1.34082,1.34277
1.45215,1.45898,1.4668,1.47363,1.48047,1.48633,1.49316,1.49902,1.50586,1.51172,1.51758,1.52344,1.52832,1.53418,1.54004,1.54492,1.5498,1.55469,1.55957,1.56445,1.56934,1.57422,1.5791,1.58301,1.58789,1.5918,1.59668,1.60059,1.60449,1.6084,1.6123,1.61621,1.62012,1.62402,1.62793,1.63086,1.63477,1.63867,1.6416,1.64453,1.64844,1.65137,1.6543,1.6582,1.66113,1.66406,1.66699,1.66992,1.67285,1.67578,1.67871,1.68164,1.68457,1.68652,1.68945,1.69238,1.69434,1.69727,1.69922,1.70215,1.70508,1.70703,1.70898,1.71191,1.71387,1.70801,1.70996,1.7041,1.70605,1.7002,1.70215,1.69531,1.69727,1.69043,1.69238,1.68555,1.6875,1.67969,1.67188,1.67383,1.66602,1.66797,1.65918,1.66113,1.65234,1.6543,1.64551,1.64746,1.6377,1.63965,1.62988,1.63184,1.62109,1.62305,1.6123,1.61426,1.60352,1.60547,1.59473,1.5957,1.58496,1.58594,1.57422,1.5625,1.56445,1.55176,1.55371,1.54102,1.54199,1.5293,1.53125,1.51758,1.51953,1.50586,1.50781,1.49316,1.49512,1.48047,1.46582,1.46777,1.45312,1.45508,1.43945,1.44141,1.42578,1.42773,1.41211,1.39648,1.39844,1.38184,1.38379,1.36719,1.35059,1.35352,1.33594,1.33887,1.32129,1.30469,1.30664,1.30859,1.31152,1.31348,1.31543,1.31738,1.31934,1.32129,1.32324,1.3252,1.32715,1.3291
1.42676,1.43359,1.44141,1.44824,1.45508,1.46191,1.46875,1.47559,1.48145,1.48828,1.49414,1.5,1.50586,1.51172,1.51758,1.52246,1.52832,1.5332,1.53809,1.54395,1.54883,1.55371,1.55762,1.5625,1.56738,1.57227,1.57617,1.58008,1.58496,1.58887,1.59277,1.59668,1.60059,1.60449,1.6084,1.6123,1.61621,1.62012,1.62305,1.62695,1.62988,1.63379,1.63672,1.64062,1.64355,1.64648,1.64941,1.65332,1.65625,1.65918,1.66211,1.66504,1.66797,1.6709,1.67285,1.67578,1.67871,1.68164,1.68359,1.68652,1.68945,1.69141,1.69434,1.69629,1.69922,1.69238,1.69531,1.68848,1.69141,1.68457,1.67773,1.67969,1.67285,1.6748,1.66797,1.66992,1.66211,1.66406,1.65625,1.6582,1.65039,1.65234,1.64355,1.64551,1.63672,1.63867,1.62891,1.63086,1.62207,1.62402,1.61328,1.61523,1.60547,1.60742,1.59668,1.59863,1.58789,1.58984,1.57812,1.56641,1.56836,1.55664,1.55859,1.54688,1.54785,1.53613,1.53809,1.52441,1.52637,1.51367,1.51562,1.50195,1.50391,1.49023,1.47559,1.47754,1.46289,1.46484,1.4502,1.45215,1.4375,1.43945,1.42383,1.42578,1.41016,1.39453,1.39648,1.38086,1.38281,1.36719,1.35059,1.35254,1.33594,1.33789,1.32129,1.30469,1.30664,1.29004,1.29199,1.29492,1.29688,1.29883,1.30078,1.30371,1.30566,1.30762,1.30957,1.31152,1.31348,1.31543
1.40137,1.40918,1.41699,1.42383,1.43066,1.43848,1.44531,1.45215,1.45801,1.46484,1.4707,1.47754,1.4834,1.48926,1.49512,1.50098,1.50586,1.51172,1.5166,1.52246,1.52734,1.53223,1.53711,1.54199,1.54688,1.55176,1.55664,1.56055,1.56543,1.56934,1.57422,1.57812,1.58203,1.58594,1.58984,1.59375,1.59766,1.60156,1.60547,1.6084,1.6123,1.61621,1.61914,1.62305,1.62598,1.62988,1.63281,1.63574,1.63867,1.64258,1.64551,1.64844,1.65137,1.6543,1.65723,1.66016,1.66309,1.66504,1.66797,1.6709,1.67383,1.67578,1.67871,1.68164,1.6748,1.67773,1.6709,1.67383,1.66699,1.66895,1.66211,1.66406,1.65723,1.65918,1.65234,1.6543,1.64648,1.64844,1.64062,1.64258,1.63379,1.63672,1.62793,1.62988,1.62109,1.62305,1.61328,1.61523,1.60547,1.60742,1.59766,1.58789,1.58984,1.5791,1.58105,1.57031,1.57227,1.56055,1.5625,1.55078,1.55273,1.54102,1.54297,1.53027,1.53223,1.51953,1.52148,1.50879,1.51074,1.49805,1.5,1.48633,1.47168,1.47461,1.45996,1.46191,1.44727,1.44922,1.43457,1.43652,1.42188,1.40625,1.40918,1.39355,1.39551,1.37988,1.38184,1.36621,1.34961,1.35156,1.33594,1.33789,1.32129,1.32324,1.30664,1.29004,1.29297,1.27539,1.27832,1.28027,1.28223,1.28516,1.28711,1.28906,1.29199,1.29395,1.2959,1.29785,1.2998,1.30176
1.37598,1.38379,1.3916,1.39941,1.40723,1.41406,1.42188,1.42871,1.43555,1.44238,1.44824,1.45508,1.46094,1.4668,1.47363,1.47949,1.48438,1.49023,1.49609,1.50098,1.50684,1.51172,1.5166,1.52246,1.52734,1.53223,1.53613,1.54102,1.5459,1.5498,1.55469,1.55859,1.56348,1.56738,1.57129,1.5752,1.5791,1.58301,1.58691,1.59082,1.59473,1.59863,1.60156,1.60547,1.60938,1.6123,1.61621,1.61914,1.62207,1.62598,1.62891,1.63184,1.63477,1.6377,1.64062,1.64355,1.64648,1.64941,1.65234,1.65527,1.6582,1.66113,1.66309,1.66602,1.66016,1.66211,1.65527,1.6582,1.65137,1.65332,1.64648,1.64941,1.6416,1.64453,1.63672,1.63867,1.63086,1.63281,1.625,1.62695,1.61816,1.60938,1.6123,1.60254,1.60449,1.5957,1.59766,1.58789,1.58984,1.58008,1.58203,1.57129,1.57422,1.5625,1.56543,1.55371,1.55566,1.54492,1.54688,1.53516,1.53711,1.52539,1.52734,1.51465,1.5166,1.50391,1.49121,1.49316,1.47949,1.48242,1.46875,1.4707,1.45605,1.45898,1.44434,1.44629,1.43164,1.43457,1.41992,1.4043,1.40625,1.3916,1.39355,1.37793,1.37988,1.36426,1.34863,1.35059,1.33496,1.33691,1.32031,1.32324,1.30664,1.29004,1.29297,1.27539,1.25879,1.26172,1.26367,1.2666,1.26855,1.27148,1.27344,1.27539,1.27832,1.28027,1.28223,1.28418,1.28711,1.28906
1.35156,1.35938,1.36816,1.37598,1.38379,1.39062,1.39844,1.40527,1.41211,1.41895,1.42578,1.43262,1.43945,1.44531,1.45117,1.45801,1.46387,1.46973,1.47461,1.48047,1.48633,1.49121,1.49707,1.50195,1.50684,1.51172,1.5166,1.52148,1.52637,1.53125,1.53516,1.54004,1.54492,1.54883,1.55273,1.55762,1.56152,1.56543,1.56934,1.57324,1.57715,1.58105,1.58496,1.58789,1.5918,1.5957,1.59863,1.60254,1.60547,1.60938,1.6123,1.61523,1.61914,1.62207,1.625,1.62793,1.63086,1.63379,1.63672,1.63965,1.64258,1.64551,1.64844,1.65137,1.64453,1.64746,1.64062,1.64258,1.63574,1.62891,1.63086,1.62402,1.62598,1.61816,1.62109,1.6123,1.61523,1.60645,1.60938,1.60059,1.60254,1.59375,1.59668,1.58691,1.58887,1.58008,1.58203,1.57227,1.57422,1.56445,1.56641,1.55566,1.55762,1.54688,1.5498,1.53809,1.54004,1.5293,1.53125,1.51953,1.52148,1.50977,1.49707,1.49902,1.48633,1.48828,1.47559,1.47754,1.46387,1.4668,1.45312,1.45508,1.44141,1.44336,1.42871,1.41406,1.41699,1.40234,1.4043,1.38867,1.3916,1.37598,1.37891,1.36328,1.34766,1.34961,1.33398,1.33594,1.32031,1.30371,1.30566,1.29004,1.29199,1.27539,1.25879,1.26172,1.24512,1.24707,1.25,1.25195,1.25488,1.25684,1.25977,1.26172,1.26465,1.2666,1.26855,1.27148,1.27344,1.27539
1.32715,1.33594,1.34375,1.35156,1.36035,1.36719,1.375,1.38281,1.38965,1.39648,1.40332,1.41016,1.41699,1.42383,1.42969,1.43652,1.44238,1.44824,1.4541,1.45996,1.46582,1.47168,1.47656,1.48242,1.4873,1.49219,1.49707,1.50195,1.50684,1.51172,1.5166,1.52148,1.52637,1.53027,1.53516,1.53906,1.54297,1.54785,1.55176,1.55566,1.55957,1.56348,1.56738,1.57129,1.5752,1.5791,1.58203,1.58594,1.58887,1.59277,1.5957,1.59961,1.60254,1.60645,1.60938,1.6123,1.61523,1.61816,1.62207,1.625,1.62793,1.63086,1.63281,1.62695,1.62891,1.62207,1.625,1.61816,1.62109,1.61328,1.61621,1.6084,1.61133,1.60254,1.60547,1.59766,1.59961,1.59082,1.59375,1.58496,1.58789,1.57812,1.58105,1.57129,1.57422,1.56445,1.56641,1.55664,1.55859,1.54883,1.55078,1.54004,1.54297,1.53125,1.52051,1.52246,1.51074,1.51367,1.50098,1.50391,1.49121,1.49414,1.48145,1.4834,1.4707,1.47266,1.45996,1.46191,1.44824,1.45117,1.4375,1.42285,1.42578,1.41113,1.41406,1.39941,1.40137,1.38672,1.38867,1.37402,1.37598,1.36133,1.3457,1.34766,1.33203,1.33496,1.31836,1.30273,1.30566,1.28906,1.29199,1.27539,1.25879,1.26074,1.24414,1.24707,1.23047,1.2334,1.23535,1.23828,1.24121,1.24316,1.24609,1.24805,1.25098,1.25293,1.25586,1.25781,1.25977,1.2627
1.30371,1.31152,1.32031,1.3291,1.33691,1.34473,1.35254,1.36035,1.36719,1.375,1.38184,1.38867,1.39551,1.40234,1.40918,1.41504,1.42188,1.42773,1.43359,1.43945,1.44531,1.45117,1.45703,1.46191,1.46777,1.47266,1.47852,1.4834,1.48828,1.49316,1.49805,1.50293,1.50781,1.51172,1.5166,1.52148,1.52539,1.53027,1.53418,1.53809,1.54199,1.54688,1.55078,1.55469,1.55859,1.56152,1.56543,1.56934,1.57324,1.57617,1.58008,1.58301,1.58691,1.58984,1.59375,1.59668,1.59961,1.60352,1.60645,1.60938,1.6123,1.61523,1.61816,1.61133,1.61426,1.60742,1.61035,1.60254,1.60547,1.59766,1.60059,1.59277,1.5957,1.58789,1.58984,1.58203,1.58496,1.57617,1.57812,1.56934,1.56055,1.5625,1.55371,1.55566,1.5459,1.54883,1.53809,1.54102,1.53027,1.5332,1.52246,1.52441,1.51367,1.51562,1.50488,1.50684,1.49512,1.49805,1.48535,1.48828,1.47559,1.47852,1.46582,1.46777,1.45508,1.45801,1.44434,1.43066,1.43359,1.41992,1.42188,1.4082,1.41016,1.39551,1.39844,1.38379,1.38672,1.37109,1.35645,1.3584,1.34375,1.3457,1.33008,1.33301,1.31738,1.30176,1.30371,1.28809,1.29102,1.27441,1.25781,1.26074,1.24414,1.24707,1.23047,1.21387,1.2168,1.21875,1.22168,1.22461,1.22754,1.22949,1.23242,1.23535,1.2373,1.24023,1.24219,1.24512,1.24707,1.24902
1.2793,1.28809,1.29688,1.30566,1.31348,1.32227,1.33008,1.33789,1.3457,1.35254,1.36035,1.36719,1.37402,1.38086,1.3877,1.39453,1.40039,1.40723,1.41309,1.41992,1.42578,1.43164,1.4375,1.44238,1.44824,1.4541,1.45898,1.46484,1.46973,1.47461,1.47949,1.48438,1.48926,1.49414,1.49902,1.50293,1.50781,1.5127,1.5166,1.52051,1.52539,1.5293,1.5332,1.53711,1.54102,1.54492,1.54883,1.55273,1.55664,1.56055,1.56348,1.56738,1.57129,1.57422,1.57812,1.58105,1.58496,1.58789,1.59082,1.59375,1.59766,1.60059,1.59375,1.59668,1.58887,1.5918,1.58496,1.58789,1.58008,1.58301,1.5752,1.57812,1.56934,1.57227,1.56348,1.56641,1.55762,1.56055,1.55176,1.55371,1.54492,1.54785,1.53809,1.54004,1.53027,1.5332,1.52246,1.52539,1.51465,1.51758,1.50684,1.50879,1.49805,1.5,1.48926,1.49121,1.47949,1.48242,1.46973,1.47266,1.45996,1.44727,1.4502,1.4375,1.43945,1.42676,1.42871,1.41504,1.41797,1.4043,1.40625,1.39258,1.39551,1.38086,1.36621,1.36816,1.35352,1.35645,1.34082,1.34375,1.32812,1.33105,1.31543,1.2998,1.30273,1.28711,1.28906,1.27344,1.25684,1.25977,1.24316,1.24609,1.22949,1.21387,1.21582,1.2002,1.20215,1.20508,1.20801,1.21094,1.21387,1.21582,1.21875,1.22168,1.22363,1.22656,1.22949,1.23145,1.23438,1.23633
1.25586,1.26562,1.27441,1.2832,1.29102,1.2998,1.30762,1.31543,1.32324,1.33105,1.33887,1.3457,1.35352,1.36035,1.36719,1.37402,1.38086,1.38672,1.39355,1.39941,1.40527,1.41211,1.41797,1.42383,1.42871,1.43457,1.44043,1.44531,1.45117,1.45605,1.46094,1.4668,1.47168,1.47656,1.48047,1.48535,1.49023,1.49512,1.49902,1.50391,1.50781,1.5127,1.5166,1.52051,1.52441,1.52832,1.5332,1.53711,1.54004,1.54395,1.54785,1.55176,1.55566,1.55859,1.5625,1.56543,1.56934,1.57227,1.57617,1.5791,1.58203,1.58594,1.57812,1.58203,1.57422,1.57715,1.56934,1.57227,1.56445,1.56738,1.55957,1.5625,1.55371,1.55664,1.54883,1.55176,1.54199,1.54492,1.53613,1.53906,1.5293,1.53223,1.52246,1.52539,1.51465,1.51758,1.50684,1.50977,1.49902,1.50195,1.49121,1.47949,1.48242,1.4707,1.47363,1.46191,1.46387,1.45215,1.45508,1.44238,1.44531,1.43262,1.43457,1.42188,1.4248,1.41113,1.41406,1.40039,1.40234,1.38867,1.375,1.37695,1.36328,1.36523,1.35059,1.35352,1.33887,1.3418,1.32617,1.31055,1.31348,1.29785,1.30078,1.28516,1.28809,1.27246,1.25586,1.25879,1.24316,1.24512,1.22949,1.21289,1.21582,1.19922,1.18262,1.18555,1.18848,1.19141,1.19434,1.19727,1.2002,1.20312,1.20605,1.20801,1.21094,1.21387,1.21582,1.21875,1.2207,1.22363
1.2334,1.24219,1.25098,1.25977,1.26855,1.27734,1.28613,1.29395,1.30176,1.30957,1.31738,1.3252,1.33203,1.33984,1.34668,1.35352,1.36035,1.36719,1.37305,1.37988,1.38574,1.39258,1.39844,1.4043,1.41016,1.41602,1.42188,1.42676,1.43262,1.4375,1.44336,1.44824,1.45312,1.45801,1.46289,1.46777,1.47266,1.47754,1.48242,1.48633,1.49121,1.49512,1.5,1.50391,1.50879,1.5127,1.5166,1.52051,1.52441,1.52832,1.53223,1.53613,1.54004,1.54297,1.54688,1.55078,1.55371,1.55762,1.56055,1.56445,1.56738,1.56055,1.56348,1.55566,1.55957,1.55176,1.55469,1.54688,1.5498,1.54102,1.54492,1.53613,1.53906,1.53027,1.5332,1.52441,1.52734,1.51758,1.52051,1.51074,1.51367,1.50391,1.50684,1.49707,1.5,1.48926,1.49219,1.48145,1.48438,1.47266,1.47559,1.46387,1.4668,1.45508,1.45801,1.44629,1.44922,1.43652,1.43945,1.42676,1.42969,1.41699,1.41992,1.40625,1.39258,1.39551,1.38184,1.38477,1.37109,1.37402,1.35938,1.3623,1.34766,1.35059,1.33594,1.32129,1.32422,1.30859,1.31152,1.2959,1.29883,1.2832,1.26758,1.27051,1.25488,1.25781,1.24121,1.24414,1.22852,1.21191,1.21484,1.19922,1.18262,1.18555,1.16895,1.17188,1.1748,1.17773,1.18066,1.18359,1.18652,1.18945,1.19238,1.19531,1.19824,1.2002,1.20312,1.20605,1.20801,1.21094
1.20996,1.21973,1.22852,1.23828,1.24707,1.25586,1.26367,1.27246,1.28027,1.28809,1.2959,1.30371,1.31152,1.31934,1.32617,1.33301,1.33984,1.34668,1.35352,1.36035,1.36621,1.37305,1.37891,1.38574,1.3916,1.39746,1.40332,1.4082,1.41406,1.41992,1.4248,1.43066,1.43555,1.44043,1.44531,1.45117,1.45605,1.45996,1.46484,1.46973,1.47461,1.47852,1.4834,1.4873,1.49219,1.49609,1.5,1.50488,1.50879,1.5127,1.5166,1.52051,1.52441,1.52832,1.53125,1.53516,1.53906,1.54199,1.5459,1.5498,1.55273,1.54492,1.54883,1.54102,1.54395,1.53613,1.54004,1.53125,1.53516,1.52637,1.5293,1.52051,1.52344,1.51465,1.51855,1.50879,1.51172,1.50195,1.50586,1.49609,1.49902,1.48828,1.49121,1.48145,1.48438,1.47363,1.47656,1.46582,1.46875,1.45703,1.45996,1.44922,1.45215,1.44043,1.44336,1.43066,1.41797,1.4209,1.4082,1.41113,1.39844,1.40137,1.38867,1.3916,1.37793,1.38086,1.36719,1.37012,1.35547,1.3584,1.34473,1.33008,1.33301,1.31836,1.32129,1.30566,1.30859,1.29395,1.29688,1.28125,1.26562,1.26855,1.25293,1.25586,1.24023,1.22461,1.22754,1.21094,1.21387,1.19824,1.18164,1.18457,1.16895,1.15234,1.15527,1.1582,1.16113,1.16504,1.16797,1.1709,1.17383,1.17676,1.17969,1.18164,1.18457,1.1875,1.19043,1.19336,1.19531,1.19824
1.1875,1.19727,1.20703,1.21582,1.22559,1.23438,1.24219,1.25098,1.25977,1.26758,1.27539,1.2832,1.29102,1.29883,1.30566,1.31348,1.32031,1.32715,1.33398,1.34082,1.34766,1.35352,1.36035,1.36621,1.37305,1.37891,1.38477,1.39062,1.39648,1.40137,1.40723,1.41309,1.41797,1.42285,1.42871,1.43359,1.43848,1.44336,1.44824,1.45312,1.45801,1.46191,1.4668,1.47168,1.47559,1.48047,1.48438,1.48828,1.49316,1.49707,1.50098,1.50488,1.50879,1.5127,1.5166,1.52051,1.52344,1.52734,1.53125,1.53418,1.52734,1.53027,1.52246,1.52637,1.51758,1.52148,1.52441,1.5166,1.51953,1.51074,1.51465,1.50586,1.50879,1.5,1.49023,1.49414,1.48438,1.4873,1.47754,1.48047,1.4707,1.47363,1.46289,1.46582,1.45508,1.45801,1.44727,1.4502,1.43945,1.44238,1.43066,1.43359,1.42188,1.4248,1.41211,1.41602,1.40332,1.40625,1.39355,1.39648,1.38379,1.38672,1.37305,1.37598,1.3623,1.36523,1.35156,1.33789,1.34082,1.32617,1.3291,1.31445,1.31738,1.30273,1.30566,1.29102,1.27637,1.2793,1.26367,1.2666,1.25098,1.25391,1.23828,1.22266,1.22559,1.20996,1.21289,1.19727,1.18066,1.18359,1.16797,1.15137,1.15527,1.13867,1.1416,1.14453,1.14844,1.15137,1.1543,1.15723,1.16016,1.16309,1.16602,1.16895,1.17188,1.1748,1.17773,1.18066,1.18262,1.18555
1.16504,1.17578,1.18457,1.19434,1.20312,1.21289,1.22168,1.23047,1.23828,1.24707,1.25488,1.2627,1.27051,1.27832,1.28613,1.29395,1.30078,1.30762,1.31445,1.32129,1.32812,1.33496,1.3418,1.34766,1.35449,1.36035,1.36621,1.37207,1.37793,1.38379,1.38965,1.39551,1.40039,1.40625,1.41113,1.41602,1.42188,1.42676,1.43164,1.43652,1.44141,1.44629,1.4502,1.45508,1.45996,1.46387,1.46875,1.47266,1.47656,1.48145,1.48535,1.48926,1.49316,1.49707,1.50098,1.50488,1.50879,1.5127,1.5166,1.51953,1.51172,1.51562,1.50781,1.51172,1.50293,1.50684,1.49805,1.50195,1.49316,1.49609,1.4873,1.49023,1.48145,1.48438,1.47559,1.47852,1.46875,1.47266,1.46191,1.46582,1.45508,1.45801,1.44727,1.45117,1.44043,1.44336,1.43262,1.43555,1.42383,1.42676,1.41504,1.41895,1.40625,1.40918,1.39746,1.40039,1.3877,1.39062,1.37793,1.36523,1.36816,1.35449,1.3584,1.34473,1.34766,1.33398,1.33691,1.32227,1.32617,1.31152,1.31445,1.2998,1.28516,1.28809,1.27344,1.27637,1.26172,1.26465,1.24902,1.2334,1.23633,1.2207,1.22461,1.20801,1.19238,1.19531,1.17969,1.18262,1.16699,1.15039,1.1543,1.1377,1.12207,1.125,1.12793,1.13184,1.13477,1.1377,1.1416,1.14453,1.14746,1.15039,1.15332,1.15625,1.15918,1.16211,1.16504,1.16797,1.1709,1.17285
1.14355,1.15332,1.16309,1.17285,1.18262,1.19141,1.2002,1.20898,1.21777,1.22656,1.23438,1.24316,1.25098,1.25879,1.2666,1.27441,1.28125,1.28906,1.2959,1.30273,1.30957,1.31641,1.32324,1.3291,1.33594,1.3418,1.34863,1.35449,1.36035,1.36621,1.37207,1.37793,1.38281,1.38867,1.39453,1.39941,1.4043,1.41016,1.41504,1.41992,1.4248,1.42969,1.43457,1.43945,1.44336,1.44824,1.45312,1.45703,1.46191,1.46582,1.46973,1.47461,1.47852,1.48242,1.48633,1.49023,1.49414,1.49805,1.50195,1.49414,1.49707,1.48926,1.49316,1.48438,1.48828,1.49219,1.4834,1.48633,1.47754,1.48145,1.47266,1.47559,1.4668,1.46973,1.45996,1.46387,1.4541,1.45703,1.44727,1.4502,1.44043,1.44336,1.43262,1.42188,1.4248,1.41406,1.41699,1.40527,1.40918,1.39648,1.40039,1.3877,1.3916,1.37891,1.38184,1.36914,1.37305,1.36035,1.36328,1.34961,1.35352,1.33984,1.34277,1.3291,1.33301,1.31836,1.30469,1.30762,1.29297,1.29688,1.28223,1.28516,1.27051,1.27344,1.25879,1.24316,1.24707,1.23145,1.23438,1.21875,1.22266,1.20703,1.19141,1.19434,1.17871,1.18164,1.16602,1.14941,1.15332,1.13672,1.12109,1.12402,1.1084,1.11133,1.11523,1.11816,1.12109,1.125,1.12793,1.13086,1.13477,1.1377,1.14062,1.14355,1.14648,1.14941,1.15234,1.15527,1.1582,1.16113
1.12207,1.13184,1.1416,1.15137,1.16113,1.1709,1.17969,1.18848,1.19727,1.20605,1.21484,1.22266,1.23145,1.23926,1.24707,1.25488,1.26172,1.26953,1.27637,1.28418,1.29102,1.29785,1.30469,1.31152,1.31738,1.32422,1.33008,1.33691,1.34277,1.34863,1.35449,1.36035,1.36621,1.37207,1.37695,1.38281,1.3877,1.39355,1.39844,1.40332,1.4082,1.41309,1.41797,1.42285,1.42773,1.43262,1.4375,1.44141,1.44629,1.4502,1.45508,1.45898,1.46289,1.46777,1.47168,1.47559,1.47949,1.4834,1.4873,1.47949,1.48242,1.47461,1.47852,1.46973,1.47363,1.46484,1.46875,1.45898,1.46289,1.4541,1.45703,1.44824,1.45117,1.44141,1.44531,1.43555,1.43848,1.42871,1.43164,1.42188,1.4248,1.41406,1.41797,1.40625,1.41016,1.39844,1.40234,1.39062,1.39355,1.38184,1.38477,1.37305,1.37598,1.36426,1.36719,1.35449,1.35742,1.34473,1.34863,1.33496,1.32129,1.3252,1.31152,1.31445,1.30078,1.30371,1.29004,1.29297,1.27832,1.28223,1.26758,1.25195,1.25586,1.24121,1.24414,1.22852,1.23242,1.2168,1.20117,1.20508,1.18945,1.19238,1.17676,1.16113,1.16406,1.14844,1.15137,1.13574,1.12012,1.12305,1.10742,1.09082,1.09473,1.09863,1.10156,1.10547,1.1084,1.1123,1.11523,1.11816,1.12109,1.125,1.12793,1.13086,1.13379,1.13672,1.13965,1.14258,1.14551,1.14844
1.10059,1.11133,1.12109,1.13086,1.14062,1.15039,1.15918,1.16895,1.17773,1.18652,1.19531,1.20312,1.21191,1.21973,1.22754,1.23535,1.24316,1.25098,1.25781,1.26562,1.27246,1.2793,1.28613,1.29297,1.2998,1.30664,1.3125,1.31934,1.3252,1.33105,1.33691,1.34375,1.34863,1.35449,1.36035,1.36621,1.37109,1.37695,1.38184,1.3877,1.39258,1.39746,1.40234,1.40723,1.41211,1.41699,1.42188,1.42578,1.43066,1.43555,1.43945,1.44434,1.44824,1.45215,1.45703,1.46094,1.46484,1.46875,1.46094,1.46484,1.45605,1.45996,1.45117,1.45508,1.44629,1.4502,1.44043,1.44434,1.43555,1.43945,1.44238,1.43262,1.43652,1.42676,1.43066,1.41992,1.42383,1.41406,1.41699,1.40625,1.41016,1.39941,1.40234,1.3916,1.37988,1.38379,1.37207,1.375,1.36328,1.36719,1.35449,1.3584,1.3457,1.34863,1.33594,1.33984,1.32617,1.33008,1.31641,1.32031,1.30664,1.30957,1.2959,1.2998,1.28613,1.28906,1.27441,1.26074,1.26367,1.24902,1.25293,1.2373,1.24121,1.22656,1.21094,1.21484,1.19922,1.20215,1.1875,1.19043,1.1748,1.15918,1.16309,1.14648,1.15039,1.13477,1.11816,1.12207,1.10645,1.08984,1.09375,1.07812,1.08105,1.08496,1.08887,1.0918,1.0957,1.09863,1.10254,1.10547,1.1084,1.1123,1.11523,1.11816,1.12109,1.125,1.12793,1.13086,1.13379,1.13672
1.0791,1.08984,1.10059,1.11035,1.12012,1.12988,1.13965,1.14844,1.15723,1.16699,1.17578,1.18359,1.19238,1.2002,1.20898,1.2168,1.22461,1.23242,1.23926,1.24707,1.25391,1.26172,1.26855,1.27539,1.28223,1.28906,1.29492,1.30176,1.30762,1.31445,1.32031,1.32617,1.33203,1.33789,1.34375,1.34961,1.35547,1.36035,1.36621,1.37109,1.37598,1.38184,1.38672,1.3916,1.39648,1.40137,1.40625,1.41113,1.41504,1.41992,1.4248,1.42871,1.43359,1.4375,1.44141,1.44629,1.4502,1.4541,1.44629,1.4502,1.44141,1.44531,1.43652,1.44043,1.43164,1.43555,1.42578,1.42969,1.4209,1.42383,1.41406,1.41797,1.4082,1.41211,1.40137,1.40527,1.39453,1.39844,1.3877,1.3916,1.38086,1.38379,1.37305,1.37695,1.36523,1.36816,1.35645,1.36035,1.34863,1.35156,1.33984,1.34277,1.33008,1.33398,1.32129,1.3252,1.31152,1.31543,1.30176,1.28809,1.29199,1.27832,1.28125,1.26758,1.27051,1.25684,1.25977,1.24609,1.24902,1.23438,1.21973,1.22363,1.20801,1.21191,1.19629,1.2002,1.18457,1.16895,1.17285,1.15723,1.16113,1.14551,1.12891,1.13281,1.11719,1.12109,1.10547,1.08887,1.09277,1.07715,1.06055,1.06445,1.06836,1.07227,1.0752,1.0791,1.08301,1.08594,1.08984,1.09277,1.09668,1.09961,1.10254,1.10645,1.10938,1.1123,1.11523,1.11816,1.12109,1.12402
1.05859,1.06934,1.08008,1.08984,1.09961,1.10938,1.11914,1.12891,1.1377,1.14746,1.15625,1.16504,1.17285,1.18164,1.18945,1.19824,1.20605,1.21387,1.22168,1.22852,1.23633,1.24316,1.25098,1.25781,1.26465,1.27148,1.27832,1.28418,1.29102,1.29688,1.30371,1.30957,1.31543,1.32129,1.32715,1.33301,1.33887,1.34473,1.34961,1.35547,1.36035,1.36621,1.37109,1.37598,1.38086,1.38574,1.39062,1.39551,1.40039,1.40527,1.40918,1.41406,1.41895,1.42285,1.42773,1.43164,1.43555,1.42773,1.43164,1.42285,1.42676,1.41797,1.42188,1.41309,1.41699,1.40723,1.41113,1.40137,1.40527,1.39551,1.39941,1.38965,1.39355,1.38281,1.38672,1.37598,1.37988,1.36914,1.37305,1.3623,1.36523,1.35449,1.3584,1.34668,1.34961,1.33789,1.3418,1.33008,1.33301,1.32129,1.32422,1.31152,1.31543,1.30273,1.30664,1.29297,1.29688,1.2832,1.28711,1.27344,1.27734,1.2627,1.2666,1.25293,1.23828,1.24219,1.22754,1.23145,1.2168,1.21973,1.20508,1.20898,1.19336,1.17871,1.18262,1.16699,1.1709,1.15527,1.15918,1.14355,1.12793,1.13086,1.11523,1.09961,1.10352,1.08789,1.0918,1.0752,1.05957,1.06348,1.04785,1.05176,1.05566,1.05957,1.0625,1.06641,1.07031,1.07324,1.07715,1.08008,1.08398,1.08691,1.09082,1.09375,1.09668,1.10059,1.10352,1.10645,1.10938,1.1123
1.03809,1.04883,1.05957,1.07031,1.08008,1.08984,1.09961,1.10938,1.11816,1.12793,1.13672,1.14551,1.1543,1.16309,1.1709,1.17969,1.1875,1.19531,1.20312,1.21094,1.21875,1.22559,1.23242,1.24023,1.24707,1.25391,1.26074,1.26758,1.27344,1.28027,1.28711,1.29297,1.29883,1.30469,1.31055,1.31641,1.32227,1.32812,1.33398,1.33887,1.34473,1.34961,1.35547,1.36035,1.36523,1.37109,1.37598,1.38086,1.38574,1.38965,1.39453,1.39941,1.4043,1.4082,1.41309,1.41699,1.4082,1.41309,1.41699,1.4082,1.41211,1.40332,1.40723,1.39844,1.40234,1.39258,1.39648,1.38672,1.39062,1.38086,1.38477,1.375,1.37891,1.36816,1.37207,1.36133,1.36523,1.35449,1.3584,1.34668,1.35059,1.33984,1.34277,1.33105,1.33496,1.32324,1.32715,1.31445,1.31836,1.30566,1.30957,1.29688,1.30078,1.28809,1.29199,1.27832,1.26465,1.26855,1.25488,1.25879,1.24512,1.24902,1.23438,1.23828,1.22363,1.22754,1.21289,1.2168,1.20215,1.1875,1.19043,1.17578,1.17969,1.16406,1.16797,1.15234,1.1377,1.1416,1.12598,1.12988,1.11426,1.09766,1.10156,1.08594,1.07031,1.07422,1.05859,1.04297,1.04688,1.03125,1.03516,1.03906,1.04297,1.0459,1.0498,1.05371,1.05762,1.06055,1.06445,1.06836,1.07129,1.0752,1.07812,1.08105,1.08496,1.08789,1.09082,1.09473,1.09766,1.10059
1.01758,1.02832,1.03906,1.0498,1.06055,1.07031,1.08008,1.08984,1.09961,1.1084,1.11816,1.12695,1.13574,1.14453,1.15234,1.16113,1.16895,1.17773,1.18555,1.19336,1.2002,1.20801,1.21582,1.22266,1.22949,1.23633,1.24316,1.25,1.25684,1.26367,1.27051,1.27637,1.28223,1.28906,1.29492,1.30078,1.30664,1.3125,1.31836,1.32324,1.3291,1.33496,1.33984,1.34473,1.35059,1.35547,1.36035,1.36523,1.37012,1.375,1.37988,1.38477,1.38965,1.39355,1.39844,1.40332,1.39453,1.39844,1.38965,1.39355,1.38477,1.38867,1.37891,1.38379,1.37402,1.37793,1.36816,1.37207,1.3623,1.36621,1.35547,1.36035,1.34961,1.35352,1.34277,1.34668,1.33594,1.33984,1.32812,1.33203,1.32031,1.32422,1.3125,1.31641,1.30469,1.30859,1.2959,1.2998,1.28711,1.29102,1.27832,1.28223,1.26953,1.27344,1.25977,1.26367,1.25,1.25391,1.24023,1.24414,1.23047,1.23438,1.21973,1.20508,1.20898,1.19434,1.19824,1.18359,1.1875,1.17285,1.17676,1.16113,1.14648,1.15039,1.13477,1.13867,1.12305,1.10742,1.11133,1.0957,1.09961,1.08398,1.06836,1.07227,1.05664,1.04102,1.04492,1.0293,1.01367,1.01855,1.02246,1.02637,1.03027,1.0332,1.03711,1.04102,1.04492,1.04883,1.05176,1.05566,1.05957,1.0625,1.06641,1.06934,1.07324,1.07617,1.0791,1.08301,1.08594,1.08887
0.997559,1.00879,1.01953,1.03027,1.04102,1.05078,1.06055,1.07129,1.08008,1.08984,1.09961,1.1084,1.11719,1.12598,1.13477,1.14258,1.15137,1.15918,1.16699,1.17578,1.18262,1.19043,1.19824,1.20508,1.21289,1.21973,1.22656,1.2334,1.24023,1.24707,1.25391,1.25977,1.2666,1.27246,1.27832,1.28516,1.29102,1.29688,1.30273,1.30762,1.31348,1.31934,1.32422,1.33008,1.33496,1.34082,1.3457,1.35059,1.35547,1.36035,1.36523,1.37012,1.375,1.37988,1.38379,1.375,1.37988,1.37012,1.375,1.36523,1.37012,1.36035,1.36523,1.35449,1.35938,1.36328,1.35352,1.35742,1.34766,1.35156,1.34082,1.3457,1.33496,1.33887,1.32812,1.33203,1.32129,1.3252,1.31348,1.31738,1.30566,1.30957,1.29785,1.30176,1.29004,1.29395,1.28125,1.28516,1.27246,1.27637,1.26367,1.26758,1.25488,1.24121,1.24512,1.23145,1.23535,1.22168,1.22559,1.21191,1.21582,1.20117,1.20508,1.19141,1.19531,1.18066,1.16602,1.16992,1.1543,1.1582,1.14355,1.14746,1.13184,1.11719,1.12109,1.10547,1.10938,1.09375,1.07812,1.08203,1.06738,1.07129,1.05566,1.04004,1.04395,1.02832,1.0127,1.0166,1.00098,1.00488,1.00977,1.01367,1.01758,1.02148,1.02539,1.02832,1.03223,1.03613,1.04004,1.04297,1.04688,1.05078,1.05371,1.05762,1.06055,1.06445,1.06738,1.07129,1.07422,1.07715
0.978027,0.989258,1,1.01074,1.02148,1.03223,1.04199,1.05176,1.06152,1.07129,1.08105,1.08984,1.09863,1.10742,1.11621,1.125,1.13379,1.1416,1.14941,1.1582,1.16602,1.17383,1.18066,1.18848,1.19531,1.20312,1.20996,1.2168,1.22363,1.23047,1.2373,1.24414,1.25,1.25684,1.2627,1.26855,1.27539,1.28125,1.28711,1.29297,1.29785,1.30371,1.30957,1.31445,1.32031,1.3252,1.33105,1.33594,1.34082,1.3457,1.35059,1.35547,1.36035,1.36523,1.35645,1.36133,1.36523,1.35645,1.36035,1.35156,1.35547,1.3457,1.35059,1.34082,1.34473,1.33496,1.33887,1.3291,1.33301,1.32227,1.32715,1.31543,1.32031,1.30859,1.31348,1.30176,1.30664,1.29492,1.29883,1.28711,1.29102,1.2793,1.2832,1.27051,1.27539,1.2627,1.2666,1.25391,1.25781,1.24512,1.24902,1.23633,1.24023,1.22656,1.23047,1.2168,1.2207,1.20703,1.21094,1.19727,1.18262,1.1875,1.17285,1.17676,1.16211,1.16602,1.15137,1.15527,1.14062,1.125,1.12988,1.11426,1.11816,1.10352,1.08789,1.0918,1.07617,1.08008,1.06445,1.0498,1.05371,1.03809,1.02246,1.02637,1.01074,0.995605,0.999512,0.984375,0.98877,0.992676,0.996582,1.00098,1.00488,1.00879,1.0127,1.0166,1.02051,1.02441,1.02734,1.03125,1.03516,1.03809,1.04199,1.0459,1.04883,1.05273,1.05566,1.05957,1.0625,1.06543
0.958008,0.969727,0.980957,0.991699,1.00195,1.0127,1.02344,1.0332,1.04297,1.05273,1.0625,1.07129,1.08105,1.08984,1.09863,1.10742,1.11621,1.12402,1.13281,1.14062,1.14844,1.15625,1.16406,1.17188,1.17871,1.18652,1.19336,1.2002,1.20801,1.21484,1.2207,1.22754,1.23438,1.24121,1.24707,1.25293,1.25977,1.26562,1.27148,1.27734,1.2832,1.28906,1.29395,1.2998,1.30566,1.31055,1.31641,1.32129,1.32617,1.33203,1.33691,1.3418,1.34668,1.35156,1.3418,1.34668,1.33691,1.3418,1.33203,1.33691,1.32715,1.33203,1.32129,1.32617,1.31543,1.32031,1.30957,1.31445,1.30371,1.30762,1.29688,1.30176,1.29004,1.29492,1.2832,1.28711,1.27539,1.28027,1.28418,1.27246,1.27637,1.26465,1.25195,1.25684,1.24414,1.24805,1.23535,1.23926,1.22656,1.23047,1.2168,1.22168,1.20801,1.21191,1.19824,1.20215,1.18848,1.19238,1.17871,1.18262,1.16895,1.17285,1.1582,1.14355,1.14746,1.13281,1.13672,1.12207,1.12598,1.11133,1.0957,1.10059,1.08496,1.08887,1.07422,1.05859,1.0625,1.04688,1.05176,1.03613,1.02051,1.02441,1.00879,0.993652,0.998047,0.98291,0.967285,0.97168,0.976074,0.97998,0.984375,0.988281,0.992676,0.996582,1,1.00391,1.00781,1.01172,1.01562,1.01953,1.02344,1.02637,1.03027,1.03418,1.03711,1.04102,1.04395,1.04785,1.05078,1.05469
0.938965,0.950195,0.961426,0.972656,0.983398,0.994141,1.00488,1.01465,1.02441,1.03418,1.04395,1.05371,1.06348,1.07227,1.08105,1.08984,1.09863,1.10742,1.11523,1.12305,1.13184,1.13965,1.14746,1.15527,1.16211,1.16992,1.17676,1.18457,1.19141,1.19824,1.20508,1.21191,1.21875,1.22461,1.23145,1.2373,1.24414,1.25,1.25586,1.26172,1.26758,1.27344,1.2793,1.28516,1.29102,1.2959,1.30176,1.30664,1.3125,1.31738,1.32227,1.32715,1.33203,1.32324,1.32812,1.31836,1.32324,1.31348,1.31738,1.30762,1.3125,1.30273,1.30664,1.31152,1.30078,1.30566,1.29492,1.2998,1.28906,1.29297,1.28223,1.28711,1.27539,1.28027,1.26855,1.27246,1.26074,1.26562,1.25391,1.25781,1.24512,1.25,1.2373,1.24219,1.22949,1.2334,1.2207,1.22461,1.21191,1.21582,1.20312,1.20703,1.19336,1.17969,1.18359,1.16992,1.17383,1.16016,1.16406,1.15039,1.1543,1.13965,1.14453,1.12988,1.13379,1.11914,1.10352,1.1084,1.09277,1.09766,1.08203,1.06738,1.07129,1.05566,1.06055,1.04492,1.0293,1.03418,1.01855,1.02246,1.00684,0.991699,0.996094,0.980957,0.96582,0.950684,0.955078,0.959473,0.963379,0.967773,0.972168,0.976074,0.980469,0.984375,0.988281,0.992188,0.996094,1,1.00391,1.00781,1.01172,1.01465,1.01855,1.02246,1.02539,1.0293,1.03223,1.03613,1.03906,1.04297
0.919434,0.931152,0.942871,0.954102,0.964844,0.975586,0.986328,0.996582,1.00684,1.0166,1.02637,1.03613,1.04492,1.05469,1.06348,1.07227,1.08105,1.08984,1.09863,1.10645,1.11426,1.12305,1.13086,1.13867,1.14648,1.15332,1.16113,1.16797,1.17578,1.18262,1.18945,1.19629,1.20312,1.20898,1.21582,1.22266,1.22852,1.23535,1.24121,1.24707,1.25293,1.25879,1.26465,1.27051,1.27637,1.28125,1.28711,1.29199,1.29785,1.30273,1.30859,1.31348,1.30371,1.30859,1.29883,1.30371,1.30859,1.29883,1.30371,1.29395,1.29785,1.28809,1.29297,1.28223,1.28711,1.27637,1.28125,1.26953,1.27441,1.2627,1.26758,1.25684,1.26074,1.24902,1.25391,1.24219,1.24609,1.23438,1.23926,1.22656,1.23145,1.21875,1.22266,1.20996,1.21484,1.20117,1.20605,1.19238,1.19727,1.18359,1.18848,1.1748,1.17871,1.16504,1.16992,1.15527,1.16016,1.14551,1.13184,1.13574,1.12109,1.12598,1.11133,1.11523,1.10059,1.10449,1.08984,1.0752,1.0791,1.06445,1.06836,1.05371,1.03809,1.04199,1.02734,1.03125,1.0166,1.00098,1.00488,0.989746,0.974609,0.979004,0.963867,0.94873,0.953125,0.937988,0.942383,0.946777,0.951172,0.955566,0.959961,0.963867,0.968262,0.972168,0.976074,0.980469,0.984375,0.988281,0.992188,0.995605,0.999512,1.00293,1.00684,1.01074,1.01465,1.01758,1.02148,1.02441,1.02832,1.03125
0.900879,0.912598,0.923828,0.935547,0.946289,0.95752,0.967773,0.978516,0.98877,0.998535,1.00879,1.01855,1.02734,1.03711,1.0459,1.05566,1.06445,1.07324,1.08105,1.08984,1.09766,1.10645,1.11426,1.12207,1.12988,1.1377,1.14453,1.15234,1.15918,1.16699,1.17383,1.18066,1.1875,1.19434,1.2002,1.20703,1.21387,1.21973,1.22559,1.23242,1.23828,1.24414,1.25,1.25586,1.26172,1.26758,1.27246,1.27832,1.2832,1.28906,1.29395,1.28418,1.28906,1.29492,1.28418,1.29004,1.2793,1.28418,1.27441,1.2793,1.26855,1.27344,1.2627,1.26758,1.25684,1.26172,1.25098,1.25586,1.24414,1.24902,1.2373,1.24219,1.23047,1.23535,1.22266,1.22754,1.21484,1.21973,1.22461,1.21191,1.2168,1.2041,1.19141,1.19531,1.18262,1.1875,1.17383,1.17871,1.16504,1.16992,1.15625,1.16016,1.14648,1.15137,1.13672,1.1416,1.12695,1.13184,1.11719,1.12207,1.10742,1.09277,1.09668,1.08203,1.08691,1.07129,1.07617,1.06152,1.0459,1.05078,1.03516,1.04004,1.02441,1.00879,1.01367,0.998535,1.00293,0.987793,0.972168,0.977051,0.961914,0.946777,0.931641,0.936035,0.921387,0.925781,0.930176,0.93457,0.938965,0.943359,0.947754,0.952148,0.956055,0.960449,0.964355,0.968262,0.972656,0.976562,0.980469,0.984375,0.987793,0.991699,0.995605,0.999023,1.00293,1.00684,1.00977,1.01367,1.0166,1.02051
0.881836,0.894043,0.905762,0.916992,0.928223,0.939453,0.950195,0.960449,0.970703,0.980957,0.991211,1.00098,1.01074,1.01953,1.0293,1.03809,1.04688,1.05566,1.06445,1.07324,1.08203,1.08984,1.09766,1.10547,1.11328,1.12109,1.12891,1.13672,1.14355,1.15137,1.1582,1.16504,1.17188,1.17871,1.18555,1.19238,1.19824,1.20508,1.21094,1.21777,1.22363,1.22949,1.23535,1.24121,1.24707,1.25293,1.25879,1.26367,1.26953,1.27441,1.28027,1.27051,1.27539,1.26562,1.27051,1.26074,1.26562,1.25488,1.25977,1.24902,1.25488,1.24316,1.24902,1.2373,1.24219,1.24707,1.23633,1.24121,1.22949,1.23438,1.22266,1.22754,1.21582,1.2207,1.20801,1.21289,1.20117,1.20605,1.19336,1.19824,1.18457,1.18945,1.17676,1.18164,1.16797,1.17285,1.15918,1.16406,1.15039,1.15527,1.1416,1.12793,1.13184,1.11816,1.12305,1.1084,1.11328,1.09863,1.10352,1.08887,1.09277,1.07812,1.06348,1.06836,1.05371,1.05762,1.04297,1.04785,1.03223,1.01758,1.02148,1.00684,1.01074,0.996094,0.980469,0.985352,0.970215,0.955078,0.959473,0.944336,0.929199,0.934082,0.918945,0.904297,0.90918,0.913574,0.917969,0.922852,0.927246,0.931641,0.936035,0.939941,0.944336,0.94873,0.952637,0.956543,0.960938,0.964844,0.96875,0.972656,0.976562,0.980469,0.983887,0.987793,0.991699,0.995117,0.999023,1.00195,1.00586,1.00977
0.863281,0.875488,0.887207,0.898926,0.910156,0.921387,0.932129,0.942871,0.953125,0.963867,0.973633,0.983398,0.993164,1.00293,1.0127,1.02148,1.03027,1.03906,1.04785,1.05664,1.06543,1.07324,1.08203,1.08984,1.09766,1.10547,1.11328,1.12109,1.12793,1.13574,1.14258,1.14941,1.15625,1.16309,1.16992,1.17676,1.18359,1.19043,1.19629,1.20312,1.20898,1.21484,1.2207,1.22656,1.23242,1.23828,1.24414,1.25,1.25586,1.26074,1.25098,1.25586,1.24609,1.25098,1.24121,1.24609,1.23535,1.24121,1.22949,1.23535,1.24023,1.22949,1.23438,1.22363,1.22852,1.2168,1.22168,1.20996,1.21582,1.20312,1.20898,1.19629,1.20117,1.18945,1.19434,1.18164,1.18652,1.17383,1.17871,1.16602,1.1709,1.15723,1.16211,1.14941,1.1543,1.14062,1.14551,1.13184,1.13672,1.12305,1.12695,1.11328,1.11816,1.10352,1.08984,1.09473,1.08008,1.08496,1.07031,1.0752,1.05957,1.06445,1.0498,1.03516,1.04004,1.02441,1.0293,1.01367,1.01855,1.00391,0.988281,0.993164,0.978027,0.962891,0.967773,0.952637,0.957031,0.941895,0.927246,0.912109,0.916992,0.901855,0.887695,0.89209,0.896973,0.901367,0.90625,0.910645,0.915039,0.919434,0.923828,0.928223,0.932617,0.937012,0.940918,0.945312,0.949219,0.953125,0.95752,0.961426,0.965332,0.969238,0.972656,0.976562,0.980469,0.983887,0.987793,0.991211,0.995117,0.998535
0.844727,0.856934,0.869141,0.880859,0.89209,0.90332,0.914551,0.925293,0.936035,0.946289,0.956543,0.966797,0.976562,0.98584,0.995605,1.00488,1.01367,1.02344,1.03223,1.04102,1.04883,1.05762,1.06543,1.07422,1.08203,1.08984,1.09766,1.10547,1.1123,1.12012,1.12695,1.13477,1.1416,1.14844,1.15527,1.16211,1.16895,1.17578,1.18164,1.18848,1.19434,1.2002,1.20703,1.21289,1.21875,1.22461,1.23047,1.23633,1.24121,1.23145,1.2373,1.22656,1.23242,1.22168,1.22656,1.21582,1.22168,1.22656,1.21582,1.2207,1.20996,1.21484,1.2041,1.20898,1.19727,1.20312,1.19141,1.19629,1.18457,1.18945,1.17676,1.18262,1.16992,1.1748,1.16211,1.16699,1.1543,1.15918,1.14648,1.15137,1.13867,1.14355,1.12988,1.13477,1.12109,1.12598,1.1123,1.11719,1.10352,1.1084,1.09473,1.09961,1.08496,1.08984,1.0752,1.08008,1.06543,1.05078,1.05566,1.04102,1.0459,1.03125,1.03613,1.02148,1.00586,1.01074,0.996094,1.00098,0.985352,0.970215,0.975098,0.959961,0.964844,0.949707,0.93457,0.939453,0.924805,0.909668,0.914551,0.899902,0.885254,0.870605,0.875488,0.880371,0.884766,0.889648,0.894531,0.898926,0.90332,0.907715,0.912109,0.916504,0.920898,0.925293,0.929688,0.933594,0.937988,0.941895,0.945801,0.950195,0.954102,0.958008,0.961914,0.965332,0.969238,0.973145,0.976562,0.980469,0.983887,0.987793
0.82666,0.838867,0.851074,0.862793,0.874512,0.885742,0.896973,0.908203,0.918945,0.929199,0.939453,0.949707,0.959473,0.969238,0.979004,0.988281,0.997559,1.00684,1.01562,1.02441,1.0332,1.04199,1.0498,1.05859,1.06641,1.07422,1.08203,1.08984,1.09766,1.10449,1.1123,1.11914,1.12695,1.13379,1.14062,1.14746,1.1543,1.16113,1.16699,1.17383,1.17969,1.18652,1.19238,1.19824,1.20508,1.21094,1.2168,1.22168,1.21191,1.21777,1.20703,1.21289,1.20215,1.20703,1.21289,1.20215,1.20703,1.19629,1.20215,1.19043,1.19629,1.18457,1.18945,1.17773,1.18359,1.17188,1.17676,1.16504,1.16992,1.15723,1.16309,1.15039,1.15527,1.16113,1.14844,1.15332,1.14062,1.14551,1.13281,1.1377,1.12402,1.12891,1.11621,1.10254,1.10742,1.09375,1.09863,1.08496,1.08984,1.0752,1.08008,1.06641,1.07129,1.05664,1.06152,1.04688,1.05176,1.03711,1.02246,1.02734,1.0127,1.01758,1.00293,1.00781,0.992676,0.977539,0.982422,0.967285,0.972168,0.957031,0.942383,0.947266,0.932129,0.916992,0.921875,0.907227,0.89209,0.897461,0.882324,0.868164,0.873047,0.858887,0.86377,0.868164,0.873047,0.87793,0.882812,0.887207,0.891602,0.896484,0.900879,0.905273,0.909668,0.914062,0.917969,0.922363,0.926758,0.930664,0.93457,0.938965,0.942871,0.946777,0.950684,0.95459,0.958496,0.961914,0.96582,0.969727,0.973145,0.977051
0.808594,0.821289,0.833496,0.845215,0.856934,0.868652,0.879883,0.890625,0.901855,0.912109,0.922852,0.933105,0.942871,0.952637,0.962402,0.972168,0.981445,0.990723,0.999512,1.00879,1.01758,1.02539,1.03418,1.04297,1.05078,1.05859,1.06641,1.07422,1.08203,1.08984,1.09766,1.10449,1.11133,1.11914,1.12598,1.13281,1.13965,1.14648,1.15332,1.15918,1.16602,1.17188,1.17871,1.18457,1.19043,1.19629,1.20215,1.19238,1.19824,1.1875,1.19336,1.19824,1.1875,1.19336,1.18262,1.1875,1.17676,1.18262,1.1709,1.17676,1.16504,1.16992,1.1582,1.16406,1.15137,1.15723,1.16309,1.15039,1.15625,1.14355,1.14844,1.13574,1.1416,1.12891,1.13379,1.12109,1.12598,1.11328,1.11816,1.10449,1.11035,1.09668,1.10156,1.08789,1.09375,1.0791,1.08496,1.07031,1.05664,1.06152,1.04688,1.05176,1.03809,1.04297,1.02832,1.0332,1.01855,1.02344,1.00879,0.994141,0.999023,0.984375,0.989258,0.974121,0.979492,0.964355,0.949219,0.954102,0.938965,0.924316,0.929199,0.914062,0.919434,0.904297,0.889648,0.875,0.879883,0.865234,0.851074,0.855957,0.841797,0.84668,0.852051,0.856934,0.861328,0.866211,0.871094,0.875488,0.880371,0.884766,0.88916,0.894043,0.898438,0.902344,0.906738,0.911133,0.915527,0.919434,0.923828,0.927734,0.931641,0.935547,0.939941,0.943848,0.947266,0.951172,0.955078,0.958984,0.962402,0.966309
0.790527,0.803223,0.815918,0.827637,0.839844,0.851074,0.862793,0.874023,0.884766,0.895508,0.905762,0.916504,0.92627,0.936523,0.946289,0.956055,0.965332,0.974609,0.983887,0.992676,1.00195,1.00977,1.01855,1.02734,1.03516,1.04395,1.05176,1.05957,1.06738,1.0752,1.08203,1.08984,1.09668,1.10449,1.11133,1.11816,1.125,1.13184,1.13867,1.14551,1.15137,1.1582,1.16406,1.1709,1.17676,1.18262,1.17188,1.17773,1.18457,1.17285,1.17871,1.16797,1.17383,1.16211,1.16797,1.15723,1.16309,1.15137,1.15723,1.14453,1.15039,1.13867,1.14453,1.15039,1.1377,1.14355,1.13086,1.13672,1.12402,1.12988,1.11621,1.12207,1.10938,1.11426,1.10156,1.10742,1.09375,1.09863,1.08594,1.09082,1.07715,1.08301,1.06836,1.07422,1.06055,1.06543,1.05176,1.05664,1.04199,1.04785,1.0332,1.01855,1.02441,1.00977,1.01465,1,1.00488,0.990234,0.995605,0.980469,0.965332,0.970703,0.955566,0.960938,0.945801,0.931152,0.936035,0.920898,0.92627,0.911133,0.896484,0.901367,0.886719,0.87207,0.876953,0.862793,0.848145,0.833984,0.838867,0.825195,0.830078,0.835449,0.840332,0.845215,0.850098,0.85498,0.859375,0.864258,0.869141,0.873535,0.87793,0.882324,0.887207,0.891602,0.895996,0.899902,0.904297,0.908691,0.912598,0.916992,0.920898,0.924805,0.928711,0.932617,0.936523,0.94043,0.944336,0.948242,0.952148,0.955566
0.772949,0.785645,0.79834,0.810547,0.822266,0.833984,0.845703,0.856934,0.868164,0.878906,0.889648,0.899902,0.910156,0.92041,0.930176,0.939941,0.949219,0.958496,0.967773,0.977051,0.98584,0.994629,1.00293,1.01172,1.02051,1.02832,1.03613,1.04395,1.05273,1.05957,1.06738,1.0752,1.08203,1.08984,1.09668,1.10352,1.11133,1.11816,1.125,1.13086,1.1377,1.14453,1.15039,1.15723,1.16309,1.15234,1.1582,1.16406,1.15332,1.15918,1.14844,1.1543,1.14258,1.14844,1.13672,1.14258,1.13086,1.13672,1.125,1.13086,1.13672,1.125,1.13086,1.11816,1.12402,1.11133,1.11719,1.10449,1.11035,1.09668,1.10254,1.08984,1.0957,1.08203,1.08789,1.07422,1.08008,1.06641,1.07129,1.05762,1.06348,1.0498,1.05469,1.04102,1.0459,1.03223,1.03711,1.02344,1.02832,1.01465,1.01953,1.00488,0.990234,0.995605,0.980957,0.986328,0.97168,0.976562,0.961914,0.946777,0.952148,0.9375,0.942383,0.927734,0.933105,0.917969,0.902832,0.908203,0.893555,0.878418,0.883789,0.869141,0.854492,0.859863,0.845215,0.831055,0.816895,0.822266,0.808105,0.813477,0.818848,0.82373,0.828613,0.833496,0.838379,0.843262,0.848145,0.853027,0.85791,0.862305,0.866699,0.871582,0.875977,0.880371,0.884766,0.88916,0.893555,0.897461,0.901855,0.905762,0.910156,0.914062,0.917969,0.922363,0.92627,0.930176,0.933594,0.9375,0.941406,0.945312
0.755371,0.768066,0.780762,0.792969,0.805176,0.817383,0.828613,0.840332,0.851562,0.862305,0.873047,0.883789,0.894043,0.904297,0.914062,0.923828,0.933594,0.942871,0.952148,0.961426,0.970703,0.979492,0.988281,0.996582,1.00488,1.01367,1.02148,1.0293,1.03711,1.04492,1.05273,1.06055,1.06836,1.0752,1.08301,1.08984,1.09668,1.10352,1.11035,1.11719,1.12402,1.13086,1.13672,1.14355,1.13184,1.13867,1.14453,1.13379,1.13965,1.12793,1.13477,1.12305,1.12891,1.11719,1.12305,1.11133,1.11719,1.12305,1.11133,1.11719,1.10449,1.11035,1.09863,1.10449,1.0918,1.09766,1.08496,1.08984,1.07715,1.08301,1.07031,1.0752,1.0625,1.06836,1.05469,1.06055,1.04688,1.05176,1.03809,1.04395,1.03027,1.03516,1.02148,1.02734,1.0127,1.01855,1.00391,1.00977,0.995117,1.00098,0.98584,0.991211,0.976562,0.961914,0.967285,0.952637,0.958008,0.943359,0.94873,0.933594,0.918945,0.924316,0.90918,0.914551,0.899902,0.884766,0.890137,0.875488,0.86084,0.866211,0.851562,0.836914,0.842285,0.828125,0.813965,0.799805,0.805176,0.791504,0.796875,0.802246,0.807129,0.8125,0.817383,0.822266,0.827148,0.832031,0.836914,0.841797,0.84668,0.851074,0.855957,0.860352,0.864746,0.869629,0.874023,0.878418,0.882324,0.886719,0.891113,0.89502,0.899414,0.90332,0.907715,0.911621,0.915527,0.919434,0.92334,0.927246,0.931152,0.93457
0.737793,0.750977,0.763672,0.775879,0.788574,0.800293,0.812012,0.82373,0.834961,0.846191,0.856934,0.867676,0.87793,0.888184,0.898438,0.908203,0.917969,0.927246,0.937012,0.946289,0.955078,0.964355,0.973145,0.981445,0.990234,0.998535,1.00684,1.01465,1.02246,1.03027,1.03809,1.0459,1.05371,1.06152,1.06836,1.0752,1.08301,1.08984,1.09668,1.10352,1.11035,1.11719,1.12305,1.1123,1.11816,1.125,1.11328,1.12012,1.1084,1.11426,1.10254,1.10938,1.09668,1.10352,1.09082,1.09766,1.10352,1.09082,1.09766,1.08496,1.09082,1.07812,1.08398,1.07129,1.07715,1.06445,1.07031,1.05762,1.06348,1.0498,1.05566,1.04297,1.04883,1.03516,1.04102,1.02734,1.03223,1.01855,1.02441,1.01074,1.0166,1.00195,1.00781,0.993652,0.999023,0.984863,0.990234,0.975586,0.981445,0.966797,0.972656,0.95752,0.942871,0.94873,0.933594,0.939453,0.924316,0.930176,0.915039,0.899902,0.905762,0.890625,0.896484,0.881348,0.866699,0.87207,0.857422,0.842773,0.848145,0.833496,0.819336,0.824707,0.810547,0.796875,0.782715,0.788574,0.774902,0.780273,0.785645,0.791016,0.795898,0.80127,0.806152,0.811035,0.816406,0.821289,0.826172,0.831055,0.835449,0.840332,0.844727,0.849609,0.854004,0.858398,0.862793,0.867676,0.871582,0.875977,0.880371,0.884766,0.888672,0.893066,0.896973,0.900879,0.905273,0.90918,0.913086,0.916992,0.920898,0.924316
0.720215,0.733398,0.746582,0.759277,0.771484,0.783691,0.79541,0.807129,0.818359,0.82959,0.84082,0.851562,0.861816,0.872559,0.882812,0.892578,0.902344,0.912109,0.921387,0.930664,0.939941,0.949219,0.958008,0.966797,0.975098,0.983887,0.992188,1,1.00879,1.0166,1.02441,1.03223,1.03906,1.04688,1.05469,1.06152,1.06836,1.07617,1.08301,1.08984,1.09668,1.10352,1.0918,1.09863,1.10449,1.09375,1.09961,1.08789,1.09473,1.08301,1.08887,1.07715,1.08301,1.07129,1.07715,1.08398,1.07129,1.07715,1.06543,1.07129,1.05859,1.06445,1.05176,1.05762,1.04492,1.05078,1.03711,1.04395,1.03027,1.03613,1.02246,1.02832,1.01465,1.02148,1.00684,1.0127,0.999023,1.00488,0.990723,0.996582,0.982422,0.988281,0.974121,0.97998,0.965332,0.971191,0.956543,0.962402,0.947754,0.953613,0.938477,0.944336,0.929688,0.914551,0.92041,0.905762,0.911133,0.896484,0.881348,0.887207,0.87207,0.87793,0.863281,0.848145,0.854004,0.839355,0.824707,0.830566,0.815918,0.801758,0.807129,0.793457,0.779297,0.766113,0.771484,0.758301,0.763672,0.769043,0.774414,0.779785,0.784668,0.790039,0.79541,0.800293,0.805176,0.810059,0.814941,0.819824,0.824707,0.82959,0.833984,0.838867,0.843262,0.847656,0.852539,0.856934,0.861328,0.865723,0.869629,0.874023,0.878418,0.882324,0.886719,0.890625,0.894531,0.898926,0.902832,0.906738,0.910645,0.914551
0.703125,0.716309,0.729492,0.742188,0.754883,0.76709,0.779297,0.791016,0.802246,0.813477,0.824707,0.835449,0.846191,0.856934,0.867188,0.876953,0.887207,0.896973,0.90625,0.916016,0.924805,0.934082,0.942871,0.952148,0.960449,0.969238,0.977539,0.98584,0.994141,1.00195,1.00977,1.01758,1.02539,1.0332,1.04004,1.04785,1.05469,1.0625,1.06934,1.07617,1.08301,1.07129,1.07812,1.08496,1.07324,1.08008,1.06738,1.07422,1.0625,1.06934,1.05664,1.06348,1.05078,1.05762,1.06348,1.05078,1.05762,1.04492,1.05078,1.03809,1.04492,1.03125,1.03809,1.02441,1.03125,1.01758,1.02344,1.01074,1.0166,1.00293,1.00879,1.01465,1.00098,1.00684,0.993164,0.999512,0.985352,0.971191,0.977051,0.962891,0.96875,0.95459,0.960449,0.945801,0.95166,0.937012,0.942871,0.928223,0.934082,0.919434,0.925293,0.910645,0.895508,0.901367,0.886719,0.892578,0.877441,0.883301,0.868652,0.854004,0.859375,0.844727,0.830078,0.835938,0.821289,0.806641,0.8125,0.79834,0.78418,0.790039,0.775879,0.762207,0.749023,0.754395,0.741699,0.74707,0.752441,0.757812,0.763184,0.768555,0.773926,0.779297,0.78418,0.789551,0.794434,0.799316,0.804199,0.809082,0.813965,0.818848,0.823242,0.828125,0.83252,0.837402,0.841797,0.846191,0.850586,0.85498,0.859375,0.86377,0.868164,0.87207,0.876465,0.880371,0.884277,0.888672,0.892578,0.896484,0.900391,0.904297
0.685547,0.699219,0.712402,0.725586,0.738281,0.750488,0.762695,0.774414,0.786133,0.797852,0.809082,0.819824,0.830566,0.841309,0.851562,0.861816,0.871582,0.881836,0.891113,0.900879,0.910156,0.919434,0.928223,0.9375,0.945801,0.95459,0.963379,0.97168,0.979492,0.987793,0.995605,1.00391,1.01172,1.01855,1.02637,1.03418,1.04102,1.04883,1.05566,1.0625,1.05078,1.05762,1.0459,1.05273,1.05957,1.04785,1.05371,1.04199,1.04883,1.03613,1.04297,1.03027,1.03711,1.04395,1.03125,1.03711,1.02441,1.03125,1.01855,1.02441,1.01172,1.01758,1.00488,1.01074,0.997559,1.00391,0.990234,0.996582,1.00293,0.989258,0.995117,0.981445,0.987793,0.973633,0.97998,0.96582,0.97168,0.95752,0.943359,0.949219,0.93457,0.940918,0.92627,0.932617,0.91748,0.923828,0.90918,0.915039,0.900391,0.90625,0.891602,0.876465,0.882812,0.867676,0.873535,0.858887,0.864746,0.850098,0.834961,0.841309,0.82666,0.812012,0.817871,0.803223,0.789062,0.794922,0.780762,0.766602,0.772461,0.758789,0.745117,0.731934,0.737793,0.725098,0.730469,0.73584,0.741699,0.74707,0.752441,0.757812,0.763184,0.768066,0.773438,0.778809,0.783691,0.788574,0.793457,0.79834,0.803223,0.808105,0.812988,0.817383,0.822266,0.82666,0.831543,0.835938,0.840332,0.844727,0.849121,0.853516,0.85791,0.861816,0.866211,0.870117,0.874512,0.878418,0.882324,0.88623,0.890137,0.894043
0.668457,0.682129,0.695801,0.708984,0.72168,0.734375,0.746582,0.758301,0.770508,0.781738,0.792969,0.804199,0.814941,0.825684,0.836426,0.84668,0.856445,0.866699,0.876465,0.885742,0.895508,0.904785,0.913574,0.922852,0.931641,0.94043,0.94873,0.957031,0.965332,0.973633,0.981934,0.989746,0.997559,1.00488,1.0127,1.02051,1.02734,1.03516,1.04199,1.03027,1.03711,1.02539,1.03223,1.03906,1.02734,1.03418,1.02148,1.02832,1.01562,1.02246,1.00977,1.0166,1.02344,1.01074,1.01758,1.00391,1.01074,0.998047,1.00488,0.991211,0.997559,0.984375,0.990723,0.977051,0.983887,0.970215,0.976562,0.98291,0.969238,0.975586,0.961426,0.967773,0.953613,0.959961,0.945801,0.952148,0.937988,0.943848,0.929688,0.915039,0.921387,0.906738,0.913086,0.898438,0.904297,0.889648,0.895996,0.880859,0.887207,0.872559,0.857422,0.86377,0.848633,0.85498,0.839844,0.846191,0.831543,0.816406,0.822754,0.808105,0.793457,0.799316,0.785156,0.770996,0.776855,0.762695,0.749023,0.754883,0.741211,0.728027,0.715332,0.702637,0.708496,0.713867,0.719727,0.725098,0.730957,0.736328,0.741699,0.74707,0.752441,0.757812,0.762695,0.768066,0.772949,0.777832,0.783203,0.788086,0.792969,0.797852,0.802246,0.807129,0.812012,0.816406,0.820801,0.825684,0.830078,0.834473,0.838867,0.843262,0.847656,0.851562,0.855957,0.860352,0.864258,0.868652,0.872559,0.876465,0.880371,0.884277
0.651367,0.665527,0.678711,0.692383,0.705078,0.717773,0.730469,0.742676,0.754395,0.766113,0.777344,0.788574,0.799805,0.810547,0.820801,0.831543,0.841797,0.851562,0.861328,0.871094,0.880859,0.890137,0.899414,0.908203,0.91748,0.92627,0.93457,0.943359,0.95166,0.959961,0.967773,0.976074,0.983887,0.991699,0.999023,1.00684,1.01465,1.02148,1.00977,1.0166,1.00391,1.01172,1.01855,1.00586,1.01367,1.00098,1.00781,0.995117,1.00195,0.989258,0.996094,1.00293,0.990234,0.99707,0.983887,0.990723,0.977539,0.984375,0.970703,0.977539,0.963867,0.970703,0.957031,0.963379,0.949707,0.956543,0.942383,0.949219,0.955566,0.941406,0.947754,0.933594,0.94043,0.925781,0.932129,0.917969,0.90332,0.909668,0.89502,0.901855,0.887207,0.893555,0.878418,0.884766,0.870117,0.876465,0.861816,0.868164,0.853027,0.838379,0.844727,0.82959,0.835938,0.821289,0.827148,0.8125,0.797852,0.804199,0.789551,0.775391,0.78125,0.76709,0.75293,0.758789,0.745117,0.731445,0.737305,0.724121,0.710938,0.698242,0.686035,0.691895,0.697754,0.703125,0.708984,0.714355,0.720215,0.725586,0.730957,0.736328,0.741699,0.74707,0.752441,0.757324,0.762695,0.767578,0.772461,0.777344,0.782227,0.787109,0.791992,0.796875,0.801758,0.806152,0.811035,0.81543,0.819824,0.824219,0.828613,0.833008,0.837402,0.841797,0.846191,0.850098,0.854492,0.858398,0.862793,0.866699,0.870605,0.874512
0.634277,0.648438,0.662109,0.675781,0.688965,0.70166,0.714355,0.726562,0.73877,0.750488,0.761719,0.773438,0.78418,0.79541,0.806152,0.816406,0.82666,0.836914,0.84668,0.856445,0.866211,0.875488,0.884766,0.894043,0.902832,0.912109,0.92041,0.929199,0.9375,0.945801,0.954102,0.962402,0.970215,0.978027,0.98584,0.993164,1.00098,0.988281,0.996094,0.983398,0.990723,0.978027,0.985352,0.992676,0.97998,0.987305,0.974121,0.981445,0.968262,0.975586,0.962402,0.969727,0.976562,0.963379,0.970215,0.957031,0.963867,0.950195,0.957031,0.943359,0.950195,0.936523,0.943359,0.929199,0.936035,0.921875,0.928711,0.914551,0.921387,0.927734,0.913574,0.92041,0.905762,0.912598,0.897949,0.883301,0.890137,0.875488,0.881836,0.867188,0.873535,0.858887,0.865234,0.850586,0.856934,0.842285,0.848633,0.833984,0.818848,0.825195,0.810547,0.816895,0.802246,0.787598,0.793945,0.779297,0.785645,0.770996,0.756836,0.763184,0.749023,0.734863,0.741211,0.727539,0.713867,0.700684,0.707031,0.693848,0.681641,0.669434,0.675293,0.681152,0.687012,0.692871,0.698242,0.704102,0.709473,0.715332,0.720703,0.726074,0.731445,0.736816,0.741699,0.74707,0.752441,0.757324,0.762207,0.76709,0.771973,0.776855,0.781738,0.786621,0.791504,0.795898,0.800781,0.805176,0.810059,0.814453,0.818848,0.823242,0.827637,0.832031,0.835938,0.840332,0.844727,0.848633,0.853027,0.856934,0.86084,0.864746
0.617188,0.631836,0.645508,0.65918,0.672363,0.685547,0.698242,0.710938,0.723145,0.734863,0.746582,0.757812,0.769043,0.780273,0.791016,0.801758,0.812012,0.822266,0.832031,0.842285,0.851562,0.861328,0.870605,0.879883,0.88916,0.897949,0.906738,0.915527,0.923828,0.932129,0.94043,0.94873,0.956543,0.964355,0.972168,0.97998,0.967285,0.975098,0.962402,0.969727,0.957031,0.964844,0.972168,0.958984,0.966797,0.953613,0.960938,0.947754,0.955078,0.941406,0.94873,0.956055,0.942383,0.949707,0.936035,0.943359,0.929688,0.936523,0.922852,0.929688,0.916016,0.922852,0.908691,0.916016,0.901367,0.908691,0.894043,0.900879,0.886719,0.893555,0.878906,0.885742,0.871094,0.87793,0.863281,0.870117,0.855469,0.862305,0.847168,0.854004,0.839355,0.845703,0.831055,0.837402,0.822754,0.829102,0.814453,0.799805,0.806152,0.791504,0.797852,0.783203,0.768555,0.774902,0.760742,0.76709,0.752441,0.738281,0.744629,0.730957,0.716797,0.723145,0.709473,0.696289,0.683594,0.689453,0.676758,0.664551,0.652832,0.658691,0.664551,0.67041,0.67627,0.682129,0.687988,0.693848,0.699219,0.70459,0.710449,0.71582,0.721191,0.726562,0.731445,0.736816,0.742188,0.74707,0.751953,0.757324,0.762207,0.76709,0.771973,0.776855,0.78125,0.786133,0.790527,0.79541,0.799805,0.804199,0.809082,0.813477,0.817871,0.822266,0.826172,0.830566,0.834961,0.838867,0.843262,0.847168,0.851074,0.855469
0.600098,0.614746,0.628906,0.643066,0.65625,0.669434,0.682617,0.694824,0.70752,0.719238,0.730957,0.742676,0.753906,0.765137,0.775879,0.786621,0.797363,0.807617,0.817871,0.827637,0.837402,0.847168,0.856445,0.865723,0.875,0.883789,0.892578,0.901367,0.910156,0.918457,0.926758,0.935059,0.943359,0.951172,0.938477,0.946289,0.954102,0.941406,0.94873,0.936035,0.943848,0.930664,0.937988,0.945801,0.932617,0.939941,0.926758,0.934082,0.92041,0.928223,0.914551,0.921875,0.929199,0.915527,0.922852,0.908691,0.916016,0.902344,0.90918,0.89502,0.902344,0.888184,0.895508,0.880859,0.888184,0.873535,0.880859,0.866211,0.873047,0.858887,0.865723,0.851074,0.85791,0.843262,0.850098,0.835449,0.842285,0.827148,0.833984,0.819336,0.826172,0.811523,0.817871,0.803223,0.788574,0.794922,0.780273,0.787109,0.772461,0.778809,0.76416,0.749512,0.756348,0.741699,0.727539,0.734375,0.720215,0.706055,0.712891,0.699219,0.685547,0.691895,0.678711,0.666016,0.653809,0.660156,0.647949,0.63623,0.642578,0.648438,0.654297,0.660156,0.666016,0.671875,0.677734,0.683594,0.688965,0.694336,0.700195,0.705566,0.710938,0.716309,0.72168,0.726562,0.731934,0.736816,0.742188,0.74707,0.751953,0.756836,0.761719,0.766602,0.771484,0.776367,0.780762,0.785645,0.790039,0.794434,0.799316,0.803711,0.808105,0.8125,0.816895,0.820801,0.825195,0.82959,0.833496,0.837891,0.841797,0.845703
0.583008,0.598145,0.612305,0.626465,0.640137,0.65332,0.666504,0.679199,0.691895,0.704102,0.71582,0.727539,0.739258,0.75,0.76123,0.771973,0.782715,0.792969,0.803223,0.813477,0.823242,0.833008,0.842285,0.852051,0.86084,0.870117,0.878906,0.887695,0.896484,0.905273,0.913574,0.921875,0.929688,0.916992,0.924805,0.911621,0.919922,0.927734,0.914551,0.922363,0.90918,0.916992,0.90332,0.911133,0.918945,0.905273,0.913086,0.899414,0.907227,0.893555,0.900879,0.887207,0.894531,0.901855,0.888184,0.895508,0.881348,0.888672,0.874512,0.881836,0.867676,0.875,0.860352,0.867676,0.853027,0.860352,0.845703,0.853027,0.838379,0.845215,0.830566,0.837891,0.822754,0.830078,0.81543,0.822266,0.807129,0.814453,0.799316,0.806152,0.791504,0.79834,0.783691,0.769043,0.775879,0.760742,0.767578,0.75293,0.738281,0.745117,0.730957,0.737305,0.723145,0.708984,0.71582,0.70166,0.687988,0.694336,0.681152,0.667969,0.654785,0.661621,0.648926,0.636719,0.625,0.61377,0.619629,0.625977,0.632324,0.638184,0.644043,0.649902,0.655762,0.661621,0.66748,0.67334,0.678711,0.68457,0.689941,0.695312,0.700684,0.706055,0.711426,0.716797,0.72168,0.727051,0.731934,0.737305,0.742188,0.74707,0.751953,0.756836,0.761719,0.766602,0.770996,0.775879,0.780273,0.784668,0.789551,0.793945,0.79834,0.802734,0.807129,0.811523,0.81543,0.819824,0.824219,0.828125,0.83252,0.836426
0.565918,0.581055,0.595703,0.609863,0.624023,0.637695,0.650879,0.663574,0.67627,0.688477,0.700684,0.712402,0.724121,0.735352,0.746582,0.757324,0.768066,0.778809,0.789062,0.799316,0.809082,0.818848,0.828613,0.837891,0.847168,0.856445,0.865234,0.874512,0.882812,0.891602,0.899902,0.908691,0.89502,0.90332,0.890137,0.898438,0.884766,0.893066,0.901367,0.887695,0.895508,0.881836,0.890137,0.876465,0.884277,0.89209,0.878418,0.88623,0.87207,0.879883,0.865723,0.873535,0.859375,0.867188,0.874512,0.860352,0.867676,0.853516,0.86084,0.84668,0.854004,0.839355,0.847168,0.83252,0.839844,0.825195,0.83252,0.817871,0.825195,0.810059,0.817383,0.802734,0.80957,0.794922,0.802246,0.787109,0.794434,0.779297,0.786621,0.771973,0.756836,0.76416,0.749023,0.756348,0.741211,0.748535,0.733887,0.719238,0.726074,0.711914,0.71875,0.70459,0.69043,0.697266,0.683105,0.669922,0.65625,0.663086,0.649902,0.637207,0.644043,0.631836,0.619629,0.608398,0.597168,0.603516,0.609863,0.615723,0.62207,0.62793,0.634277,0.640137,0.645996,0.651855,0.657715,0.663086,0.668945,0.674316,0.680176,0.685547,0.690918,0.696289,0.70166,0.707031,0.711914,0.717285,0.722168,0.727539,0.732422,0.737305,0.742188,0.74707,0.751953,0.756836,0.76123,0.766113,0.770508,0.775391,0.779785,0.78418,0.788574,0.792969,0.797363,0.801758,0.806152,0.810547,0.814453,0.818848,0.822754,0.827148
0.548828,0.564453,0.579102,0.59375,0.60791,0.621582,0.634766,0.647949,0.660645,0.67334,0.685547,0.697266,0.708984,0.720703,0.731934,0.742676,0.753906,0.76416,0.774902,0.785156,0.794922,0.804688,0.814453,0.824219,0.833496,0.842773,0.852051,0.86084,0.869629,0.878418,0.864746,0.873535,0.881836,0.868164,0.876953,0.863281,0.871582,0.85791,0.866211,0.874512,0.860352,0.868652,0.854492,0.862793,0.848633,0.856934,0.864746,0.850586,0.858887,0.844238,0.852539,0.837891,0.845703,0.831543,0.839355,0.824707,0.83252,0.840332,0.825684,0.833496,0.818848,0.826172,0.811523,0.819336,0.804199,0.812012,0.796875,0.804688,0.789551,0.796875,0.782227,0.789551,0.774414,0.781738,0.76709,0.774414,0.759277,0.744629,0.751953,0.736816,0.744141,0.729492,0.736816,0.722168,0.70752,0.714355,0.700195,0.707031,0.692871,0.678711,0.685547,0.671875,0.658203,0.665039,0.651367,0.638184,0.64502,0.632324,0.619629,0.60791,0.596191,0.602539,0.591309,0.580566,0.587402,0.593262,0.599609,0.605957,0.612305,0.618164,0.624023,0.630371,0.63623,0.64209,0.647461,0.65332,0.65918,0.664551,0.67041,0.675781,0.681152,0.686523,0.691895,0.697266,0.702148,0.70752,0.712402,0.717773,0.722656,0.727539,0.732422,0.737305,0.742188,0.74707,0.751953,0.756348,0.76123,0.765625,0.770508,0.774902,0.779297,0.783691,0.788086,0.79248,0.796875,0.80127,0.805176,0.80957,0.813477,0.817871
0.531738,0.547363,0.5625,0.577148,0.591797,0.605469,0.619141,0.632324,0.645508,0.658203,0.67041,0.682617,0.694336,0.706055,0.717285,0.728516,0.739258,0.75,0.760742,0.770996,0.78125,0.791016,0.800781,0.810547,0.819824,0.829102,0.838379,0.847656,0.856445,0.842773,0.851562,0.837402,0.846191,0.85498,0.841309,0.849609,0.835938,0.844238,0.852539,0.838867,0.847168,0.833008,0.841309,0.827148,0.835449,0.820801,0.829102,0.837402,0.822754,0.831055,0.816406,0.824707,0.810059,0.817871,0.803223,0.811523,0.796875,0.804688,0.789551,0.797852,0.805176,0.790527,0.79834,0.783691,0.791016,0.776367,0.783691,0.769043,0.776367,0.761719,0.769043,0.754395,0.739258,0.746582,0.731934,0.739258,0.724609,0.731934,0.717285,0.724609,0.709473,0.694824,0.702148,0.687988,0.694824,0.680664,0.666504,0.673828,0.659668,0.666992,0.652832,0.639648,0.646484,0.633301,0.620117,0.60791,0.614746,0.602539,0.590332,0.579102,0.568359,0.558105,0.564453,0.570801,0.577148,0.583496,0.589844,0.596191,0.602539,0.608398,0.614258,0.620605,0.626465,0.632324,0.637695,0.643555,0.649414,0.654785,0.660645,0.666016,0.671387,0.676758,0.682129,0.6875,0.692871,0.697754,0.703125,0.708008,0.713379,0.718262,0.723145,0.728027,0.73291,0.737793,0.742188,0.74707,0.751953,0.756348,0.76123,0.765625,0.77002,0.774414,0.778809,0.783203,0.787598,0.791992,0.796387,0.800293,0.804688,0.808594
nan,0.530273,0.545898,0.561035,0.575684,0.589844,0.603516,0.617188,0.629883,0.643066,0.655273,0.66748,0.679688,0.691406,0.702637,0.713867,0.725098,0.73584,0.746582,0.756836,0.76709,0.777344,0.787109,0.796875,0.806641,0.815918,0.825195,0.811035,0.820312,0.829102,0.814941,0.824219,0.810059,0.818848,0.827637,0.813477,0.822266,0.808105,0.816895,0.802246,0.811035,0.819336,0.805176,0.813477,0.799316,0.807617,0.792969,0.80127,0.80957,0.794922,0.803223,0.788574,0.796875,0.781738,0.790039,0.775391,0.783203,0.768555,0.776367,0.761719,0.769531,0.754395,0.762695,0.747559,0.755371,0.740234,0.748047,0.733398,0.741211,0.726074,0.733887,0.71875,0.726562,0.711426,0.719238,0.704102,0.711914,0.696777,0.682129,0.689941,0.675293,0.682617,0.668457,0.675781,0.661133,0.647461,0.654785,0.640625,0.626953,0.634277,0.621094,0.60791,0.615234,0.602051,0.589844,0.578125,0.566406,0.573242,0.5625,0.551758,0.541504,0.54834,0.554688,0.561523,0.567871,0.574219,0.580078,0.586426,0.592773,0.598633,0.60498,0.61084,0.616699,0.622559,0.628418,0.633789,0.639648,0.645508,0.650879,0.65625,0.662109,0.66748,0.672852,0.677734,0.683105,0.688477,0.693359,0.69873,0.703613,0.708496,0.713867,0.71875,0.723633,0.728516,0.73291,0.737793,0.742676,0.74707,0.751953,0.756348,0.760742,0.765137,0.769531,0.773926,0.77832,0.782715,0.787109,0.791504,0.79541,0.799805
nan,nan,0.529297,0.544434,0.559082,0.57373,0.587891,0.601562,0.614746,0.62793,0.640625,0.652832,0.665039,0.676758,0.688477,0.699707,0.710938,0.72168,0.732422,0.743164,0.753418,0.763672,0.773438,0.783203,0.792969,0.802246,0.788086,0.797363,0.783203,0.79248,0.801758,0.787598,0.796387,0.782227,0.791016,0.800293,0.785645,0.794434,0.779785,0.789062,0.773926,0.783203,0.791504,0.776855,0.785645,0.770996,0.779297,0.764648,0.773438,0.758301,0.766602,0.775391,0.760254,0.768555,0.753906,0.761719,0.74707,0.755371,0.740234,0.748535,0.733398,0.741211,0.726074,0.734375,0.719238,0.727539,0.712402,0.720215,0.705078,0.712891,0.698242,0.706055,0.690918,0.69873,0.684082,0.668945,0.676758,0.662109,0.669922,0.655273,0.663086,0.648438,0.634277,0.64209,0.62793,0.614258,0.621582,0.608398,0.595215,0.602539,0.589355,0.577148,0.584473,0.572266,0.560547,0.549316,0.538574,0.52832,0.535156,0.525391,0.532227,0.538574,0.54541,0.551758,0.558105,0.564453,0.570801,0.577148,0.583008,0.589355,0.595215,0.601074,0.606934,0.612793,0.618652,0.624512,0.630371,0.635742,0.641602,0.646973,0.652344,0.657715,0.663086,0.668457,0.673828,0.679199,0.684082,0.689453,0.694336,0.699219,0.70459,0.709473,0.714355,0.719238,0.723633,0.728516,0.733398,0.737793,0.742676,0.74707,0.751465,0.756348,0.760742,0.765137,0.769531,0.773926,0.777832,0.782227,0.786621,0.790527
nan,nan,nan,0.527832,0.542969,0.557617,0.571777,0.585938,0.599609,0.612793,0.625488,0.638184,0.650391,0.662109,0.673828,0.685547,0.696777,0.708008,0.71875,0.729492,0.739746,0.75,0.760254,0.77002,0.755371,0.765137,0.774902,0.760254,0.769531,0.754883,0.764648,0.773926,0.759277,0.768555,0.753906,0.763184,0.772461,0.757324,0.766602,0.751465,0.760742,0.745605,0.754883,0.763672,0.748535,0.757324,0.742676,0.751465,0.736328,0.745117,0.72998,0.738281,0.723145,0.731934,0.740234,0.725098,0.733887,0.71875,0.727051,0.711914,0.720215,0.705078,0.713379,0.698242,0.706543,0.691406,0.699219,0.684082,0.692383,0.677246,0.662598,0.67041,0.655762,0.663574,0.648926,0.656738,0.64209,0.649902,0.635254,0.621094,0.628906,0.614746,0.601074,0.608887,0.595215,0.602539,0.589355,0.576172,0.563965,0.571289,0.559082,0.547363,0.535645,0.542969,0.532227,0.539062,0.528809,0.535645,0.525391,0.532227,0.539062,0.529297,0.536133,0.54248,0.548828,0.555176,0.561523,0.567383,0.57373,0.57959,0.585938,0.591797,0.597656,0.603516,0.609375,0.615234,0.621094,0.626465,0.632324,0.637695,0.643066,0.648438,0.653809,0.65918,0.664551,0.669922,0.674805,0.680176,0.685059,0.69043,0.695312,0.700195,0.705078,0.709961,0.714844,0.719238,0.724121,0.729004,0.733398,0.738281,0.742676,0.74707,0.751465,0.755859,0.760254,0.764648,0.769043,0.773438,0.777832,0.781738
nan,nan,nan,nan,0.526855,0.541504,0.556152,0.570312,0.583984,0.597656,0.610352,0.623047,0.635742,0.647949,0.659668,0.671387,0.682617,0.693848,0.70459,0.715332,0.726074,0.736328,0.746582,0.731445,0.741699,0.726562,0.736816,0.746582,0.731445,0.741699,0.726562,0.736328,0.745605,0.730957,0.740234,0.725098,0.734863,0.744141,0.729004,0.738281,0.723145,0.732422,0.717285,0.726074,0.710938,0.720215,0.729004,0.713867,0.722656,0.70752,0.716309,0.701172,0.709961,0.694824,0.703613,0.687988,0.696777,0.681641,0.69043,0.674805,0.683594,0.668457,0.676758,0.661621,0.669922,0.654785,0.663086,0.647949,0.65625,0.641602,0.649902,0.634766,0.643066,0.628418,0.61377,0.62207,0.607422,0.615234,0.601074,0.587402,0.595215,0.581543,0.589355,0.575684,0.562988,0.570312,0.557617,0.54541,0.533203,0.541016,0.529297,0.536621,0.525391,0.532715,0.540039,0.529297,0.536133,0.525879,0.532715,0.539551,0.529297,0.536133,0.526855,0.533203,0.539551,0.545898,0.552246,0.558105,0.564453,0.570801,0.57666,0.58252,0.588379,0.594238,0.600098,0.605957,0.611816,0.617188,0.623047,0.628418,0.633789,0.63916,0.644531,0.649902,0.655273,0.660645,0.666016,0.670898,0.67627,0.681152,0.686035,0.690918,0.695801,0.700684,0.705566,0.710449,0.715332,0.719727,0.724609,0.729004,0.733887,0.738281,0.742676,0.74707,0.751465,0.755859,0.760254,0.764648,0.768555,0.772949
nan,nan,nan,nan,nan,0.525391,0.540527,0.554688,0.568848,0.58252,0.595703,0.608398,0.621094,0.633301,0.645508,0.657227,0.668457,0.679688,0.690918,0.70166,0.712402,0.697266,0.70752,0.718262,0.702637,0.712891,0.697754,0.708008,0.718262,0.702637,0.712891,0.697266,0.70752,0.717285,0.702148,0.711426,0.696289,0.706055,0.69043,0.700195,0.709473,0.694336,0.703613,0.688477,0.697754,0.682129,0.691406,0.675781,0.685059,0.694336,0.678711,0.687988,0.672363,0.681641,0.666016,0.674805,0.659668,0.668457,0.65332,0.662109,0.646484,0.655273,0.640137,0.648438,0.633301,0.64209,0.626953,0.635254,0.620605,0.605469,0.614258,0.599609,0.60791,0.593262,0.601562,0.587402,0.573242,0.581543,0.567383,0.575684,0.562012,0.548828,0.556641,0.543945,0.53125,0.539062,0.526855,0.534668,0.541992,0.530273,0.537598,0.526367,0.533691,0.540527,0.529785,0.536621,0.526367,0.533203,0.540039,0.529785,0.536621,0.526855,0.533203,0.523926,0.530273,0.536621,0.542969,0.549316,0.555176,0.561523,0.567383,0.573242,0.57959,0.585449,0.591309,0.59668,0.602539,0.608398,0.61377,0.619141,0.625,0.630371,0.635742,0.641113,0.646484,0.651367,0.656738,0.662109,0.666992,0.672363,0.677246,0.682129,0.687012,0.691895,0.696777,0.70166,0.706055,0.710938,0.71582,0.720215,0.725098,0.729492,0.733887,0.738281,0.742676,0.74707,0.751465,0.755859,0.760254,0.76416
nan,nan,nan,nan,nan,nan,0.524414,0.539062,0.553223,0.566895,0.580566,0.59375,0.606445,0.618652,0.630859,0.643066,0.654785,0.666016,0.677246,0.687988,0.672363,0.683594,0.66748,0.678711,0.688965,0.67334,0.684082,0.668457,0.678711,0.689453,0.673828,0.684082,0.667969,0.678223,0.662598,0.672852,0.682617,0.666992,0.677246,0.661133,0.671387,0.655273,0.665039,0.674805,0.65918,0.668945,0.65332,0.662598,0.646973,0.65625,0.640625,0.649902,0.634766,0.644043,0.628418,0.637695,0.62207,0.631348,0.640137,0.624512,0.609375,0.618164,0.603027,0.611816,0.59668,0.605469,0.59082,0.599609,0.584473,0.593262,0.578613,0.586914,0.572754,0.558594,0.566895,0.552734,0.561035,0.547363,0.53418,0.54248,0.529297,0.537598,0.524902,0.532715,0.540527,0.52832,0.535645,0.523926,0.53125,0.539062,0.527344,0.534668,0.541992,0.530762,0.537598,0.526855,0.533691,0.540527,0.530273,0.537109,0.526855,0.533691,0.523926,0.530273,0.536621,0.527832,0.53418,0.540039,0.546387,0.552246,0.558594,0.564453,0.570312,0.576172,0.582031,0.587891,0.59375,0.599121,0.60498,0.610352,0.615723,0.621582,0.626953,0.632324,0.637207,0.642578,0.647949,0.652832,0.658203,0.663086,0.668457,0.67334,0.678223,0.683105,0.687988,0.692871,0.697266,0.702148,0.707031,0.711426,0.716309,0.720703,0.725098,0.729492,0.733887,0.738281,0.742676,0.74707,0.751465,0.755859
nan,nan,nan,nan,nan,nan,nan,nan,0.537598,0.551758,0.56543,0.578613,0.591797,0.604492,0.616699,0.628906,0.640625,0.652344,0.63623,0.647461,0.631348,0.642578,0.653809,0.637695,0.648926,0.659668,0.644043,0.654785,0.638672,0.649414,0.633301,0.644043,0.654297,0.638672,0.648926,0.632812,0.643555,0.65332,0.637695,0.647949,0.631836,0.64209,0.625977,0.63623,0.620117,0.629883,0.639648,0.624023,0.633789,0.618164,0.627441,0.611816,0.621094,0.605469,0.615234,0.599609,0.608887,0.593262,0.602539,0.587402,0.59668,0.581055,0.590332,0.575195,0.583984,0.569336,0.578125,0.563477,0.548828,0.557617,0.543457,0.552246,0.538086,0.523926,0.532715,0.541016,0.527832,0.536133,0.544434,0.530762,0.539062,0.526367,0.53418,0.541992,0.529297,0.537109,0.524902,0.532715,0.540039,0.52832,0.535645,0.524414,0.53125,0.538574,0.527344,0.534668,0.523926,0.530762,0.537598,0.527344,0.53418,0.524414,0.530762,0.537109,0.527832,0.53418,0.524902,0.53125,0.537598,0.543457,0.549805,0.555664,0.561523,0.567383,0.573242,0.579102,0.584473,0.590332,0.596191,0.601562,0.606934,0.612305,0.617676,0.623047,0.628418,0.633789,0.63916,0.644043,0.649414,0.654297,0.659668,0.664551,0.669434,0.674316,0.679199,0.684082,0.688965,0.693359,0.698242,0.702637,0.70752,0.711914,0.716797,0.721191,0.725586,0.72998,0.734375,0.73877,0.742676,0.74707
nan,nan,nan,nan,nan,nan,nan,nan,nan,0.536621,0.550293,0.563965,0.577148,0.589844,0.602539,0.614746,0.598145,0.610352,0.62207,0.605469,0.617188,0.600586,0.612305,0.624023,0.607422,0.618652,0.602539,0.61377,0.625,0.608398,0.619629,0.603027,0.614258,0.625,0.608887,0.619141,0.603027,0.61377,0.597656,0.60791,0.618164,0.602051,0.612305,0.59668,0.606445,0.59082,0.600586,0.584961,0.594727,0.579102,0.588867,0.573242,0.583008,0.567383,0.57666,0.561523,0.570801,0.555664,0.564941,0.549805,0.559082,0.543945,0.553223,0.538574,0.547852,0.532715,0.541992,0.527344,0.536621,0.54541,0.53125,0.540039,0.525879,0.534668,0.542969,0.529297,0.537598,0.524414,0.532715,0.541016,0.527832,0.535645,0.543945,0.530762,0.538574,0.526367,0.53418,0.541504,0.529785,0.537109,0.525391,0.532715,0.540039,0.52832,0.535645,0.524902,0.531738,0.538574,0.527832,0.534668,0.524414,0.53125,0.537598,0.527832,0.534668,0.524902,0.53125,0.537598,0.528809,0.534668,0.541016,0.546875,0.552734,0.558594,0.564453,0.570312,0.576172,0.581543,0.587402,0.592773,0.598145,0.604004,0.609375,0.614746,0.620117,0.625,0.630371,0.635742,0.640625,0.645996,0.650879,0.655762,0.660645,0.665527,0.67041,0.675293,0.680176,0.685059,0.689453,0.694336,0.69873,0.703613,0.708008,0.712402,0.716797,0.721191,0.725586,0.72998,0.734375,0.73877
nan,nan,nan,nan,nan,nan,nan,nan,nan,nan,0.535156,0.549316,0.5625,0.575684,0.558105,0.571289,0.583496,0.566406,0.579102,0.562012,0.574219,0.586426,0.569336,0.581543,0.593262,0.57666,0.588379,0.571289,0.583008,0.566406,0.578125,0.589355,0.572754,0.583984,0.567383,0.578613,0.589355,0.572754,0.583984,0.567383,0.578125,0.562012,0.572266,0.556152,0.566895,0.577148,0.561035,0.571289,0.555176,0.56543,0.549805,0.55957,0.543945,0.553711,0.538086,0.54834,0.532715,0.54248,0.527344,0.537109,0.546387,0.53125,0.540527,0.525879,0.535156,0.544434,0.529785,0.538574,0.524414,0.533203,0.541992,0.527832,0.536621,0.54541,0.53125,0.540039,0.526367,0.534668,0.542969,0.529785,0.537598,0.524902,0.532715,0.540527,0.527832,0.535645,0.543457,0.530762,0.538574,0.526367,0.533691,0.541016,0.529785,0.536621,0.525391,0.532715,0.539551,0.528809,0.535645,0.525391,0.531738,0.538574,0.52832,0.535156,0.525391,0.531738,0.538086,0.528809,0.535156,0.526367,0.532227,0.538086,0.543945,0.549805,0.555664,0.561523,0.567383,0.572754,0.578613,0.583984,0.589844,0.595215,0.600586,0.605957,0.611328,0.616699,0.621582,0.626953,0.632324,0.637207,0.64209,0.647461,0.652344,0.657227,0.662109,0.666992,0.671875,0.67627,0.681152,0.686035,0.69043,0.694824,0.699707,0.704102,0.708496,0.712891,0.717285,0.72168,0.726074,0.730469
nan,nan,nan,nan,nan,nan,nan,nan,nan,nan,nan,0.53418,0.547852,0.529785,0.543457,0.525391,0.539062,0.551758,0.53418,0.547363,0.529785,0.54248,0.555176,0.537598,0.550293,0.532715,0.54541,0.557129,0.540039,0.552246,0.535156,0.546875,0.558594,0.541504,0.553223,0.536621,0.547852,0.53125,0.54248,0.525879,0.537109,0.547852,0.531738,0.54248,0.526367,0.537109,0.547363,0.53125,0.541992,0.525879,0.536133,0.546387,0.530762,0.541016,0.525391,0.535156,0.544922,0.529785,0.539551,0.523926,0.533691,0.542969,0.52832,0.537598,0.546875,0.531738,0.541016,0.526367,0.535645,0.544434,0.530273,0.539062,0.524902,0.533691,0.541992,0.52832,0.536621,0.544922,0.53125,0.539551,0.526367,0.534668,0.54248,0.529785,0.537109,0.524902,0.532715,0.540039,0.527832,0.535156,0.542969,0.530762,0.538086,0.526855,0.533691,0.541016,0.529785,0.536621,0.525879,0.532715,0.539551,0.529297,0.535645,0.525879,0.532227,0.538574,0.528809,0.535156,0.526367,0.532227,0.523926,0.529785,0.535645,0.541504,0.547363,0.553223,0.558594,0.564453,0.569824,0.575684,0.581055,0.586426,0.592285,0.597656,0.602539,0.60791,0.613281,0.618652,0.623535,0.628906,0.633789,0.638672,0.643555,0.648926,0.653809,0.658203,0.663086,0.667969,0.672852,0.677246,0.682129,0.686523,0.691406,0.695801,0.700195,0.70459,0.708984,0.713379,0.717773,0.722168
nan,nan,nan,nan,nan,nan,nan,nan,nan,nan,nan,nan,0.533203,0.546387,0.528809,0.541992,0.523926,0.537598,0.550293,0.532715,0.54541,0.527832,0.540527,0.553223,0.535645,0.54834,0.530762,0.542969,0.525879,0.538086,0.549805,0.532715,0.544434,0.527832,0.539062,0.550781,0.53418,0.54541,0.528809,0.540039,0.550781,0.53418,0.54541,0.528809,0.539551,0.550293,0.53418,0.544434,0.528809,0.539062,0.549316,0.533203,0.543457,0.527832,0.537598,0.547852,0.532227,0.541992,0.526367,0.536133,0.545898,0.530762,0.540039,0.524902,0.53418,0.543457,0.528809,0.538086,0.546875,0.532227,0.541016,0.526855,0.535645,0.543945,0.530273,0.538574,0.525391,0.533691,0.541504,0.52832,0.536621,0.544434,0.53125,0.539062,0.526367,0.53418,0.541992,0.529297,0.537109,0.524902,0.532227,0.539551,0.527832,0.535156,0.523926,0.530762,0.538086,0.526855,0.533691,0.540527,0.529785,0.536621,0.526367,0.532715,0.539551,0.529297,0.535645,0.526367,0.532715,0.523438,0.529785,0.535645,0.527344,0.533203,0.539062,0.544434,0.550293,0.556152,0.561523,0.567383,0.572754,0.578125,0.583496,0.588867,0.594238,0.599609,0.60498,0.609863,0.615234,0.620117,0.625488,0.630371,0.635254,0.640137,0.64502,0.649902,0.654785,0.659668,0.664551,0.668945,0.673828,0.678223,0.683105,0.6875,0.691895,0.696289,0.700684,0.705078,0.709473,0.713867
nan,nan,nan,nan,nan,nan,nan,nan,nan,nan,nan,nan,nan,0.531738,0.54541,0.527344,0.540527,0.553711,0.536133,0.548828,0.53125,0.543945,0.526367,0.539062,0.55127,0.533691,0.545898,0.528809,0.541016,0.523926,0.535645,0.547363,0.530762,0.541992,0.525391,0.536621,0.54834,0.53125,0.54248,0.525879,0.537109,0.54834,0.531738,0.54248,0.526367,0.537109,0.547363,0.53125,0.541992,0.525879,0.536133,0.546387,0.530273,0.540527,0.524902,0.534668,0.544434,0.529297,0.539062,0.523438,0.533203,0.54248,0.527832,0.537109,0.545898,0.53125,0.540527,0.525879,0.534668,0.543457,0.529297,0.538086,0.523926,0.532715,0.541016,0.527344,0.535645,0.543945,0.530273,0.538574,0.525391,0.533203,0.541016,0.52832,0.536133,0.543945,0.53125,0.538574,0.526367,0.53418,0.541504,0.529297,0.536621,0.524902,0.532227,0.539062,0.527832,0.535156,0.523926,0.530762,0.537598,0.527344,0.533691,0.523438,0.530273,0.536621,0.526855,0.533203,0.523926,0.529785,0.536133,0.527344,0.533203,0.524902,0.530762,0.536133,0.541992,0.547852,0.553223,0.559082,0.564453,0.569824,0.575195,0.580566,0.585938,0.591309,0.59668,0.602051,0.606934,0.612305,0.617188,0.62207,0.626953,0.632324,0.637207,0.64209,0.646484,0.651367,0.65625,0.661133,0.665527,0.67041,0.674805,0.679199,0.683594,0.688477,0.692871,0.697266,0.70166,0.706055
nan,nan,nan,nan,nan,nan,nan,nan,nan,nan,nan,nan,nan,nan,0.530762,0.543945,0.526367,0.539062,0.552246,0.534668,0.547363,0.529785,0.541992,0.524414,0.537109,0.549316,0.532227,0.543945,0.526855,0.539062,0.550781,0.533691,0.54541,0.52832,0.540039,0.55127,0.534668,0.545898,0.529297,0.540039,0.523438,0.534668,0.54541,0.529297,0.540039,0.550293,0.53418,0.544434,0.528809,0.539062,0.549316,0.533203,0.543457,0.527832,0.537598,0.547363,0.531738,0.541504,0.526367,0.535645,0.54541,0.530273,0.539551,0.524414,0.533691,0.542969,0.52832,0.537109,0.545898,0.531738,0.540527,0.526367,0.534668,0.543457,0.529297,0.538086,0.524414,0.532715,0.540527,0.527344,0.535645,0.543457,0.530273,0.538086,0.525391,0.533203,0.540527,0.52832,0.535645,0.523438,0.53125,0.538086,0.526367,0.533691,0.541016,0.529297,0.536133,0.525391,0.532227,0.539062,0.52832,0.534668,0.524414,0.530762,0.537598,0.527344,0.533691,0.524414,0.530273,0.536621,0.527344,0.533691,0.524902,0.530762,0.536621,0.52832,0.533691,0.539551,0.544922,0.550781,0.556152,0.561523,0.567383,0.572754,0.577637,0.583008,0.588379,0.59375,0.598633,0.604004,0.608887,0.61377,0.619141,0.624023,0.628906,0.633789,0.638672,0.643555,0.647949,0.652832,0.657227,0.662109,0.666504,0.671387,0.675781,0.680176,0.68457,0.688965,0.693359,0.697754
nan,nan,nan,nan,nan,nan,nan,nan,nan,nan,nan,nan,nan,nan,nan,0.529785,0.542969,0.524902,0.538086,0.550781,0.533203,0.54541,0.527832,0.540527,0.552734,0.535156,0.547363,0.530273,0.541992,0.524902,0.537109,0.54834,0.531738,0.542969,0.526367,0.537598,0.548828,0.532227,0.543457,0.526855,0.537598,0.54834,0.532227,0.542969,0.526367,0.537109,0.547852,0.531738,0.541992,0.525879,0.536133,0.546387,0.530273,0.540527,0.524902,0.534668,0.544434,0.528809,0.538574,0.547852,0.532715,0.54248,0.527344,0.536621,0.54541,0.530762,0.540039,0.525391,0.53418,0.542969,0.528809,0.537598,0.545898,0.531738,0.540527,0.526367,0.534668,0.542969,0.529297,0.537598,0.524414,0.532227,0.540039,0.527344,0.535156,0.542969,0.530273,0.537598,0.525391,0.532715,0.540039,0.52832,0.535156,0.523926,0.530762,0.538086,0.526367,0.533203,0.540039,0.529297,0.536133,0.525391,0.532227,0.538574,0.52832,0.534668,0.524902,0.53125,0.537109,0.527832,0.53418,0.524902,0.530762,0.536621,0.52832,0.53418,0.525879,0.53125,0.537109,0.54248,0.54834,0.553711,0.559082,0.564453,0.569824,0.575195,0.580078,0.585449,0.59082,0.595703,0.601074,0.605957,0.61084,0.615723,0.620605,0.625488,0.630371,0.635254,0.640137,0.644531,0.649414,0.654297,0.658691,0.663086,0.667969,0.672363,0.676758,0.681152,0.685547,0.689941
nan,nan,nan,nan,nan,nan,nan,nan,nan,nan,nan,nan,nan,nan,nan,nan,0.528809,0.541504,0.523926,0.536621,0.549316,0.531738,0.543945,0.526367,0.539062,0.550781,0.533691,0.54541,0.52832,0.540527,0.551758,0.535156,0.546387,0.529297,0.541016,0.523926,0.535645,0.546387,0.529785,0.541016,0.524414,0.535156,0.545898,0.529785,0.540527,0.523926,0.534668,0.544922,0.528809,0.539062,0.549316,0.533691,0.543457,0.527832,0.537598,0.547363,0.531738,0.541504,0.526367,0.535645,0.544922,0.530273,0.539551,0.524414,0.533691,0.54248,0.527832,0.537109,0.545898,0.53125,0.540039,0.525879,0.53418,0.542969,0.528809,0.537109,0.523438,0.531738,0.540039,0.526367,0.534668,0.54248,0.529297,0.537109,0.524414,0.532227,0.539551,0.527344,0.534668,0.541992,0.529785,0.537109,0.525391,0.532227,0.539551,0.527832,0.535156,0.523926,0.530762,0.537598,0.526367,0.533203,0.539551,0.529297,0.535645,0.525391,0.531738,0.538086,0.52832,0.534668,0.525391,0.53125,0.537598,0.52832,0.53418,0.525879,0.531738,0.537109,0.528809,0.534668,0.540039,0.54541,0.55127,0.556641,0.562012,0.566895,0.572266,0.577637,0.58252,0.587891,0.592773,0.598145,0.603027,0.60791,0.612793,0.617676,0.622559,0.627441,0.632324,0.636719,0.641602,0.645996,0.650879,0.655273,0.659668,0.664551,0.668945,0.67334,0.677734,0.682129
nan,nan,nan,nan,nan,nan,nan,nan,nan,nan,nan,nan,nan,nan,nan,nan,nan,0.527832,0.540527,0.553223,0.535645,0.547852,0.530273,0.54248,0.524902,0.537109,0.549316,0.532227,0.543945,0.526855,0.538574,0.549805,0.533203,0.544434,0.527344,0.539062,0.549805,0.533203,0.544434,0.527832,0.538574,0.549316,0.533203,0.543457,0.527344,0.538086,0.54834,0.532227,0.54248,0.526367,0.536621,0.546387,0.530762,0.540527,0.525391,0.535156,0.544434,0.529297,0.538574,0.54834,0.533203,0.54248,0.527344,0.536621,0.54541,0.530762,0.539551,0.525391,0.53418,0.54248,0.52832,0.537109,0.54541,0.53125,0.540039,0.525879,0.53418,0.54248,0.528809,0.537109,0.523926,0.531738,0.539551,0.526367,0.53418,0.541992,0.529297,0.536621,0.524414,0.531738,0.539062,0.526855,0.53418,0.541504,0.529785,0.536621,0.525391,0.532227,0.539062,0.527832,0.534668,0.523926,0.530273,0.537109,0.526367,0.533203,0.539551,0.529297,0.535645,0.525879,0.532227,0.538086,0.528809,0.534668,0.525879,0.531738,0.537598,0.529297,0.534668,0.526855,0.532227,0.537598,0.542969,0.54834,0.553711,0.559082,0.564453,0.569824,0.574707,0.580078,0.584961,0.589844,0.595215,0.600098,0.60498,0.609863,0.614746,0.619629,0.624023,0.628906,0.633789,0.638184,0.643066,0.647461,0.651855,0.656738,0.661133,0.665527,0.669922,0.674316
nan,nan,nan,nan,nan,nan,nan,nan,nan,nan,nan,nan,nan,nan,nan,nan,nan,nan,0.526855,0.539551,0.551758,0.53418,0.546387,0.528809,0.541016,0.523438,0.535645,0.547852,0.530273,0.541992,0.524902,0.536621,0.547852,0.53125,0.54248,0.525391,0.536621,0.547852,0.53125,0.541992,0.525391,0.536621,0.546875,0.530762,0.541016,0.524902,0.535645,0.545898,0.529785,0.540039,0.523926,0.53418,0.543945,0.52832,0.538086,0.547852,0.532227,0.541992,0.526367,0.536133,0.54541,0.530273,0.539551,0.524414,0.533691,0.54248,0.527832,0.536621,0.54541,0.53125,0.540039,0.525391,0.53418,0.54248,0.528809,0.537109,0.544922,0.53125,0.539551,0.525879,0.53418,0.541992,0.528809,0.536621,0.523926,0.53125,0.539062,0.526367,0.533691,0.541504,0.528809,0.536133,0.524414,0.53125,0.538574,0.526855,0.533691,0.540527,0.529297,0.536133,0.525391,0.531738,0.538574,0.527832,0.53418,0.523926,0.530273,0.536621,0.526855,0.532715,0.539062,0.529297,0.535645,0.526367,0.532227,0.538086,0.529297,0.535156,0.526855,0.532227,0.524414,0.529785,0.535156,0.540527,0.545898,0.55127,0.556641,0.562012,0.566895,0.572266,0.577148,0.582031,0.587402,0.592285,0.597168,0.602051,0.606934,0.611816,0.616699,0.621094,0.625977,0.630371,0.635254,0.639648,0.644531,0.648926,0.65332,0.657715,0.662109,0.666504
nan,nan,nan,nan,nan,nan,nan,nan,nan,nan,nan,nan,nan,nan,nan,nan,nan,nan,nan,0.525879,0.538086,0.550781,0.533203,0.544922,0.527832,0.539551,0.551758,0.53418,0.545898,0.528809,0.540527,0.551758,0.534668,0.546387,0.529297,0.540527,0.523438,0.534668,0.545898,0.529297,0.540039,0.550781,0.53418,0.544922,0.52832,0.539062,0.549316,0.533203,0.543457,0.527344,0.537598,0.547363,0.531738,0.541504,0.525879,0.535645,0.544922,0.529785,0.539062,0.523926,0.533203,0.54248,0.527344,0.536621,0.545898,0.530762,0.540039,0.525391,0.53418,0.54248,0.52832,0.537109,0.54541,0.53125,0.539551,0.525879,0.53418,0.541992,0.528809,0.536621,0.544434,0.53125,0.539062,0.525879,0.533691,0.541504,0.528809,0.536133,0.523438,0.53125,0.538574,0.526367,0.533203,0.540527,0.528809,0.535645,0.523926,0.53125,0.538086,0.526855,0.533203,0.540039,0.529297,0.535645,0.525391,0.531738,0.538086,0.527832,0.53418,0.524414,0.530273,0.536621,0.526855,0.533203,0.523926,0.529785,0.535645,0.526855,0.532715,0.524414,0.529785,0.535645,0.527832,0.533203,0.538574,0.543457,0.548828,0.554199,0.559082,0.564453,0.569336,0.574707,0.57959,0.584473,0.589355,0.594238,0.599121,0.604004,0.608887,0.61377,0.618164,0.623047,0.627441,0.632324,0.636719,0.641113,0.645508,0.649902,0.654297,0.658691
nan,nan,nan,nan,nan,nan,nan,nan,nan,nan,nan,nan,nan,nan,nan,nan,nan,nan,nan,nan,0.524902,0.537109,0.549316,0.531738,0.543945,0.526367,0.538574,0.549805,0.532715,0.544434,0.527344,0.538574,0.550293,0.533203,0.544434,0.527344,0.538574,0.549316,0.532715,0.543457,0.527344,0.538086,0.54834,0.532227,0.54248,0.526367,0.536621,0.546875,0.530762,0.541016,0.524902,0.535156,0.544922,0.529297,0.539062,0.54834,0.532715,0.54248,0.527344,0.536621,0.545898,0.530762,0.540039,0.524902,0.53418,0.542969,0.52832,0.537109,0.545898,0.53125,0.540039,0.525391,0.53418,0.54248,0.52832,0.536621,0.544922,0.53125,0.539551,0.525879,0.533691,0.541504,0.52832,0.536133,0.543945,0.530762,0.538574,0.525879,0.533203,0.540527,0.52832,0.535645,0.54248,0.530762,0.537598,0.525879,0.532715,0.539551,0.52832,0.535156,0.523926,0.530762,0.537109,0.526367,0.533203,0.539551,0.528809,0.535156,0.525391,0.53125,0.537598,0.527832,0.533691,0.524414,0.530273,0.536133,0.527344,0.533203,0.524414,0.530273,0.535645,0.527832,0.533203,0.525391,0.530762,0.536133,0.541504,0.546387,0.551758,0.556641,0.562012,0.566895,0.571777,0.577148,0.582031,0.586914,0.591797,0.596191,0.601074,0.605957,0.61084,0.615234,0.620117,0.624512,0.628906,0.633789,0.638184,0.642578,0.646973,0.651367
nan,nan,nan,nan,nan,nan,nan,nan,nan,nan,nan,nan,nan,nan,nan,nan,nan,nan,nan,nan,nan,0.523926,0.536133,0.54834,0.530762,0.54248,0.524902,0.537109,0.54834,0.53125,0.542969,0.525879,0.537109,0.54834,0.53125,0.54248,0.525879,0.536621,0.547363,0.530762,0.541504,0.524902,0.535645,0.546387,0.529785,0.540527,0.523926,0.53418,0.544434,0.52832,0.538574,0.54834,0.532715,0.54248,0.526855,0.536133,0.545898,0.530273,0.540039,0.524414,0.53418,0.542969,0.52832,0.537109,0.545898,0.53125,0.540039,0.525391,0.53418,0.542969,0.528809,0.537109,0.54541,0.53125,0.539551,0.525879,0.53418,0.541992,0.52832,0.536621,0.544434,0.530762,0.539062,0.525879,0.533203,0.541016,0.52832,0.535645,0.542969,0.530273,0.537598,0.525391,0.532715,0.540039,0.527832,0.534668,0.541992,0.530273,0.537109,0.525879,0.532227,0.539062,0.527832,0.534668,0.523926,0.530273,0.536621,0.526367,0.532715,0.539062,0.528809,0.535156,0.525391,0.53125,0.537109,0.527832,0.533691,0.524902,0.530762,0.536133,0.527832,0.533203,0.525391,0.530762,0.536133,0.52832,0.533691,0.539062,0.543945,0.549316,0.554199,0.55957,0.564453,0.569336,0.574219,0.579102,0.583984,0.588867,0.59375,0.598633,0.603027,0.60791,0.612305,0.617188,0.621582,0.625977,0.630859,0.635254,0.639648,0.644043
nan,nan,nan,nan,nan,nan,nan,nan,nan,nan,nan,nan,nan,nan,nan,nan,nan,nan,nan,nan,nan,nan,nan,0.535156,0.546875,0.529297,0.541504,0.523926,0.535645,0.547363,0.529785,0.541504,0.524414,0.535645,0.546875,0.529785,0.540527,0.523926,0.534668,0.54541,0.528809,0.539551,0.550293,0.533691,0.543945,0.527832,0.538086,0.54834,0.532227,0.541992,0.526367,0.536133,0.545898,0.530273,0.540039,0.524414,0.53418,0.543457,0.527832,0.537598,0.546387,0.53125,0.540527,0.525391,0.534668,0.543457,0.528809,0.537598,0.546387,0.531738,0.540039,0.525879,0.53418,0.542969,0.528809,0.537109,0.544922,0.53125,0.539551,0.525879,0.533691,0.541504,0.52832,0.536133,0.543457,0.530762,0.538086,0.525391,0.532715,0.540039,0.527832,0.535156,0.541992,0.529785,0.537109,0.525391,0.532227,0.539062,0.527344,0.53418,0.541016,0.529785,0.536133,0.525391,0.531738,0.538574,0.527832,0.53418,0.523926,0.530273,0.536133,0.526367,0.532227,0.538574,0.528809,0.534668,0.525391,0.53125,0.537109,0.52832,0.533691,0.525391,0.53125,0.536621,0.52832,0.533691,0.526367,0.531738,0.536621,0.541992,0.546875,0.551758,0.557129,0.562012,0.566895,0.571777,0.57666,0.581543,0.586426,0.59082,0.595703,0.600586,0.60498,0.609375,0.614258,0.618652,0.623047,0.627441,0.632324,0.636719
nan,nan,nan,nan,nan,nan,nan,nan,nan,nan,nan,nan,nan,nan,nan,nan,nan,nan,nan,nan,nan,nan,nan,nan,0.53418,0.545898,0.52832,0.540039,0.551758,0.53418,0.545898,0.52832,0.540039,0.550781,0.53418,0.544922,0.52832,0.539062,0.549805,0.533203,0.543945,0.527344,0.537598,0.54834,0.531738,0.541992,0.525879,0.536133,0.545898,0.529785,0.540039,0.523926,0.53418,0.543457,0.527832,0.537598,0.546875,0.531738,0.541016,0.525391,0.534668,0.543945,0.528809,0.538086,0.546875,0.532227,0.541016,0.526367,0.534668,0.543457,0.528809,0.537598,0.545898,0.531738,0.540039,0.525879,0.53418,0.54248,0.528809,0.536621,0.544434,0.53125,0.539062,0.525391,0.533203,0.541016,0.527832,0.535645,0.542969,0.530273,0.537598,0.524902,0.532227,0.539551,0.527344,0.53418,0.541504,0.529297,0.536133,0.524902,0.531738,0.538086,0.527344,0.533691,0.540039,0.529297,0.535645,0.525391,0.531738,0.537598,0.527344,0.533691,0.523926,0.529785,0.535645,0.526367,0.532227,0.538086,0.528809,0.534668,0.525879,0.531738,0.537109,0.528809,0.53418,0.526367,0.531738,0.523926,0.529297,0.534668,0.539551,0.544434,0.549805,0.554688,0.55957,0.564453,0.569336,0.574219,0.579102,0.583496,0.588379,0.592773,0.597656,0.602051,0.606934,0.611328,0.615723,0.620117,0.625,0.629395
nan,nan,nan,nan,nan,nan,nan,nan,nan,nan,nan,nan,nan,nan,nan,nan,nan,nan,nan,nan,nan,nan,nan,nan,nan,0.533203,0.544922,0.527344,0.539062,0.550293,0.533203,0.544434,0.527344,0.538574,0.549316,0.532227,0.543457,0.526367,0.537109,0.547852,0.53125,0.541992,0.525391,0.535645,0.545898,0.529785,0.540039,0.523926,0.53418,0.543945,0.527832,0.537598,0.547363,0.531738,0.541504,0.525879,0.535156,0.544434,0.529297,0.538574,0.547852,0.532227,0.541504,0.526367,0.535645,0.544434,0.529297,0.538086,0.523438,0.532227,0.541016,0.526367,0.535156,0.543457,0.529297,0.537598,0.54541,0.531738,0.539551,0.525879,0.533691,0.541992,0.52832,0.536133,0.543945,0.530762,0.538086,0.525391,0.532715,0.540039,0.527344,0.534668,0.541992,0.529785,0.536621,0.524902,0.531738,0.538574,0.526855,0.533691,0.540527,0.528809,0.535645,0.524414,0.53125,0.537598,0.526855,0.533203,0.539551,0.528809,0.535156,0.524902,0.53125,0.537109,0.527344,0.533203,0.523926,0.529785,0.535645,0.526855,0.532227,0.523926,0.529297,0.534668,0.526367,0.531738,0.523926,0.529297,0.534668,0.527344,0.532227,0.537109,0.54248,0.547363,0.552246,0.557129,0.562012,0.566895,0.571777,0.576172,0.581055,0.585938,0.590332,0.595215,0.599609,0.604004,0.608398,0.613281,0.617676,0.62207
