300,300,300,300,300,300,300,300,300,300,300,300,300,300,300,300,300,300,300,300,300,300,300,300,300,300,300,300,300,300,300,300,300,300,300,300,300,300,300,300,300,300,300,300,300,300,300,300,300,300,300,300,300,300,300,300,300,300,300,300,300,300,300,300,300,300,300,300,300,300,300,300,300,300,300,300,300,300,300,300,300,300,300,300,300,300,300,300,300,300,300,300,300,300,300,300,300,300,300,300,300,300,300,300,300,300,300,300,300,300,300,300,300,300,300,300,300,300,300,300,300,300,300,300,300,300,300,300,300,300,300,300,300,300,300,300,300,300,300,300,300,300,300,300,300,300,300,300,300,300
303.25,303.25,303.25,303.25,303.25,303.25,303.25,303.25,303.25,303.25,303.25,303.25,303.25,303.25,303.25,303.25,303.25,303.25,303.25,303.25,303.25,303.25,303.25,303.25,303.25,303.25,303.25,303.25,303.25,303.25,303.25,303.25,303.25,303.25,303.25,303.25,303.25,303.25,303.25,303.25,303.25,303.25,303.25,303.25,303.25,303.25,303.25,303.25,303.25,303.25,303.25,303.25,303.25,303.25,303.25,303.25,303.25,303.25,303.25,303.25,303.25,303.25,303.25,303.25,303.25,303.25,303.25,303.25,303.25,303.25,303.25,303.25,303.25,303.25,303.25,303.25,303.25,303.25,303.25,303.25,303.25,303.25,303.25,303.25,303.25,303.25,303.25,303.25,303.25,303.25,303.25,303.25,303.25,303.25,303.25,303.25,303.25,303.25,303.25,303.25,303.25,303.25,303.25,303.25,303.25,303.25,303.25,303.25,303.25,303.25,303.25,303.25,303.25,303.25,303.25,303.25,303.25,303.25,303.25,303.25,303.25,303.25,303.25,303.25,303.25,303.25,303.25,303.25,303.25,303.25,303.25,303.25,303.25,303.25,303.25,303.25,303.25,303.25,303.25,303.25,303.25,303.25,303.25,303.25,303.25,303.25,303.25,303.25,303.25,303.25
306.25,306.25,306.25,306.25,306.25,306.25,306.25,306.25,306.25,306.25,306.25,306.25,306.25,306.25,306.25,306.25,306.25,306.25,306.25,306.25,306.25,306.25,306.25,306.25,306.25,306.25,306.25,306.25,306.25,306.25,306.25,306.25,306.25,306.25,306.25,306.25,306.25,306.25,306.25,306.25,306.25,306.25,306.25,306.25,306.25,306.25,306.25,306.25,306.25,306.25,306.25,306.25,306.25,306.25,306.25,306.25,306.25,306.25,306.25,306.25,306.25,306.25,306.25,306.25,306.25,306.25,306.25,306.25,306.25,306.25,306.25,306.25,306.25,306.25,306.25,306.25,306.25,306.25,306.25,306.25,306.25,306.25,306.25,306.25,306.25,306.25,306.25,306.25,306.25,306.25,306.25,306.25,306.25,306.25,306.25,306.25,306.25,306.25,306.25,306.25,306.25,306.25,306.25,306.25,306.25,306.25,306.25,306.25,306.25,306.25,306.25,306.25,306.25,306.25,306.25,306.25,306.25,306.25,306.25,306.25,306.25,306.25,306.25,306.25,306.25,306.25,306.25,306.25,306.25,306.25,306.25,306.25,306.25,306.25,306.25,306.25,306.25,306.25,306.25,306.25,306.25,306.25,306.25,306.25,306.25,306.25,306.25,306.25,306.25,306.25
309.5,309.5,309.5,309.5,309.5,309.5,309.5,309.5,309.5,309.5,309.5,309.5,309.5,309.5,309.5,309.5,309.5,309.5,309.5,309.5,309.5,309.5,309.5,309.5,309.5,309.5,309.5,309.5,309.5,309.5,309.5,309.5,309.5,309.5,309.5,309.5,309.5,309.5,309.5,309.5,309.5,309.5,309.5,309.5,309.5,309.5,309.5,309.5,309.5,309.5,309.5,309.5,309.5,309.5,309.5,309.5,309.5,309.5,309.5,309.5,309.5,309.5,309.5,309.5,309.5,309.5,309.5,309.5,309.5,309.5,309.5,309.5,309.5,309.5,309.5,309.5,309.5,309.5,309.5,309.5,309.5,309.5,309.5,309.5,309.5,309.5,309.5,309.5,309.5,309.5,309.5,309.5,309.5,309.5,309.5,309.5,309.5,309.5,309.5,309.5,309.5,309.5,309.5,309.5,309.5,309.5,309.5,309.5,309.5,309.5,309.5,309.5,309.5,309.5,309.5,309.5,309.5,309.5,309.5,309.5,309.5,309.5,309.5,309.5,309.5,309.5,309.5,309.5,309.5,309.5,309.5,309.5,309.5,309.5,309.5,309.5,309.5,309.5,309.5,309.5,309.5,309.5,309.5,309.5,309.5,309.5,309.5,309.5,309.5,309.5
312.75,312.75,312.75,312.75,312.75,312.75,312.75,312.75,312.75,312.75,312.75,312.75,312.75,312.75,312.75,312.75,312.75,312.75,312.75,312.75,312.75,312.75,312.75,312.75,312.75,312.75,312.75,312.75,312.75,312.75,312.75,312.75,312.75,312.75,312.75,312.75,312.75,312.75,312.75,312.75,312.75,312.75,312.75,312.75,312.75,312.75,312.75,312.75,312.75,312.75,312.75,312.75,312.75,312.75,312.75,312.75,312.75,312.75,312.75,312.75,312.75,312.75,312.75,312.75,312.75,312.75,312.75,312.75,312.75,312.75,312.75,312.75,312.75,312.75,312.75,312.75,312.75,312.75,312.75,312.75,312.75,312.75,312.75,312.75,312.75,312.75,312.75,312.75,312.75,312.75,312.75,312.75,312.75,312.75,312.75,312.75,312.75,312.75,312.75,312.75,312.75,312.75,312.75,312.75,312.75,312.75,312.75,312.75,312.75,312.75,312.75,312.75,312.75,312.75,312.75,312.75,312.75,312.75,312.75,312.75,312.75,312.75,312.75,312.75,312.75,312.75,312.75,312.75,312.75,312.75,312.75,312.75,312.75,312.75,312.75,312.75,312.75,312.75,312.75,312.75,312.75,312.75,312.75,312.75,312.75,312.75,312.75,312.75,312.75,312.75
315.75,315.75,315.75,315.75,315.75,315.75,315.75,315.75,315.75,315.75,315.75,315.75,315.75,315.75,315.75,315.75,315.75,315.75,315.75,315.75,315.75,315.75,315.75,315.75,315.75,315.75,315.75,315.75,315.75,315.75,315.75,315.75,315.75,315.75,315.75,315.75,315.75,315.75,315.75,315.75,315.75,315.75,315.75,315.75,315.75,315.75,315.75,315.75,315.75,315.75,315.75,315.75,315.75,315.75,315.75,315.75,315.75,315.75,315.75,315.75,315.75,315.75,315.75,315.75,315.75,315.75,315.75,315.75,315.75,315.75,315.75,315.75,315.75,315.75,315.75,315.75,315.75,315.75,315.75,315.75,315.75,315.75,315.75,315.75,315.75,315.75,315.75,315.75,315.75,315.75,315.75,315.75,315.75,315.75,315.75,315.75,315.75,315.75,315.75,315.75,315.75,315.75,315.75,315.75,315.75,315.75,315.75,315.75,315.75,315.75,315.75,315.75,315.75,315.75,315.75,315.75,315.75,315.75,315.75,315.75,315.75,315.75,315.75,315.75,315.75,315.75,315.75,315.75,315.75,315.75,315.75,315.75,315.75,315.75,315.75,315.75,315.75,315.75,315.75,315.75,315.75,315.75,315.75,315.75,315.75,315.75,315.75,315.75,315.75,315.75
319,319,319,319,319,319,319,319,319,319,319,319,319,319,319,319,319,319,319,319,319,319,319,319,319,319,319,319,319,319,319,319,319,319,319,319,319,319,319,319,319,319,319,319,319,319,319,319,319,319,319,319,319,319,319,319,319,319,319,319,319,319,319,319,319,319,319,319,319,319,319,319,319,319,319,319,319,319,319,319,319,319,319,319,319,319,319,319,319,319,319,319,319,319,319,319,319,319,319,319,319,319,319,319,319,319,319,319,319,319,319,319,319,319,319,319,319,319,319,319,319,319,319,319,319,319,319,319,319,319,319,319,319,319,319,319,319,319,319,319,319,319,319,319,319,319,319,319,319,319
322.25,322.25,322.25,322.25,322.25,322.25,322.25,322.25,322.25,322.25,322.25,322.25,322.25,322.25,322.25,322.25,322.25,322.25,322.25,322.25,322.25,322.25,322.25,322.25,322.25,322.25,322.25,322.25,322.25,322.25,322.25,322.25,322.25,322.25,322.25,322.25,322.25,322.25,322.25,322.25,322.25,322.25,322.25,322.25,322.25,322.25,322.25,322.25,322.25,322.25,322.25,322.25,322.25,322.25,322.25,322.25,322.25,322.25,322.25,322.25,322.25,322.25,322.25,322.25,322.25,322.25,322.25,322.25,322.25,322.25,322.25,322.25,322.25,322.25,322.25,322.25,322.25,322.25,322.25,322.25,322.25,322.25,322.25,322.25,322.25,322.25,322.25,322.25,322.25,322.25,322.25,322.25,322.25,322.25,322.25,322.25,322.25,322.25,322.25,322.25,322.25,322.25,322.25,322.25,322.25,322.25,322.25,322.25,322.25,322.25,322.25,322.25,322.25,322.25,322.25,322.25,322.25,322.25,322.25,322.25,322.25,322.25,322.25,322.25,322.25,322.25,322.25,322.25,322.25,322.25,322.25,322.25,322.25,322.25,322.25,322.25,322.25,322.25,322.25,322.25,322.25,322.25,322.25,322.25,322.25,322.25,322.25,322.25,322.25,322.25
325.25,325.25,325.25,325.25,325.25,325.25,325.25,325.25,325.25,325.25,325.25,325.25,325.25,325.25,325.25,325.25,325.25,325.25,325.25,325.25,325.25,325.25,325.25,325.25,325.25,325.25,325.25,325.25,325.25,325.25,325.25,325.25,325.25,325.25,325.25,325.25,325.25,325.25,325.25,325.25,325.25,325.25,325.25,325.25,325.25,325.25,325.25,325.25,325.25,325.25,325.25,325.25,325.25,325.25,325.25,325.25,325.25,325.25,325.25,325.25,325.25,325.25,325.25,325.25,325.25,325.25,325.25,325.25,325.25,325.25,325.25,325.25,325.25,325.25,325.25,325.25,325.25,325.25,325.25,325.25,325.25,325.25,325.25,325.25,325.25,325.25,325.25,325.25,325.25,325.25,325.25,325.25,325.25,325.25,325.25,325.25,325.25,325.25,325.25,325.25,325.25,325.25,325.25,325.25,325.25,325.25,325.25,325.25,325.25,325.25,325.25,325.25,325.25,325.25,325.25,325.25,325.25,325.25,325.25,325.25,325.25,325.25,325.25,325.25,325.25,325.25,325.25,325.25,325.25,325.25,325.25,325.25,325.25,325.25,325.25,325.25,325.25,325.25,325.25,325.25,325.25,325.25,325.25,325.25,325.25,325.25,325.25,325.25,325.25,325.25
328.5,328.5,328.5,328.5,328.5,328.5,328.5,328.5,328.5,328.5,328.5,328.5,328.5,328.5,328.5,328.5,328.5,328.5,328.5,328.5,328.5,328.5,328.5,328.5,328.5,328.5,328.5,328.5,328.5,328.5,328.5,328.5,328.5,328.5,328.5,328.5,328.5,328.5,328.5,328.5,328.5,328.5,328.5,328.5,328.5,328.5,328.5,328.5,328.5,328.5,328.5,328.5,328.5,328.5,328.5,328.5,328.5,328.5,328.5,328.5,328.5,328.5,328.5,328.5,328.5,328.5,328.5,328.5,328.5,328.5,328.5,328.5,328.5,328.5,328.5,328.5,328.5,328.5,328.5,328.5,328.5,328.5,328.5,328.5,328.5,328.5,328.5,328.5,328.5,328.5,328.5,328.5,328.5,328.5,328.5,328.5,328.5,328.5,328.5,328.5,328.5,328.5,328.5,328.5,328.5,328.5,328.5,328.5,328.5,328.5,328.5,328.5,328.5,328.5,328.5,328.5,328.5,328.5,328.5,328.5,328.5,328.5,328.5,328.5,328.5,328.5,328.5,328.5,328.5,328.5,328.5,328.5,328.5,328.5,328.5,328.5,328.5,328.5,328.5,328.5,328.5,328.5,328.5,328.5,328.5,328.5,328.5,328.5,328.5,328.5
331.75,331.75,331.75,331.75,331.75,331.75,331.75,331.75,331.75,331.75,331.75,331.75,331.75,331.75,331.75,331.75,331.75,331.75,331.75,331.75,331.75,331.75,331.75,331.75,331.75,331.75,331.75,331.75,331.75,331.75,331.75,331.75,331.75,331.75,331.75,331.75,331.75,331.75,331.75,331.75,331.75,331.75,331.75,331.75,331.75,331.75,331.75,331.75,331.75,331.75,331.75,331.75,331.75,331.75,331.75,331.75,331.75,331.75,331.75,331.75,331.75,331.75,331.75,331.75,331.75,331.75,331.75,331.75,331.75,331.75,331.75,331.75,331.75,331.75,331.75,331.75,331.75,331.75,331.75,331.75,331.75,331.75,331.75,331.75,331.75,331.75,331.75,331.75,331.75,331.75,331.75,331.75,331.75,331.75,331.75,331.75,331.75,331.75,331.75,331.75,331.75,331.75,331.75,331.75,331.75,331.75,331.75,331.75,331.75,331.75,331.75,331.75,331.75,331.75,331.75,331.75,331.75,331.75,331.75,331.75,331.75,331.75,331.75,331.75,331.75,331.75,331.75,331.75,331.75,331.75,331.75,331.75,331.75,331.75,331.75,331.75,331.75,331.75,331.75,331.75,331.75,331.75,331.75,331.75,331.75,331.75,331.75,331.75,331.75,331.75
334.75,334.75,334.75,334.75,334.75,334.75,334.75,334.75,334.75,334.75,334.75,334.75,334.75,334.75,334.75,334.75,334.75,334.75,334.75,334.75,334.75,334.75,334.75,334.75,334.75,334.75,334.75,334.75,334.75,334.75,334.75,334.75,334.75,334.75,334.75,334.75,334.75,334.75,334.75,334.75,334.75,334.75,334.75,334.75,334.75,334.75,334.75,334.75,334.75,334.75,334.75,334.75,334.75,334.75,334.75,334.75,334.75,334.75,334.75,334.75,334.75,334.75,334.75,334.75,334.75,334.75,334.75,334.75,334.75,334.75,334.75,334.75,334.75,334.75,334.75,334.75,334.75,334.75,334.75,334.75,334.75,334.75,334.75,334.75,334.75,334.75,334.75,334.75,334.75,334.75,334.75,334.75,334.75,334.75,334.75,334.75,334.75,334.75,334.75,334.75,334.75,334.75,334.75,334.75,334.75,334.75,334.75,334.75,334.75,334.75,334.75,334.75,334.75,334.75,334.75,334.75,334.75,334.75,334.75,334.75,334.75,334.75,334.75,334.75,334.75,334.75,334.75,334.75,334.75,334.75,334.75,334.75,334.75,334.75,334.75,334.75,334.75,334.75,334.75,334.75,334.75,334.75,334.75,334.75,334.75,334.75,334.75,334.75,334.75,334.75
338,338,338,338,338,338,338,338,338,338,338,338,338,338,338,338,338,338,338,338,338,338,338,338,338,338,338,338,338,338,338,338,338,338,338,338,338,338,338,338,338,338,338,338,338,338,338,338,338,338,338,338,338,338,338,338,338,338,338,338,338,338,338,338,338,338,338,338,338,338,338,338,338,338,338,338,338,338,338,338,338,338,338,338,338,338,338,338,338,338,338,338,338,338,338,338,338,338,338,338,338,338,338,338,338,338,338,338,338,338,338,338,338,338,338,338,338,338,338,338,338,338,338,338,338,338,338,338,338,338,338,338,338,338,338,338,338,338,338,338,338,338,338,338,338,338,338,338,338,338
341.25,341.25,341.25,341.25,341.25,341.25,341.25,341.25,341.25,341.25,341.25,341.25,341.25,341.25,341.25,341.25,341.25,341.25,341.25,341.25,341.25,341.25,341.25,341.25,341.25,341.25,341.25,341.25,341.25,341.25,341.25,341.25,341.25,341.25,341.25,341.25,341.25,341.25,341.25,341.25,341.25,341.25,341.25,341.25,341.25,341.25,341.25,341.25,341.25,341.25,341.25,341.25,341.25,341.25,341.25,341.25,341.25,341.25,341.25,341.25,341.25,341.25,341.25,341.25,341.25,341.25,341.25,341.25,341.25,341.25,341.25,341.25,341.25,341.25,341.25,341.25,341.25,341.25,341.25,341.25,341.25,341.25,341.25,341.25,341.25,341.25,341.25,341.25,341.25,341.25,341.25,341.25,341.25,341.25,341.25,341.25,341.25,341.25,341.25,341.25,341.25,341.25,341.25,341.25,341.25,341.25,341.25,341.25,341.25,341.25,341.25,341.25,341.25,341.25,341.25,341.25,341.25,341.25,341.25,341.25,341.25,341.25,341.25,341.25,341.25,341.25,341.25,341.25,341.25,341.25,341.25,341.25,341.25,341.25,341.25,341.25,341.25,341.25,341.25,341.25,341.25,341.25,341.25,341.25,341.25,341.25,341.25,341.25,341.25,341.25
344.25,344.25,344.25,344.25,344.25,344.25,344.25,344.25,344.25,344.25,344.25,344.25,344.25,344.25,344.25,344.25,344.25,344.25,344.25,344.25,344.25,344.25,344.25,344.25,344.25,344.25,344.25,344.25,344.25,344.25,344.25,344.25,344.25,344.25,344.25,344.25,344.25,344.25,344.25,344.25,344.25,344.25,344.25,344.25,344.25,344.25,344.25,344.25,344.25,344.25,344.25,344.25,344.25,344.25,344.25,344.25,344.25,344.25,344.25,344.25,344.25,344.25,344.25,344.25,344.25,344.25,344.25,344.25,344.25,344.25,344.25,344.25,344.25,344.25,344.25,344.25,344.25,344.25,344.25,344.25,344.25,344.25,344.25,344.25,344.25,344.25,344.25,344.25,344.25,344.25,344.25,344.25,344.25,344.25,344.25,344.25,344.25,344.25,344.25,344.25,344.25,344.25,344.25,344.25,344.25,344.25,344.25,344.25,344.25,344.25,344.25,344.25,344.25,344.25,344.25,344.25,344.25,344.25,344.25,344.25,344.25,344.25,344.25,344.25,344.25,344.25,344.25,344.25,344.25,344.25,344.25,344.25,344.25,344.25,344.25,344.25,344.25,344.25,344.25,344.25,344.25,344.25,344.25,344.25,344.25,344.25,344.25,344.25,344.25,344.25
347.5,347.5,347.5,347.5,347.5,347.5,347.5,347.5,347.5,347.5,347.5,347.5,347.5,347.5,347.5,347.5,347.5,347.5,347.5,347.5,347.5,347.5,347.5,347.5,347.5,347.5,347.5,347.5,347.5,347.5,347.5,347.5,347.5,347.5,347.5,347.5,347.5,347.5,347.5,347.5,347.5,347.5,347.5,347.5,347.5,347.5,347.5,347.5,347.5,347.5,347.5,347.5,347.5,347.5,347.5,347.5,347.5,347.5,347.5,347.5,347.5,347.5,347.5,347.5,347.5,347.5,347.5,347.5,347.5,347.5,347.5,347.5,347.5,347.5,347.5,347.5,347.5,347.5,347.5,347.5,347.5,347.5,347.5,347.5,347.5,347.5,347.5,347.5,347.5,347.5,347.5,347.5,347.5,347.5,347.5,347.5,347.5,347.5,347.5,347.5,347.5,347.5,347.5,347.5,347.5,347.5,347.5,347.5,347.5,347.5,347.5,347.5,347.5,347.5,347.5,347.5,347.5,347.5,347.5,347.5,347.5,347.5,347.5,347.5,347.5,347.5,347.5,347.5,347.5,347.5,347.5,347.5,347.5,347.5,347.5,347.5,347.5,347.5,347.5,347.5,347.5,347.5,347.5,347.5,347.5,347.5,347.5,347.5,347.5,347.5
350.75,350.75,350.75,350.75,350.75,350.75,350.75,350.75,350.75,350.75,350.75,350.75,350.75,350.75,350.75,350.75,350.75,350.75,350.75,350.75,350.75,350.75,350.75,350.75,350.75,350.75,350.75,350.75,350.75,350.75,350.75,350.75,350.75,350.75,350.75,350.75,350.75,350.75,350.75,350.75,350.75,350.75,350.75,350.75,350.75,350.75,350.75,350.75,350.75,350.75,350.75,350.75,350.75,350.75,350.75,350.75,350.75,350.75,350.75,350.75,350.75,350.75,350.75,350.75,350.75,350.75,350.75,350.75,350.75,350.75,350.75,350.75,350.75,350.75,350.75,350.75,350.75,350.75,350.75,350.75,350.75,350.75,350.75,350.75,350.75,350.75,350.75,350.75,350.75,350.75,350.75,350.75,350.75,350.75,350.75,350.75,350.75,350.75,350.75,350.75,350.75,350.75,350.75,350.75,350.75,350.75,350.75,350.75,350.75,350.75,350.75,350.75,350.75,350.75,350.75,350.75,350.75,350.75,350.75,350.75,350.75,350.75,350.75,350.75,350.75,350.75,350.75,350.75,350.75,350.75,350.75,350.75,350.75,350.75,350.75,350.75,350.75,350.75,350.75,350.75,350.75,350.75,350.75,350.75,350.75,350.75,350.75,350.75,350.75,350.75
353.75,353.75,353.75,353.75,353.75,353.75,353.75,353.75,353.75,353.75,353.75,353.75,353.75,353.75,353.75,353.75,353.75,353.75,353.75,353.75,353.75,353.75,353.75,353.75,353.75,353.75,353.75,353.75,353.75,353.75,353.75,353.75,353.75,353.75,353.75,353.75,353.75,353.75,353.75,353.75,353.75,353.75,353.75,353.75,353.75,353.75,353.75,353.75,353.75,353.75,353.75,353.75,353.75,353.75,353.75,353.75,353.75,353.75,353.75,353.75,353.75,353.75,353.75,353.75,353.75,353.75,353.75,353.75,353.75,353.75,353.75,353.75,353.75,353.75,353.75,353.75,353.75,353.75,353.75,353.75,353.75,353.75,353.75,353.75,353.75,353.75,353.75,353.75,353.75,353.75,353.75,353.75,353.75,353.75,353.75,353.75,353.75,353.75,353.75,353.75,353.75,353.75,353.75,353.75,353.75,353.75,353.75,353.75,353.75,353.75,353.75,353.75,353.75,353.75,353.75,353.75,353.75,353.75,353.75,353.75,353.75,353.75,353.75,353.75,353.75,353.75,353.75,353.75,353.75,353.75,353.75,353.75,353.75,353.75,353.75,353.75,353.75,353.75,353.75,353.75,353.75,353.75,353.75,353.75,353.75,353.75,353.75,353.75,353.75,353.75
357,357,357,357,357,357,357,357,357,357,357,357,357,357,357,357,357,357,357,357,357,357,357,357,357,357,357,357,357,357,357,357,357,357,357,357,357,357,357,357,357,357,357,357,357,357,357,357,357,357,357,357,357,357,357,357,357,357,357,357,357,357,357,357,357,357,357,357,357,357,357,357,357,357,357,357,357,357,357,357,357,357,357,357,357,357,357,357,357,357,357,357,357,357,357,357,357,357,357,357,357,357,357,357,357,357,357,357,357,357,357,357,357,357,357,357,357,357,357,357,357,357,357,357,357,357,357,357,357,357,357,357,357,357,357,357,357,357,357,357,357,357,357,357,357,357,357,357,357,357
360.25,360.25,360.25,360.25,360.25,360.25,360.25,360.25,360.25,360.25,360.25,360.25,360.25,360.25,360.25,360.25,360.25,360.25,360.25,360.25,360.25,360.25,360.25,360.25,360.25,360.25,360.25,360.25,360.25,360.25,360.25,360.25,360.25,360.25,360.25,360.25,360.25,360.25,360.25,360.25,360.25,360.25,360.25,360.25,360.25,360.25,360.25,360.25,360.25,360.25,360.25,360.25,360.25,360.25,360.25,360.25,360.25,360.25,360.25,360.25,360.25,360.25,360.25,360.25,360.25,360.25,360.25,360.25,360.25,360.25,360.25,360.25,360.25,360.25,360.25,360.25,360.25,360.25,360.25,360.25,360.25,360.25,360.25,360.25,360.25,360.25,360.25,360.25,360.25,360.25,360.25,360.25,360.25,360.25,360.25,360.25,360.25,360.25,360.25,360.25,360.25,360.25,360.25,360.25,360.25,360.25,360.25,360.25,360.25,360.25,360.25,360.25,360.25,360.25,360.25,360.25,360.25,360.25,360.25,360.25,360.25,360.25,360.25,360.25,360.25,360.25,360.25,360.25,360.25,360.25,360.25,360.25,360.25,360.25,360.25,360.25,360.25,360.25,360.25,360.25,360.25,360.25,360.25,360.25,360.25,360.25,360.25,360.25,360.25,360.25
363.25,363.25,363.25,363.25,363.25,363.25,363.25,363.25,363.25,363.25,363.25,363.25,363.25,363.25,363.25,363.25,363.25,363.25,363.25,363.25,363.25,363.25,363.25,363.25,363.25,363.25,363.25,363.25,363.25,363.25,363.25,363.25,363.25,363.25,363.25,363.25,363.25,363.25,363.25,363.25,363.25,363.25,363.25,363.25,363.25,363.25,363.25,363.25,363.25,363.25,363.25,363.25,363.25,363.25,363.25,363.25,363.25,363.25,363.25,363.25,363.25,363.25,363.25,363.25,363.25,363.25,363.25,363.25,363.25,363.25,363.25,363.25,363.25,363.25,363.25,363.25,363.25,363.25,363.25,363.25,363.25,363.25,363.25,363.25,363.25,363.25,363.25,363.25,363.25,363.25,363.25,363.25,363.25,363.25,363.25,363.25,363.25,363.25,363.25,363.25,363.25,363.25,363.25,363.25,363.25,363.25,363.25,363.25,363.25,363.25,363.25,363.25,363.25,363.25,363.25,363.25,363.25,363.25,363.25,363.25,363.25,363.25,363.25,363.25,363.25,363.25,363.25,363.25,363.25,363.25,363.25,363.25,363.25,363.25,363.25,363.25,363.25,363.25,363.25,363.25,363.25,363.25,363.25,363.25,363.25,363.25,363.25,363.25,363.25,363.25
366.5,366.5,366.5,366.5,366.5,366.5,366.5,366.5,366.5,366.5,366.5,366.5,366.5,366.5,366.5,366.5,366.5,366.5,366.5,366.5,366.5,366.5,366.5,366.5,366.5,366.5,366.5,366.5,366.5,366.5,366.5,366.5,366.5,366.5,366.5,366.5,366.5,366.5,366.5,366.5,366.5,366.5,366.5,366.5,366.5,366.5,366.5,366.5,366.5,366.5,366.5,366.5,366.5,366.5,366.5,366.5,366.5,366.5,366.5,366.5,366.5,366.5,366.5,366.5,366.5,366.5,366.5,366.5,366.5,366.5,366.5,366.5,366.5,366.5,366.5,366.5,366.5,366.5,366.5,366.5,366.5,366.5,366.5,366.5,366.5,366.5,366.5,366.5,366.5,366.5,366.5,366.5,366.5,366.5,366.5,366.5,366.5,366.5,366.5,366.5,366.5,366.5,366.5,366.5,366.5,366.5,366.5,366.5,366.5,366.5,366.5,366.5,366.5,366.5,366.5,366.5,366.5,366.5,366.5,366.5,366.5,366.5,366.5,366.5,366.5,366.5,366.5,366.5,366.5,366.5,366.5,366.5,366.5,366.5,366.5,366.5,366.5,366.5,366.5,366.5,366.5,366.5,366.5,366.5,366.5,366.5,366.5,366.5,366.5,366.5
369.75,369.75,369.75,369.75,369.75,369.75,369.75,369.75,369.75,369.75,369.75,369.75,369.75,369.75,369.75,369.75,369.75,369.75,369.75,369.75,369.75,369.75,369.75,369.75,369.75,369.75,369.75,369.75,369.75,369.75,369.75,369.75,369.75,369.75,369.75,369.75,369.75,369.75,369.75,369.75,369.75,369.75,369.75,369.75,369.75,369.75,369.75,369.75,369.75,369.75,369.75,369.75,369.75,369.75,369.75,369.75,369.75,369.75,369.75,369.75,369.75,369.75,369.75,369.75,369.75,369.75,369.75,369.75,369.75,369.75,369.75,369.75,369.75,369.75,369.75,369.75,369.75,369.75,369.75,369.75,369.75,369.75,369.75,369.75,369.75,369.75,369.75,369.75,369.75,369.75,369.75,369.75,369.75,369.75,369.75,369.75,369.75,369.75,369.75,369.75,369.75,369.75,369.75,369.75,369.75,369.75,369.75,369.75,369.75,369.75,369.75,369.75,369.75,369.75,369.75,369.75,369.75,369.75,369.75,369.75,369.75,369.75,369.75,369.75,369.75,369.75,369.75,369.75,369.75,369.75,369.75,369.75,369.75,369.75,369.75,369.75,369.75,369.75,369.75,369.75,369.75,369.75,369.75,369.75,369.75,369.75,369.75,369.75,369.75,369.75
372.75,372.75,372.75,372.75,372.75,372.75,372.75,372.75,372.75,372.75,372.75,372.75,372.75,372.75,372.75,372.75,372.75,372.75,372.75,372.75,372.75,372.75,372.75,372.75,372.75,372.75,372.75,372.75,372.75,372.75,372.75,372.75,372.75,372.75,372.75,372.75,372.75,372.75,372.75,372.75,372.75,372.75,372.75,372.75,372.75,372.75,372.75,372.75,372.75,372.75,372.75,372.75,372.75,372.75,372.75,372.75,372.75,372.75,372.75,372.75,372.75,372.75,372.75,372.75,372.75,372.75,372.75,372.75,372.75,372.75,372.75,372.75,372.75,372.75,372.75,372.75,372.75,372.75,372.75,372.75,372.75,372.75,372.75,372.75,372.75,372.75,372.75,372.75,372.75,372.75,372.75,372.75,372.75,372.75,372.75,372.75,372.75,372.75,372.75,372.75,372.75,372.75,372.75,372.75,372.75,372.75,372.75,372.75,372.75,372.75,372.75,372.75,372.75,372.75,372.75,372.75,372.75,372.75,372.75,372.75,372.75,372.75,372.75,372.75,372.75,372.75,372.75,372.75,372.75,372.75,372.75,372.75,372.75,372.75,372.75,372.75,372.75,372.75,372.75,372.75,372.75,372.75,372.75,372.75,372.75,372.75,372.75,372.75,372.75,372.75
376,376,376,376,376,376,376,376,376,376,376,376,376,376,376,376,376,376,376,376,376,376,376,376,376,376,376,376,376,376,376,376,376,376,376,376,376,376,376,376,376,376,376,376,376,376,376,376,376,376,376,376,376,376,376,376,376,376,376,376,376,376,376,376,376,376,376,376,376,376,376,376,376,376,376,376,376,376,376,376,376,376,376,376,376,376,376,376,376,376,376,376,376,376,376,376,376,376,376,376,376,376,376,376,376,376,376,376,376,376,376,376,376,376,376,376,376,376,376,376,376,376,376,376,376,376,376,376,376,376,376,376,376,376,376,376,376,376,376,376,376,376,376,376,376,376,376,376,376,376
379.25,379.25,379.25,379.25,379.25,379.25,379.25,379.25,379.25,379.25,379.25,379.25,379.25,379.25,379.25,379.25,379.25,379.25,379.25,379.25,379.25,379.25,379.25,379.25,379.25,379.25,379.25,379.25,379.25,379.25,379.25,379.25,379.25,379.25,379.25,379.25,379.25,379.25,379.25,379.25,379.25,379.25,379.25,379.25,379.25,379.25,379.25,379.25,379.25,379.25,379.25,379.25,379.25,379.25,379.25,379.25,379.25,379.25,379.25,379.25,379.25,379.25,379.25,379.25,379.25,379.25,379.25,379.25,379.25,379.25,379.25,379.25,379.25,379.25,379.25,379.25,379.25,379.25,379.25,379.25,379.25,379.25,379.25,379.25,379.25,379.25,379.25,379.25,379.25,379.25,379.25,379.25,379.25,379.25,379.25,379.25,379.25,379.25,379.25,379.25,379.25,379.25,379.25,379.25,379.25,379.25,379.25,379.25,379.25,379.25,379.25,379.25,379.25,379.25,379.25,379.25,379.25,379.25,379.25,379.25,379.25,379.25,379.25,379.25,379.25,379.25,379.25,379.25,379.25,379.25,379.25,379.25,379.25,379.25,379.25,379.25,379.25,379.25,379.25,379.25,379.25,379.25,379.25,379.25,379.25,379.25,379.25,379.25,379.25,379.25
382.25,382.25,382.25,382.25,382.25,382.25,382.25,382.25,382.25,382.25,382.25,382.25,382.25,382.25,382.25,382.25,382.25,382.25,382.25,382.25,382.25,382.25,382.25,382.25,382.25,382.25,382.25,382.25,382.25,382.25,382.25,382.25,382.25,382.25,382.25,382.25,382.25,382.25,382.25,382.25,382.25,382.25,382.25,382.25,382.25,382.25,382.25,382.25,382.25,382.25,382.25,382.25,382.25,382.25,382.25,382.25,382.25,382.25,382.25,382.25,382.25,382.25,382.25,382.25,382.25,382.25,382.25,382.25,382.25,382.25,382.25,382.25,382.25,382.25,382.25,382.25,382.25,382.25,382.25,382.25,382.25,382.25,382.25,382.25,382.25,382.25,382.25,382.25,382.25,382.25,382.25,382.25,382.25,382.25,382.25,382.25,382.25,382.25,382.25,382.25,382.25,382.25,382.25,382.25,382.25,382.25,382.25,382.25,382.25,382.25,382.25,382.25,382.25,382.25,382.25,382.25,382.25,382.25,382.25,382.25,382.25,382.25,382.25,382.25,382.25,382.25,382.25,382.25,382.25,382.25,382.25,382.25,382.25,382.25,382.25,382.25,382.25,382.25,382.25,382.25,382.25,382.25,382.25,382.25,382.25,382.25,382.25,382.25,382.25,382.25
385.5,385.5,385.5,385.5,385.5,385.5,385.5,385.5,385.5,385.5,385.5,385.5,385.5,385.5,385.5,385.5,385.5,385.5,385.5,385.5,385.5,385.5,385.5,385.5,385.5,385.5,385.5,385.5,385.5,385.5,385.5,385.5,385.5,385.5,385.5,385.5,385.5,385.5,385.5,385.5,385.5,385.5,385.5,385.5,385.5,385.5,385.5,385.5,385.5,385.5,385.5,385.5,385.5,385.5,385.5,385.5,385.5,385.5,385.5,385.5,385.5,385.5,385.5,385.5,385.5,385.5,385.5,385.5,385.5,385.5,385.5,385.5,385.5,385.5,385.5,385.5,385.5,385.5,385.5,385.5,385.5,385.5,385.5,385.5,385.5,385.5,385.5,385.5,385.5,385.5,385.5,385.5,385.5,385.5,385.5,385.5,385.5,385.5,385.5,385.5,385.5,385.5,385.5,385.5,385.5,385.5,385.5,385.5,385.5,385.5,385.5,385.5,385.5,385.5,385.5,385.5,385.5,385.5,385.5,385.5,385.5,385.5,385.5,385.5,385.5,385.5,385.5,385.5,385.5,385.5,385.5,385.5,385.5,385.5,385.5,385.5,385.5,385.5,385.5,385.5,385.5,385.5,385.5,385.5,385.5,385.5,385.5,385.5,385.5,385.5
388.75,388.75,388.75,388.75,388.75,388.75,388.75,388.75,388.75,388.75,388.75,388.75,388.75,388.75,388.75,388.75,388.75,388.75,388.75,388.75,388.75,388.75,388.75,388.75,388.75,388.75,388.75,388.75,388.75,388.75,388.75,388.75,388.75,388.75,388.75,388.75,388.75,388.75,388.75,388.75,388.75,388.75,388.75,388.75,388.75,388.75,388.75,388.75,388.75,388.75,388.75,388.75,388.75,388.75,388.75,388.75,388.75,388.75,388.75,388.75,388.75,388.75,388.75,388.75,388.75,388.75,388.75,388.75,388.75,388.75,388.75,388.75,388.75,388.75,388.75,388.75,388.75,388.75,388.75,388.75,388.75,388.75,388.75,388.75,388.75,388.75,388.75,388.75,388.75,388.75,388.75,388.75,388.75,388.75,388.75,388.75,388.75,388.75,388.75,388.75,388.75,388.75,388.75,388.75,388.75,388.75,388.75,388.75,388.75,388.75,388.75,388.75,388.75,388.75,388.75,388.75,388.75,388.75,388.75,388.75,388.75,388.75,388.75,388.75,388.75,388.75,388.75,388.75,388.75,388.75,388.75,388.75,388.75,388.75,388.75,388.75,388.75,388.75,388.75,388.75,388.75,388.75,388.75,388.75,388.75,388.75,388.75,388.75,388.75,388.75
391.75,391.75,391.75,391.75,391.75,391.75,391.75,391.75,391.75,391.75,391.75,391.75,391.75,391.75,391.75,391.75,391.75,391.75,391.75,391.75,391.75,391.75,391.75,391.75,391.75,391.75,391.75,391.75,391.75,391.75,391.75,391.75,391.75,391.75,391.75,391.75,391.75,391.75,391.75,391.75,391.75,391.75,391.75,391.75,391.75,391.75,391.75,391.75,391.75,391.75,391.75,391.75,391.75,391.75,391.75,391.75,391.75,391.75,391.75,391.75,391.75,391.75,391.75,391.75,391.75,391.75,391.75,391.75,391.75,391.75,391.75,391.75,391.75,391.75,391.75,391.75,391.75,391.75,391.75,391.75,391.75,391.75,391.75,391.75,391.75,391.75,391.75,391.75,391.75,391.75,391.75,391.75,391.75,391.75,391.75,391.75,391.75,391.75,391.75,391.75,391.75,391.75,391.75,391.75,391.75,391.75,391.75,391.75,391.75,391.75,391.75,391.75,391.75,391.75,391.75,391.75,391.75,391.75,391.75,391.75,391.75,391.75,391.75,391.75,391.75,391.75,391.75,391.75,391.75,391.75,391.75,391.75,391.75,391.75,391.75,391.75,391.75,391.75,391.75,391.75,391.75,391.75,391.75,391.75,391.75,391.75,391.75,391.75,391.75,391.75
395,395,395,395,395,395,395,395,395,395,395,395,395,395,395,395,395,395,395,395,395,395,395,395,395,395,395,395,395,395,395,395,395,395,395,395,395,395,395,395,395,395,395,395,395,395,395,395,395,395,395,395,395,395,395,395,395,395,395,395,395,395,395,395,395,395,395,395,395,395,395,395,395,395,395,395,395,395,395,395,395,395,395,395,395,395,395,395,395,395,395,395,395,395,395,395,395,395,395,395,395,395,395,395,395,395,395,395,395,395,395,395,395,395,395,395,395,395,395,395,395,395,395,395,395,395,395,395,395,395,395,395,395,395,395,395,395,395,395,395,395,395,395,395,395,395,395,395,395,395
398.25,398.25,398.25,398.25,398.25,398.25,398.25,398.25,398.25,398.25,398.25,398.25,398.25,398.25,398.25,398.25,398.25,398.25,398.25,398.25,398.25,398.25,398.25,398.25,398.25,398.25,398.25,398.25,398.25,398.25,398.25,398.25,398.25,398.25,398.25,398.25,398.25,398.25,398.25,398.25,398.25,398.25,398.25,398.25,398.25,398.25,398.25,398.25,398.25,398.25,398.25,398.25,398.25,398.25,398.25,398.25,398.25,398.25,398.25,398.25,398.25,398.25,398.25,398.25,398.25,398.25,398.25,398.25,398.25,398.25,398.25,398.25,398.25,398.25,398.25,398.25,398.25,398.25,398.25,398.25,398.25,398.25,398.25,398.25,398.25,398.25,398.25,398.25,398.25,398.25,398.25,398.25,398.25,398.25,398.25,398.25,398.25,398.25,398.25,398.25,398.25,398.25,398.25,398.25,398.25,398.25,398.25,398.25,398.25,398.25,398.25,398.25,398.25,398.25,398.25,398.25,398.25,398.25,398.25,398.25,398.25,398.25,398.25,398.25,398.25,398.25,398.25,398.25,398.25,398.25,398.25,398.25,398.25,398.25,398.25,398.25,398.25,398.25,398.25,398.25,398.25,398.25,398.25,398.25,398.25,398.25,398.25,398.25,398.25,398.25
401.25,401.25,401.25,401.25,401.25,401.25,401.25,401.25,401.25,401.25,401.25,401.25,401.25,401.25,401.25,401.25,401.25,401.25,401.25,401.25,401.25,401.25,401.25,401.25,401.25,401.25,401.25,401.25,401.25,401.25,401.25,401.25,401.25,401.25,401.25,401.25,401.25,401.25,401.25,401.25,401.25,401.25,401.25,401.25,401.25,401.25,401.25,401.25,401.25,401.25,401.25,401.25,401.25,401.25,401.25,401.25,401.25,401.25,401.25,401.25,401.25,401.25,401.25,401.25,401.25,401.25,401.25,401.25,401.25,401.25,401.25,401.25,401.25,401.25,401.25,401.25,401.25,401.25,401.25,401.25,401.25,401.25,401.25,401.25,401.25,401.25,401.25,401.25,401.25,401.25,401.25,401.25,401.25,401.25,401.25,401.25,401.25,401.25,401.25,401.25,401.25,401.25,401.25,401.25,401.25,401.25,401.25,401.25,401.25,401.25,401.25,401.25,401.25,401.25,401.25,401.25,401.25,401.25,401.25,401.25,401.25,401.25,401.25,401.25,401.25,401.25,401.25,401.25,401.25,401.25,401.25,401.25,401.25,401.25,401.25,401.25,401.25,401.25,401.25,401.25,401.25,401.25,401.25,401.25,401.25,401.25,401.25,401.25,401.25,401.25
404.5,404.5,404.5,404.5,404.5,404.5,404.5,404.5,404.5,404.5,404.5,404.5,404.5,404.5,404.5,404.5,404.5,404.5,404.5,404.5,404.5,404.5,404.5,404.5,404.5,404.5,404.5,404.5,404.5,404.5,404.5,404.5,404.5,404.5,404.5,404.5,404.5,404.5,404.5,404.5,404.5,404.5,404.5,404.5,404.5,404.5,404.5,404.5,404.5,404.5,404.5,404.5,404.5,404.5,404.5,404.5,404.5,404.5,404.5,404.5,404.5,404.5,404.5,404.5,404.5,404.5,404.5,404.5,404.5,404.5,404.5,404.5,404.5,404.5,404.5,404.5,404.5,404.5,404.5,404.5,404.5,404.5,404.5,404.5,404.5,404.5,404.5,404.5,404.5,404.5,404.5,404.5,404.5,404.5,404.5,404.5,404.5,404.5,404.5,404.5,404.5,404.5,404.5,404.5,404.5,404.5,404.5,404.5,404.5,404.5,404.5,404.5,404.5,404.5,404.5,404.5,404.5,404.5,404.5,404.5,404.5,404.5,404.5,404.5,404.5,404.5,404.5,404.5,404.5,404.5,404.5,404.5,404.5,404.5,404.5,404.5,404.5,404.5,404.5,404.5,404.5,404.5,404.5,404.5,404.5,404.5,404.5,404.5,404.5,404.5
407.75,407.75,407.75,407.75,407.75,407.75,407.75,407.75,407.75,407.75,407.75,407.75,407.75,407.75,407.75,407.75,407.75,407.75,407.75,407.75,407.75,407.75,407.75,407.75,407.75,407.75,407.75,407.75,407.75,407.75,407.75,407.75,407.75,407.75,407.75,407.75,407.75,407.75,407.75,407.75,407.75,407.75,407.75,407.75,407.75,407.75,407.75,407.75,407.75,407.75,407.75,407.75,407.75,407.75,407.75,407.75,407.75,407.75,407.75,407.75,407.75,407.75,407.75,407.75,407.75,407.75,407.75,407.75,407.75,407.75,407.75,407.75,407.75,407.75,407.75,407.75,407.75,407.75,407.75,407.75,407.75,407.75,407.75,407.75,407.75,407.75,407.75,407.75,407.75,407.75,407.75,407.75,407.75,407.75,407.75,407.75,407.75,407.75,407.75,407.75,407.75,407.75,407.75,407.75,407.75,407.75,407.75,407.75,407.75,407.75,407.75,407.75,407.75,407.75,407.75,407.75,407.75,407.75,407.75,407.75,407.75,407.75,407.75,407.75,407.75,407.75,407.75,407.75,407.75,407.75,407.75,407.75,407.75,407.75,407.75,407.75,407.75,407.75,407.75,407.75,407.75,407.75,407.75,407.75,407.75,407.75,407.75,407.75,407.75,407.75
410.75,410.75,410.75,410.75,410.75,410.75,410.75,410.75,410.75,410.75,410.75,410.75,410.75,410.75,410.75,410.75,410.75,410.75,410.75,410.75,410.75,410.75,410.75,410.75,410.75,410.75,410.75,410.75,410.75,410.75,410.75,410.75,410.75,410.75,410.75,410.75,410.75,410.75,410.75,410.75,410.75,410.75,410.75,410.75,410.75,410.75,410.75,410.75,410.75,410.75,410.75,410.75,410.75,410.75,410.75,410.75,410.75,410.75,410.75,410.75,410.75,410.75,410.75,410.75,410.75,410.75,410.75,410.75,410.75,410.75,410.75,410.75,410.75,410.75,410.75,410.75,410.75,410.75,410.75,410.75,410.75,410.75,410.75,410.75,410.75,410.75,410.75,410.75,410.75,410.75,410.75,410.75,410.75,410.75,410.75,410.75,410.75,410.75,410.75,410.75,410.75,410.75,410.75,410.75,410.75,410.75,410.75,410.75,410.75,410.75,410.75,410.75,410.75,410.75,410.75,410.75,410.75,410.75,410.75,410.75,410.75,410.75,410.75,410.75,410.75,410.75,410.75,410.75,410.75,410.75,410.75,410.75,410.75,410.75,410.75,410.75,410.75,410.75,410.75,410.75,410.75,410.75,410.75,410.75,410.75,410.75,410.75,410.75,410.75,410.75
414,414,414,414,414,414,414,414,414,414,414,414,414,414,414,414,414,414,414,414,414,414,414,414,414,414,414,414,414,414,414,414,414,414,414,414,414,414,414,414,414,414,414,414,414,414,414,414,414,414,414,414,414,414,414,414,414,414,414,414,414,414,414,414,414,414,414,414,414,414,414,414,414,414,414,414,414,414,414,414,414,414,414,414,414,414,414,414,414,414,414,414,414,414,414,414,414,414,414,414,414,414,414,414,414,414,414,414,414,414,414,414,414,414,414,414,414,414,414,414,414,414,414,414,414,414,414,414,414,414,414,414,414,414,414,414,414,414,414,414,414,414,414,414,414,414,414,414,414,414
417.25,417.25,417.25,417.25,417.25,417.25,417.25,417.25,417.25,417.25,417.25,417.25,417.25,417.25,417.25,417.25,417.25,417.25,417.25,417.25,417.25,417.25,417.25,417.25,417.25,417.25,417.25,417.25,417.25,417.25,417.25,417.25,417.25,417.25,417.25,417.25,417.25,417.25,417.25,417.25,417.25,417.25,417.25,417.25,417.25,417.25,417.25,417.25,417.25,417.25,417.25,417.25,417.25,417.25,417.25,417.25,417.25,417.25,417.25,417.25,417.25,417.25,417.25,417.25,417.25,417.25,417.25,417.25,417.25,417.25,417.25,417.25,417.25,417.25,417.25,417.25,417.25,417.25,417.25,417.25,417.25,417.25,417.25,417.25,417.25,417.25,417.25,417.25,417.25,417.25,417.25,417.25,417.25,417.25,417.25,417.25,417.25,417.25,417.25,417.25,417.25,417.25,417.25,417.25,417.25,417.25,417.25,417.25,417.25,417.25,417.25,417.25,417.25,417.25,417.25,417.25,417.25,417.25,417.25,417.25,417.25,417.25,417.25,417.25,417.25,417.25,417.25,417.25,417.25,417.25,417.25,417.25,417.25,417.25,417.25,417.25,417.25,417.25,417.25,417.25,417.25,417.25,417.25,417.25,417.25,417.25,417.25,417.25,417.25,417.25
420.25,420.25,420.25,420.25,420.25,420.25,420.25,420.25,420.25,420.25,420.25,420.25,420.25,420.25,420.25,420.25,420.25,420.25,420.25,420.25,420.25,420.25,420.25,420.25,420.25,420.25,420.25,420.25,420.25,420.25,420.25,420.25,420.25,420.25,420.25,420.25,420.25,420.25,420.25,420.25,420.25,420.25,420.25,420.25,420.25,420.25,420.25,420.25,420.25,420.25,420.25,420.25,420.25,420.25,420.25,420.25,420.25,420.25,420.25,420.25,420.25,420.25,420.25,420.25,420.25,420.25,420.25,420.25,420.25,420.25,420.25,420.25,420.25,420.25,420.25,420.25,420.25,420.25,420.25,420.25,420.25,420.25,420.25,420.25,420.25,420.25,420.25,420.25,420.25,420.25,420.25,420.25,420.25,420.25,420.25,420.25,420.25,420.25,420.25,420.25,420.25,420.25,420.25,420.25,420.25,420.25,420.25,420.25,420.25,420.25,420.25,420.25,420.25,420.25,420.25,420.25,420.25,420.25,420.25,420.25,420.25,420.25,420.25,420.25,420.25,420.25,420.25,420.25,420.25,420.25,420.25,420.25,420.25,420.25,420.25,420.25,420.25,420.25,420.25,420.25,420.25,420.25,420.25,420.25,420.25,420.25,420.25,420.25,420.25,420.25
423.5,423.5,423.5,423.5,423.5,423.5,423.5,423.5,423.5,423.5,423.5,423.5,423.5,423.5,423.5,423.5,423.5,423.5,423.5,423.5,423.5,423.5,423.5,423.5,423.5,423.5,423.5,423.5,423.5,423.5,423.5,423.5,423.5,423.5,423.5,423.5,423.5,423.5,423.5,423.5,423.5,423.5,423.5,423.5,423.5,423.5,423.5,423.5,423.5,423.5,423.5,423.5,423.5,423.5,423.5,423.5,423.5,423.5,423.5,423.5,423.5,423.5,423.5,423.5,423.5,423.5,423.5,423.5,423.5,423.5,423.5,423.5,423.5,423.5,423.5,423.5,423.5,423.5,423.5,423.5,423.5,423.5,423.5,423.5,423.5,423.5,423.5,423.5,423.5,423.5,423.5,423.5,423.5,423.5,423.5,423.5,423.5,423.5,423.5,423.5,423.5,423.5,423.5,423.5,423.5,423.5,423.5,423.5,423.5,423.5,423.5,423.5,423.5,423.5,423.5,423.5,423.5,423.5,423.5,423.5,423.5,423.5,423.5,423.5,423.5,423.5,423.5,423.5,423.5,423.5,423.5,423.5,423.5,423.5,423.5,423.5,423.5,423.5,423.5,423.5,423.5,423.5,423.5,423.5,423.5,423.5,423.5,423.5,423.5,423.5
426.75,426.75,426.75,426.75,426.75,426.75,426.75,426.75,426.75,426.75,426.75,426.75,426.75,426.75,426.75,426.75,426.75,426.75,426.75,426.75,426.75,426.75,426.75,426.75,426.75,426.75,426.75,426.75,426.75,426.75,426.75,426.75,426.75,426.75,426.75,426.75,426.75,426.75,426.75,426.75,426.75,426.75,426.75,426.75,426.75,426.75,426.75,426.75,426.75,426.75,426.75,426.75,426.75,426.75,426.75,426.75,426.75,426.75,426.75,426.75,426.75,426.75,426.75,426.75,426.75,426.75,426.75,426.75,426.75,426.75,426.75,426.75,426.75,426.75,426.75,426.75,426.75,426.75,426.75,426.75,426.75,426.75,426.75,426.75,426.75,426.75,426.75,426.75,426.75,426.75,426.75,426.75,426.75,426.75,426.75,426.75,426.75,426.75,426.75,426.75,426.75,426.75,426.75,426.75,426.75,426.75,426.75,426.75,426.75,426.75,426.75,426.75,426.75,426.75,426.75,426.75,426.75,426.75,426.75,426.75,426.75,426.75,426.75,426.75,426.75,426.75,426.75,426.75,426.75,426.75,426.75,426.75,426.75,426.75,426.75,426.75,426.75,426.75,426.75,426.75,426.75,426.75,426.75,426.75,426.75,426.75,426.75,426.75,426.75,426.75
429.75,429.75,429.75,429.75,429.75,429.75,429.75,429.75,429.75,429.75,429.75,429.75,429.75,429.75,429.75,429.75,429.75,429.75,429.75,429.75,429.75,429.75,429.75,429.75,429.75,429.75,429.75,429.75,429.75,429.75,429.75,429.75,429.75,429.75,429.75,429.75,429.75,429.75,429.75,429.75,429.75,429.75,429.75,429.75,429.75,429.75,429.75,429.75,429.75,429.75,429.75,429.75,429.75,429.75,429.75,429.75,429.75,429.75,429.75,429.75,429.75,429.75,429.75,429.75,429.75,429.75,429.75,429.75,429.75,429.75,429.75,429.75,429.75,429.75,429.75,429.75,429.75,429.75,429.75,429.75,429.75,429.75,429.75,429.75,429.75,429.75,429.75,429.75,429.75,429.75,429.75,429.75,429.75,429.75,429.75,429.75,429.75,429.75,429.75,429.75,429.75,429.75,429.75,429.75,429.75,429.75,429.75,429.75,429.75,429.75,429.75,429.75,429.75,429.75,429.75,429.75,429.75,429.75,429.75,429.75,429.75,429.75,429.75,429.75,429.75,429.75,429.75,429.75,429.75,429.75,429.75,429.75,429.75,429.75,429.75,429.75,429.75,429.75,429.75,429.75,429.75,429.75,429.75,429.75,429.75,429.75,429.75,429.75,429.75,429.75
433,433,433,433,433,433,433,433,433,433,433,433,433,433,433,433,433,433,433,433,433,433,433,433,433,433,433,433,433,433,433,433,433,433,433,433,433,433,433,433,433,433,433,433,433,433,433,433,433,433,433,433,433,433,433,433,433,433,433,433,433,433,433,433,433,433,433,433,433,433,433,433,433,433,433,433,433,433,433,433,433,433,433,433,433,433,433,433,433,433,433,433,433,433,433,433,433,433,433,433,433,433,433,433,433,433,433,433,433,433,433,433,433,433,433,433,433,433,433,433,433,433,433,433,433,433,433,433,433,433,433,433,433,433,433,433,433,433,433,433,433,433,433,433,433,433,433,433,433,433
436.25,436.25,436.25,436.25,436.25,436.25,436.25,436.25,436.25,436.25,436.25,436.25,436.25,436.25,436.25,436.25,436.25,436.25,436.25,436.25,436.25,436.25,436.25,436.25,436.25,436.25,436.25,436.25,436.25,436.25,436.25,436.25,436.25,436.25,436.25,436.25,436.25,436.25,436.25,436.25,436.25,436.25,436.25,436.25,436.25,436.25,436.25,436.25,436.25,436.25,436.25,436.25,436.25,436.25,436.25,436.25,436.25,436.25,436.25,436.25,436.25,436.25,436.25,436.25,436.25,436.25,436.25,436.25,436.25,436.25,436.25,436.25,436.25,436.25,436.25,436.25,436.25,436.25,436.25,436.25,436.25,436.25,436.25,436.25,436.25,436.25,436.25,436.25,436.25,436.25,436.25,436.25,436.25,436.25,436.25,436.25,436.25,436.25,436.25,436.25,436.25,436.25,436.25,436.25,436.25,436.25,436.25,436.25,436.25,436.25,436.25,436.25,436.25,436.25,436.25,436.25,436.25,436.25,436.25,436.25,436.25,436.25,436.25,436.25,436.25,436.25,436.25,436.25,436.25,436.25,436.25,436.25,436.25,436.25,436.25,436.25,436.25,436.25,436.25,436.25,436.25,436.25,436.25,436.25,436.25,436.25,436.25,436.25,436.25,436.25
439.25,439.25,439.25,439.25,439.25,439.25,439.25,439.25,439.25,439.25,439.25,439.25,439.25,439.25,439.25,439.25,439.25,439.25,439.25,439.25,439.25,439.25,439.25,439.25,439.25,439.25,439.25,439.25,439.25,439.25,439.25,439.25,439.25,439.25,439.25,439.25,439.25,439.25,439.25,439.25,439.25,439.25,439.25,439.25,439.25,439.25,439.25,439.25,439.25,439.25,439.25,439.25,439.25,439.25,439.25,439.25,439.25,439.25,439.25,439.25,439.25,439.25,439.25,439.25,439.25,439.25,439.25,439.25,439.25,439.25,439.25,439.25,439.25,439.25,439.25,439.25,439.25,439.25,439.25,439.25,439.25,439.25,439.25,439.25,439.25,439.25,439.25,439.25,439.25,439.25,439.25,439.25,439.25,439.25,439.25,439.25,439.25,439.25,439.25,439.25,439.25,439.25,439.25,439.25,439.25,439.25,439.25,439.25,439.25,439.25,439.25,439.25,439.25,439.25,439.25,439.25,439.25,439.25,439.25,439.25,439.25,439.25,439.25,439.25,439.25,439.25,439.25,439.25,439.25,439.25,439.25,439.25,439.25,439.25,439.25,439.25,439.25,439.25,439.25,439.25,439.25,439.25,439.25,439.25,439.25,439.25,439.25,439.25,439.25,439.25
442.5,442.5,442.5,442.5,442.5,442.5,442.5,442.5,442.5,442.5,442.5,442.5,442.5,442.5,442.5,442.5,442.5,442.5,442.5,442.5,442.5,442.5,442.5,442.5,442.5,442.5,442.5,442.5,442.5,442.5,442.5,442.5,442.5,442.5,442.5,442.5,442.5,442.5,442.5,442.5,442.5,442.5,442.5,442.5,442.5,442.5,442.5,442.5,442.5,442.5,442.5,442.5,442.5,442.5,442.5,442.5,442.5,442.5,442.5,442.5,442.5,442.5,442.5,442.5,442.5,442.5,442.5,442.5,442.5,442.5,442.5,442.5,442.5,442.5,442.5,442.5,442.5,442.5,442.5,442.5,442.5,442.5,442.5,442.5,442.5,442.5,442.5,442.5,442.5,442.5,442.5,442.5,442.5,442.5,442.5,442.5,442.5,442.5,442.5,442.5,442.5,442.5,442.5,442.5,442.5,442.5,442.5,442.5,442.5,442.5,442.5,442.5,442.5,442.5,442.5,442.5,442.5,442.5,442.5,442.5,442.5,442.5,442.5,442.5,442.5,442.5,442.5,442.5,442.5,442.5,442.5,442.5,442.5,442.5,442.5,442.5,442.5,442.5,442.5,442.5,442.5,442.5,442.5,442.5,442.5,442.5,442.5,442.5,442.5,442.5
445.75,445.75,445.75,445.75,445.75,445.75,445.75,445.75,445.75,445.75,445.75,445.75,445.75,445.75,445.75,445.75,445.75,445.75,445.75,445.75,445.75,445.75,445.75,445.75,445.75,445.75,445.75,445.75,445.75,445.75,445.75,445.75,445.75,445.75,445.75,445.75,445.75,445.75,445.75,445.75,445.75,445.75,445.75,445.75,445.75,445.75,445.75,445.75,445.75,445.75,445.75,445.75,445.75,445.75,445.75,445.75,445.75,445.75,445.75,445.75,445.75,445.75,445.75,445.75,445.75,445.75,445.75,445.75,445.75,445.75,445.75,445.75,445.75,445.75,445.75,445.75,445.75,445.75,445.75,445.75,445.75,445.75,445.75,445.75,445.75,445.75,445.75,445.75,445.75,445.75,445.75,445.75,445.75,445.75,445.75,445.75,445.75,445.75,445.75,445.75,445.75,445.75,445.75,445.75,445.75,445.75,445.75,445.75,445.75,445.75,445.75,445.75,445.75,445.75,445.75,445.75,445.75,445.75,445.75,445.75,445.75,445.75,445.75,445.75,445.75,445.75,445.75,445.75,445.75,445.75,445.75,445.75,445.75,445.75,445.75,445.75,445.75,445.75,445.75,445.75,445.75,445.75,445.75,445.75,445.75,445.75,445.75,445.75,445.75,445.75
448.75,448.75,448.75,448.75,448.75,448.75,448.75,448.75,448.75,448.75,448.75,448.75,448.75,448.75,448.75,448.75,448.75,448.75,448.75,448.75,448.75,448.75,448.75,448.75,448.75,448.75,448.75,448.75,448.75,448.75,448.75,448.75,448.75,448.75,448.75,448.75,448.75,448.75,448.75,448.75,448.75,448.75,448.75,448.75,448.75,448.75,448.75,448.75,448.75,448.75,448.75,448.75,448.75,448.75,448.75,448.75,448.75,448.75,448.75,448.75,448.75,448.75,448.75,448.75,448.75,448.75,448.75,448.75,448.75,448.75,448.75,448.75,448.75,448.75,448.75,448.75,448.75,448.75,448.75,448.75,448.75,448.75,448.75,448.75,448.75,448.75,448.75,448.75,448.75,448.75,448.75,448.75,448.75,448.75,448.75,448.75,448.75,448.75,448.75,448.75,448.75,448.75,448.75,448.75,448.75,448.75,448.75,448.75,448.75,448.75,448.75,448.75,448.75,448.75,448.75,448.75,448.75,448.75,448.75,448.75,448.75,448.75,448.75,448.75,448.75,448.75,448.75,448.75,448.75,448.75,448.75,448.75,448.75,448.75,448.75,448.75,448.75,448.75,448.75,448.75,448.75,448.75,448.75,448.75,448.75,448.75,448.75,448.75,448.75,448.75
452,452,452,452,452,452,452,452,452,452,452,452,452,452,452,452,452,452,452,452,452,452,452,452,452,452,452,452,452,452,452,452,452,452,452,452,452,452,452,452,452,452,452,452,452,452,452,452,452,452,452,452,452,452,452,452,452,452,452,452,452,452,452,452,452,452,452,452,452,452,452,452,452,452,452,452,452,452,452,452,452,452,452,452,452,452,452,452,452,452,452,452,452,452,452,452,452,452,452,452,452,452,452,452,452,452,452,452,452,452,452,452,452,452,452,452,452,452,452,452,452,452,452,452,452,452,452,452,452,452,452,452,452,452,452,452,452,452,452,452,452,452,452,452,452,452,452,452,452,452
455.25,455.25,455.25,455.25,455.25,455.25,455.25,455.25,455.25,455.25,455.25,455.25,455.25,455.25,455.25,455.25,455.25,455.25,455.25,455.25,455.25,455.25,455.25,455.25,455.25,455.25,455.25,455.25,455.25,455.25,455.25,455.25,455.25,455.25,455.25,455.25,455.25,455.25,455.25,455.25,455.25,455.25,455.25,455.25,455.25,455.25,455.25,455.25,455.25,455.25,455.25,455.25,455.25,455.25,455.25,455.25,455.25,455.25,455.25,455.25,455.25,455.25,455.25,455.25,455.25,455.25,455.25,455.25,455.25,455.25,455.25,455.25,455.25,455.25,455.25,455.25,455.25,455.25,455.25,455.25,455.25,455.25,455.25,455.25,455.25,455.25,455.25,455.25,455.25,455.25,455.25,455.25,455.25,455.25,455.25,455.25,455.25,455.25,455.25,455.25,455.25,455.25,455.25,455.25,455.25,455.25,455.25,455.25,455.25,455.25,455.25,455.25,455.25,455.25,455.25,455.25,455.25,455.25,455.25,455.25,455.25,455.25,455.25,455.25,455.25,455.25,455.25,455.25,455.25,455.25,455.25,455.25,455.25,455.25,455.25,455.25,455.25,455.25,455.25,455.25,455.25,455.25,455.25,455.25,455.25,455.25,455.25,455.25,455.25,455.25
458.25,458.25,458.25,458.25,458.25,458.25,458.25,458.25,458.25,458.25,458.25,458.25,458.25,458.25,458.25,458.25,458.25,458.25,458.25,458.25,458.25,458.25,458.25,458.25,458.25,458.25,458.25,458.25,458.25,458.25,458.25,458.25,458.25,458.25,458.25,458.25,458.25,458.25,458.25,458.25,458.25,458.25,458.25,458.25,458.25,458.25,458.25,458.25,458.25,458.25,458.25,458.25,458.25,458.25,458.25,458.25,458.25,458.25,458.25,458.25,458.25,458.25,458.25,458.25,458.25,458.25,458.25,458.25,458.25,458.25,458.25,458.25,458.25,458.25,458.25,458.25,458.25,458.25,458.25,458.25,458.25,458.25,458.25,458.25,458.25,458.25,458.25,458.25,458.25,458.25,458.25,458.25,458.25,458.25,458.25,458.25,458.25,458.25,458.25,458.25,458.25,458.25,458.25,458.25,458.25,458.25,458.25,458.25,458.25,458.25,458.25,458.25,458.25,458.25,458.25,458.25,458.25,458.25,458.25,458.25,458.25,458.25,458.25,458.25,458.25,458.25,458.25,458.25,458.25,458.25,458.25,458.25,458.25,458.25,458.25,458.25,458.25,458.25,458.25,458.25,458.25,458.25,458.25,458.25,458.25,458.25,458.25,458.25,458.25,458.25
461.5,461.5,461.5,461.5,461.5,461.5,461.5,461.5,461.5,461.5,461.5,461.5,461.5,461.5,461.5,461.5,461.5,461.5,461.5,461.5,461.5,461.5,461.5,461.5,461.5,461.5,461.5,461.5,461.5,461.5,461.5,461.5,461.5,461.5,461.5,461.5,461.5,461.5,461.5,461.5,461.5,461.5,461.5,461.5,461.5,461.5,461.5,461.5,461.5,461.5,461.5,461.5,461.5,461.5,461.5,461.5,461.5,461.5,461.5,461.5,461.5,461.5,461.5,461.5,461.5,461.5,461.5,461.5,461.5,461.5,461.5,461.5,461.5,461.5,461.5,461.5,461.5,461.5,461.5,461.5,461.5,461.5,461.5,461.5,461.5,461.5,461.5,461.5,461.5,461.5,461.5,461.5,461.5,461.5,461.5,461.5,461.5,461.5,461.5,461.5,461.5,461.5,461.5,461.5,461.5,461.5,461.5,461.5,461.5,461.5,461.5,461.5,461.5,461.5,461.5,461.5,461.5,461.5,461.5,461.5,461.5,461.5,461.5,461.5,461.5,461.5,461.5,461.5,461.5,461.5,461.5,461.5,461.5,461.5,461.5,461.5,461.5,461.5,461.5,461.5,461.5,461.5,461.5,461.5,461.5,461.5,461.5,461.5,461.5,461.5
464.75,464.75,464.75,464.75,464.75,464.75,464.75,464.75,464.75,464.75,464.75,464.75,464.75,464.75,464.75,464.75,464.75,464.75,464.75,464.75,464.75,464.75,464.75,464.75,464.75,464.75,464.75,464.75,464.75,464.75,464.75,464.75,464.75,464.75,464.75,464.75,464.75,464.75,464.75,464.75,464.75,464.75,464.75,464.75,464.75,464.75,464.75,464.75,464.75,464.75,464.75,464.75,464.75,464.75,464.75,464.75,464.75,464.75,464.75,464.75,464.75,464.75,464.75,464.75,464.75,464.75,464.75,464.75,464.75,464.75,464.75,464.75,464.75,464.75,464.75,464.75,464.75,464.75,464.75,464.75,464.75,464.75,464.75,464.75,464.75,464.75,464.75,464.75,464.75,464.75,464.75,464.75,464.75,464.75,464.75,464.75,464.75,464.75,464.75,464.75,464.75,464.75,464.75,464.75,464.75,464.75,464.75,464.75,464.75,464.75,464.75,464.75,464.75,464.75,464.75,464.75,464.75,464.75,464.75,464.75,464.75,464.75,464.75,464.75,464.75,464.75,464.75,464.75,464.75,464.75,464.75,464.75,464.75,464.75,464.75,464.75,464.75,464.75,464.75,464.75,464.75,464.75,464.75,464.75,464.75,464.75,464.75,464.75,464.75,464.75
467.75,467.75,467.75,467.75,467.75,467.75,467.75,467.75,467.75,467.75,467.75,467.75,467.75,467.75,467.75,467.75,467.75,467.75,467.75,467.75,467.75,467.75,467.75,467.75,467.75,467.75,467.75,467.75,467.75,467.75,467.75,467.75,467.75,467.75,467.75,467.75,467.75,467.75,467.75,467.75,467.75,467.75,467.75,467.75,467.75,467.75,467.75,467.75,467.75,467.75,467.75,467.75,467.75,467.75,467.75,467.75,467.75,467.75,467.75,467.75,467.75,467.75,467.75,467.75,467.75,467.75,467.75,467.75,467.75,467.75,467.75,467.75,467.75,467.75,467.75,467.75,467.75,467.75,467.75,467.75,467.75,467.75,467.75,467.75,467.75,467.75,467.75,467.75,467.75,467.75,467.75,467.75,467.75,467.75,467.75,467.75,467.75,467.75,467.75,467.75,467.75,467.75,467.75,467.75,467.75,467.75,467.75,467.75,467.75,467.75,467.75,467.75,467.75,467.75,467.75,467.75,467.75,467.75,467.75,467.75,467.75,467.75,467.75,467.75,467.75,467.75,467.75,467.75,467.75,467.75,467.75,467.75,467.75,467.75,467.75,467.75,467.75,467.75,467.75,467.75,467.75,467.75,467.75,467.75,467.75,467.75,467.75,467.75,467.75,467.75
471,471,471,471,471,471,471,471,471,471,471,471,471,471,471,471,471,471,471,471,471,471,471,471,471,471,471,471,471,471,471,471,471,471,471,471,471,471,471,471,471,471,471,471,471,471,471,471,471,471,471,471,471,471,471,471,471,471,471,471,471,471,471,471,471,471,471,471,471,471,471,471,471,471,471,471,471,471,471,471,471,471,471,471,471,471,471,471,471,471,471,471,471,471,471,471,471,471,471,471,471,471,471,471,471,471,471,471,471,471,471,471,471,471,471,471,471,471,471,471,471,471,471,471,471,471,471,471,471,471,471,471,471,471,471,471,471,471,471,471,471,471,471,471,471,471,471,471,471,471
474.25,474.25,474.25,474.25,474.25,474.25,474.25,474.25,474.25,474.25,474.25,474.25,474.25,474.25,474.25,474.25,474.25,474.25,474.25,474.25,474.25,474.25,474.25,474.25,474.25,474.25,474.25,474.25,474.25,474.25,474.25,474.25,474.25,474.25,474.25,474.25,474.25,474.25,474.25,474.25,474.25,474.25,474.25,474.25,474.25,474.25,474.25,474.25,474.25,474.25,474.25,474.25,474.25,474.25,474.25,474.25,474.25,474.25,474.25,474.25,474.25,474.25,474.25,474.25,474.25,474.25,474.25,474.25,474.25,474.25,474.25,474.25,474.25,474.25,474.25,474.25,474.25,474.25,474.25,474.25,474.25,474.25,474.25,474.25,474.25,474.25,474.25,474.25,474.25,474.25,474.25,474.25,474.25,474.25,474.25,474.25,474.25,474.25,474.25,474.25,474.25,474.25,474.25,474.25,474.25,474.25,474.25,474.25,474.25,474.25,474.25,474.25,474.25,474.25,474.25,474.25,474.25,474.25,474.25,474.25,474.25,474.25,474.25,474.25,474.25,474.25,474.25,474.25,474.25,474.25,474.25,474.25,474.25,474.25,474.25,474.25,474.25,474.25,474.25,474.25,474.25,474.25,474.25,474.25,474.25,474.25,474.25,474.25,474.25,474.25
477.25,477.25,477.25,477.25,477.25,477.25,477.25,477.25,477.25,477.25,477.25,477.25,477.25,477.25,477.25,477.25,477.25,477.25,477.25,477.25,477.25,477.25,477.25,477.25,477.25,477.25,477.25,477.25,477.25,477.25,477.25,477.25,477.25,477.25,477.25,477.25,477.25,477.25,477.25,477.25,477.25,477.25,477.25,477.25,477.25,477.25,477.25,477.25,477.25,477.25,477.25,477.25,477.25,477.25,477.25,477.25,477.25,477.25,477.25,477.25,477.25,477.25,477.25,477.25,477.25,477.25,477.25,477.25,477.25,477.25,477.25,477.25,477.25,477.25,477.25,477.25,477.25,477.25,477.25,477.25,477.25,477.25,477.25,477.25,477.25,477.25,477.25,477.25,477.25,477.25,477.25,477.25,477.25,477.25,477.25,477.25,477.25,477.25,477.25,477.25,477.25,477.25,477.25,477.25,477.25,477.25,477.25,477.25,477.25,477.25,477.25,477.25,477.25,477.25,477.25,477.25,477.25,477.25,477.25,477.25,477.25,477.25,477.25,477.25,477.25,477.25,477.25,477.25,477.25,477.25,477.25,477.25,477.25,477.25,477.25,477.25,477.25,477.25,477.25,477.25,477.25,477.25,477.25,477.25,477.25,477.25,477.25,477.25,477.25,477.25
480.5,480.5,480.5,480.5,480.5,480.5,480.5,480.5,480.5,480.5,480.5,480.5,480.5,480.5,480.5,480.5,480.5,480.5,480.5,480.5,480.5,480.5,480.5,480.5,480.5,480.5,480.5,480.5,480.5,480.5,480.5,480.5,480.5,480.5,480.5,480.5,480.5,480.5,480.5,480.5,480.5,480.5,480.5,480.5,480.5,480.5,480.5,480.5,480.5,480.5,480.5,480.5,480.5,480.5,480.5,480.5,480.5,480.5,480.5,480.5,480.5,480.5,480.5,480.5,480.5,480.5,480.5,480.5,480.5,480.5,480.5,480.5,480.5,480.5,480.5,480.5,480.5,480.5,480.5,480.5,480.5,480.5,480.5,480.5,480.5,480.5,480.5,480.5,480.5,480.5,480.5,480.5,480.5,480.5,480.5,480.5,480.5,480.5,480.5,480.5,480.5,480.5,480.5,480.5,480.5,480.5,480.5,480.5,480.5,480.5,480.5,480.5,480.5,480.5,480.5,480.5,480.5,480.5,480.5,480.5,480.5,480.5,480.5,480.5,480.5,480.5,480.5,480.5,480.5,480.5,480.5,480.5,480.5,480.5,480.5,480.5,480.5,480.5,480.5,480.5,480.5,480.5,480.5,480.5,480.5,480.5,480.5,480.5,480.5,480.5
483.75,483.75,483.75,483.75,483.75,483.75,483.75,483.75,483.75,483.75,483.75,483.75,483.75,483.75,483.75,483.75,483.75,483.75,483.75,483.75,483.75,483.75,483.75,483.75,483.75,483.75,483.75,483.75,483.75,483.75,483.75,483.75,483.75,483.75,483.75,483.75,483.75,483.75,483.75,483.75,483.75,483.75,483.75,483.75,483.75,483.75,483.75,483.75,483.75,483.75,483.75,483.75,483.75,483.75,483.75,483.75,483.75,483.75,483.75,483.75,483.75,483.75,483.75,483.75,483.75,483.75,483.75,483.75,483.75,483.75,483.75,483.75,483.75,483.75,483.75,483.75,483.75,483.75,483.75,483.75,483.75,483.75,483.75,483.75,483.75,483.75,483.75,483.75,483.75,483.75,483.75,483.75,483.75,483.75,483.75,483.75,483.75,483.75,483.75,483.75,483.75,483.75,483.75,483.75,483.75,483.75,483.75,483.75,483.75,483.75,483.75,483.75,483.75,483.75,483.75,483.75,483.75,483.75,483.75,483.75,483.75,483.75,483.75,483.75,483.75,483.75,483.75,483.75,483.75,483.75,483.75,483.75,483.75,483.75,483.75,483.75,483.75,483.75,483.75,483.75,483.75,483.75,483.75,483.75,483.75,483.75,483.75,483.75,483.75,483.75
486.75,486.75,486.75,486.75,486.75,486.75,486.75,486.75,486.75,486.75,486.75,486.75,486.75,486.75,486.75,486.75,486.75,486.75,486.75,486.75,486.75,486.75,486.75,486.75,486.75,486.75,486.75,486.75,486.75,486.75,486.75,486.75,486.75,486.75,486.75,486.75,486.75,486.75,486.75,486.75,486.75,486.75,486.75,486.75,486.75,486.75,486.75,486.75,486.75,486.75,486.75,486.75,486.75,486.75,486.75,486.75,486.75,486.75,486.75,486.75,486.75,486.75,486.75,486.75,486.75,486.75,486.75,486.75,486.75,486.75,486.75,486.75,486.75,486.75,486.75,486.75,486.75,486.75,486.75,486.75,486.75,486.75,486.75,486.75,486.75,486.75,486.75,486.75,486.75,486.75,486.75,486.75,486.75,486.75,486.75,486.75,486.75,486.75,486.75,486.75,486.75,486.75,486.75,486.75,486.75,486.75,486.75,486.75,486.75,486.75,486.75,486.75,486.75,486.75,486.75,486.75,486.75,486.75,486.75,486.75,486.75,486.75,486.75,486.75,486.75,486.75,486.75,486.75,486.75,486.75,486.75,486.75,486.75,486.75,486.75,486.75,486.75,486.75,486.75,486.75,486.75,486.75,486.75,486.75,486.75,486.75,486.75,486.75,486.75,486.75
490,490,490,490,490,490,490,490,490,490,490,490,490,490,490,490,490,490,490,490,490,490,490,490,490,490,490,490,490,490,490,490,490,490,490,490,490,490,490,490,490,490,490,490,490,490,490,490,490,490,490,490,490,490,490,490,490,490,490,490,490,490,490,490,490,490,490,490,490,490,490,490,490,490,490,490,490,490,490,490,490,490,490,490,490,490,490,490,490,490,490,490,490,490,490,490,490,490,490,490,490,490,490,490,490,490,490,490,490,490,490,490,490,490,490,490,490,490,490,490,490,490,490,490,490,490,490,490,490,490,490,490,490,490,490,490,490,490,490,490,490,490,490,490,490,490,490,490,490,490
493.25,493.25,493.25,493.25,493.25,493.25,493.25,493.25,493.25,493.25,493.25,493.25,493.25,493.25,493.25,493.25,493.25,493.25,493.25,493.25,493.25,493.25,493.25,493.25,493.25,493.25,493.25,493.25,493.25,493.25,493.25,493.25,493.25,493.25,493.25,493.25,493.25,493.25,493.25,493.25,493.25,493.25,493.25,493.25,493.25,493.25,493.25,493.25,493.25,493.25,493.25,493.25,493.25,493.25,493.25,493.25,493.25,493.25,493.25,493.25,493.25,493.25,493.25,493.25,493.25,493.25,493.25,493.25,493.25,493.25,493.25,493.25,493.25,493.25,493.25,493.25,493.25,493.25,493.25,493.25,493.25,493.25,493.25,493.25,493.25,493.25,493.25,493.25,493.25,493.25,493.25,493.25,493.25,493.25,493.25,493.25,493.25,493.25,493.25,493.25,493.25,493.25,493.25,493.25,493.25,493.25,493.25,493.25,493.25,493.25,493.25,493.25,493.25,493.25,493.25,493.25,493.25,493.25,493.25,493.25,493.25,493.25,493.25,493.25,493.25,493.25,493.25,493.25,493.25,493.25,493.25,493.25,493.25,493.25,493.25,493.25,493.25,493.25,493.25,493.25,493.25,493.25,493.25,493.25,493.25,493.25,493.25,493.25,493.25,493.25
496.25,496.25,496.25,496.25,496.25,496.25,496.25,496.25,496.25,496.25,496.25,496.25,496.25,496.25,496.25,496.25,496.25,496.25,496.25,496.25,496.25,496.25,496.25,496.25,496.25,496.25,496.25,496.25,496.25,496.25,496.25,496.25,496.25,496.25,496.25,496.25,496.25,496.25,496.25,496.25,496.25,496.25,496.25,496.25,496.25,496.25,496.25,496.25,496.25,496.25,496.25,496.25,496.25,496.25,496.25,496.25,496.25,496.25,496.25,496.25,496.25,496.25,496.25,496.25,496.25,496.25,496.25,496.25,496.25,496.25,496.25,496.25,496.25,496.25,496.25,496.25,496.25,496.25,496.25,496.25,496.25,496.25,496.25,496.25,496.25,496.25,496.25,496.25,496.25,496.25,496.25,496.25,496.25,496.25,496.25,496.25,496.25,496.25,496.25,496.25,496.25,496.25,496.25,496.25,496.25,496.25,496.25,496.25,496.25,496.25,496.25,496.25,496.25,496.25,496.25,496.25,496.25,496.25,496.25,496.25,496.25,496.25,496.25,496.25,496.25,496.25,496.25,496.25,496.25,496.25,496.25,496.25,496.25,496.25,496.25,496.25,496.25,496.25,496.25,496.25,496.25,496.25,496.25,496.25,496.25,496.25,496.25,496.25,496.25,496.25
499.5,499.5,499.5,499.5,499.5,499.5,499.5,499.5,499.5,499.5,499.5,499.5,499.5,499.5,499.5,499.5,499.5,499.5,499.5,499.5,499.5,499.5,499.5,499.5,499.5,499.5,499.5,499.5,499.5,499.5,499.5,499.5,499.5,499.5,499.5,499.5,499.5,499.5,499.5,499.5,499.5,499.5,499.5,499.5,499.5,499.5,499.5,499.5,499.5,499.5,499.5,499.5,499.5,499.5,499.5,499.5,499.5,499.5,499.5,499.5,499.5,499.5,499.5,499.5,499.5,499.5,499.5,499.5,499.5,499.5,499.5,499.5,499.5,499.5,499.5,499.5,499.5,499.5,499.5,499.5,499.5,499.5,499.5,499.5,499.5,499.5,499.5,499.5,499.5,499.5,499.5,499.5,499.5,499.5,499.5,499.5,499.5,499.5,499.5,499.5,499.5,499.5,499.5,499.5,499.5,499.5,499.5,499.5,499.5,499.5,499.5,499.5,499.5,499.5,499.5,499.5,499.5,499.5,499.5,499.5,499.5,499.5,499.5,499.5,499.5,499.5,499.5,499.5,499.5,499.5,499.5,499.5,499.5,499.5,499.5,499.5,499.5,499.5,499.5,499.5,499.5,499.5,499.5,499.5,499.5,499.5,499.5,499.5,499.5,499.5
502.75,502.75,502.75,502.75,502.75,502.75,502.75,502.75,502.75,502.75,502.75,502.75,502.75,502.75,502.75,502.75,502.75,502.75,502.75,502.75,502.75,502.75,502.75,502.75,502.75,502.75,502.75,502.75,502.75,502.75,502.75,502.75,502.75,502.75,502.75,502.75,502.75,502.75,502.75,502.75,502.75,502.75,502.75,502.75,502.75,502.75,502.75,502.75,502.75,502.75,502.75,502.75,502.75,502.75,502.75,502.75,502.75,502.75,502.75,502.75,502.75,502.75,502.75,502.75,502.75,502.75,502.75,502.75,502.75,502.75,502.75,502.75,502.75,502.75,502.75,502.75,502.75,502.75,502.75,502.75,502.75,502.75,502.75,502.75,502.75,502.75,502.75,502.75,502.75,502.75,502.75,502.75,502.75,502.75,502.75,502.75,502.75,502.75,502.75,502.75,502.75,502.75,502.75,502.75,502.75,502.75,502.75,502.75,502.75,502.75,502.75,502.75,502.75,502.75,502.75,502.75,502.75,502.75,502.75,502.75,502.75,502.75,502.75,502.75,502.75,502.75,502.75,502.75,502.75,502.75,502.75,502.75,502.75,502.75,502.75,502.75,502.75,502.75,502.75,502.75,502.75,502.75,502.75,502.75,502.75,502.75,502.75,502.75,502.75,502.75
505.75,505.75,505.75,505.75,505.75,505.75,505.75,505.75,505.75,505.75,505.75,505.75,505.75,505.75,505.75,505.75,505.75,505.75,505.75,505.75,505.75,505.75,505.75,505.75,505.75,505.75,505.75,505.75,505.75,505.75,505.75,505.75,505.75,505.75,505.75,505.75,505.75,505.75,505.75,505.75,505.75,505.75,505.75,505.75,505.75,505.75,505.75,505.75,505.75,505.75,505.75,505.75,505.75,505.75,505.75,505.75,505.75,505.75,505.75,505.75,505.75,505.75,505.75,505.75,505.75,505.75,505.75,505.75,505.75,505.75,505.75,505.75,505.75,505.75,505.75,505.75,505.75,505.75,505.75,505.75,505.75,505.75,505.75,505.75,505.75,505.75,505.75,505.75,505.75,505.75,505.75,505.75,505.75,505.75,505.75,505.75,505.75,505.75,505.75,505.75,505.75,505.75,505.75,505.75,505.75,505.75,505.75,505.75,505.75,505.75,505.75,505.75,505.75,505.75,505.75,505.75,505.75,505.75,505.75,505.75,505.75,505.75,505.75,505.75,505.75,505.75,505.75,505.75,505.75,505.75,505.75,505.75,505.75,505.75,505.75,505.75,505.75,505.75,505.75,505.75,505.75,505.75,505.75,505.75,505.75,505.75,505.75,505.75,505.75,505.75
509,509,509,509,509,509,509,509,509,509,509,509,509,509,509,509,509,509,509,509,509,509,509,509,509,509,509,509,509,509,509,509,509,509,509,509,509,509,509,509,509,509,509,509,509,509,509,509,509,509,509,509,509,509,509,509,509,509,509,509,509,509,509,509,509,509,509,509,509,509,509,509,509,509,509,509,509,509,509,509,509,509,509,509,509,509,509,509,509,509,509,509,509,509,509,509,509,509,509,509,509,509,509,509,509,509,509,509,509,509,509,509,509,509,509,509,509,509,509,509,509,509,509,509,509,509,509,509,509,509,509,509,509,509,509,509,509,509,509,509,509,509,509,509,509,509,509,509,509,509
512,512,512,512,512,512,512,512,512,512,512,512,512,512,512,512,512,512,512,512,512,512,512,512,512,512,512,512,512,512,512,512,512,512,512,512,512,512,512,512,512,512,512,512,512,512,512,512,512,512,512,512,512,512,512,512,512,512,512,512,512,512,512,512,512,512,512,512,512,512,512,512,512,512,512,512,512,512,512,512,512,512,512,512,512,512,512,512,512,512,512,512,512,512,512,512,512,512,512,512,512,512,512,512,512,512,512,512,512,512,512,512,512,512,512,512,512,512,512,512,512,512,512,512,512,512,512,512,512,512,512,512,512,512,512,512,512,512,512,512,512,512,512,512,512,512,512,512,512,512
515.5,515.5,515.5,515.5,515.5,515.5,515.5,515.5,515.5,515.5,515.5,515.5,515.5,515.5,515.5,515.5,515.5,515.5,515.5,515.5,515.5,515.5,515.5,515.5,515.5,515.5,515.5,515.5,515.5,515.5,515.5,515.5,515.5,515.5,515.5,515.5,515.5,515.5,515.5,515.5,515.5,515.5,515.5,515.5,515.5,515.5,515.5,515.5,515.5,515.5,515.5,515.5,515.5,515.5,515.5,515.5,515.5,515.5,515.5,515.5,515.5,515.5,515.5,515.5,515.5,515.5,515.5,515.5,515.5,515.5,515.5,515.5,515.5,515.5,515.5,515.5,515.5,515.5,515.5,515.5,515.5,515.5,515.5,515.5,515.5,515.5,515.5,515.5,515.5,515.5,515.5,515.5,515.5,515.5,515.5,515.5,515.5,515.5,515.5,515.5,515.5,515.5,515.5,515.5,515.5,515.5,515.5,515.5,515.5,515.5,515.5,515.5,515.5,515.5,515.5,515.5,515.5,515.5,515.5,515.5,515.5,515.5,515.5,515.5,515.5,515.5,515.5,515.5,515.5,515.5,515.5,515.5,515.5,515.5,515.5,515.5,515.5,515.5,515.5,515.5,515.5,515.5,515.5,515.5,515.5,515.5,515.5,515.5,515.5,515.5
518.5,518.5,518.5,518.5,518.5,518.5,518.5,518.5,518.5,518.5,518.5,518.5,518.5,518.5,518.5,518.5,518.5,518.5,518.5,518.5,518.5,518.5,518.5,518.5,518.5,518.5,518.5,518.5,518.5,518.5,518.5,518.5,518.5,518.5,518.5,518.5,518.5,518.5,518.5,518.5,518.5,518.5,518.5,518.5,518.5,518.5,518.5,518.5,518.5,518.5,518.5,518.5,518.5,518.5,518.5,518.5,518.5,518.5,518.5,518.5,518.5,518.5,518.5,518.5,518.5,518.5,518.5,518.5,518.5,518.5,518.5,518.5,518.5,518.5,518.5,518.5,518.5,518.5,518.5,518.5,518.5,518.5,518.5,518.5,518.5,518.5,518.5,518.5,518.5,518.5,518.5,518.5,518.5,518.5,518.5,518.5,518.5,518.5,518.5,518.5,518.5,518.5,518.5,518.5,518.5,518.5,518.5,518.5,518.5,518.5,518.5,518.5,518.5,518.5,518.5,518.5,518.5,518.5,518.5,518.5,518.5,518.5,518.5,518.5,518.5,518.5,518.5,518.5,518.5,518.5,518.5,518.5,518.5,518.5,518.5,518.5,518.5,518.5,518.5,518.5,518.5,518.5,518.5,518.5,518.5,518.5,518.5,518.5,518.5,518.5
521.5,521.5,521.5,521.5,521.5,521.5,521.5,521.5,521.5,521.5,521.5,521.5,521.5,521.5,521.5,521.5,521.5,521.5,521.5,521.5,521.5,521.5,521.5,521.5,521.5,521.5,521.5,521.5,521.5,521.5,521.5,521.5,521.5,521.5,521.5,521.5,521.5,521.5,521.5,521.5,521.5,521.5,521.5,521.5,521.5,521.5,521.5,521.5,521.5,521.5,521.5,521.5,521.5,521.5,521.5,521.5,521.5,521.5,521.5,521.5,521.5,521.5,521.5,521.5,521.5,521.5,521.5,521.5,521.5,521.5,521.5,521.5,521.5,521.5,521.5,521.5,521.5,521.5,521.5,521.5,521.5,521.5,521.5,521.5,521.5,521.5,521.5,521.5,521.5,521.5,521.5,521.5,521.5,521.5,521.5,521.5,521.5,521.5,521.5,521.5,521.5,521.5,521.5,521.5,521.5,521.5,521.5,521.5,521.5,521.5,521.5,521.5,521.5,521.5,521.5,521.5,521.5,521.5,521.5,521.5,521.5,521.5,521.5,521.5,521.5,521.5,521.5,521.5,521.5,521.5,521.5,521.5,521.5,521.5,521.5,521.5,521.5,521.5,521.5,521.5,521.5,521.5,521.5,521.5,521.5,521.5,521.5,521.5,521.5,521.5
525,525,525,525,525,525,525,525,525,525,525,525,525,525,525,525,525,525,525,525,525,525,525,525,525,525,525,525,525,525,525,525,525,525,525,525,525,525,525,525,525,525,525,525,525,525,525,525,525,525,525,525,525,525,525,525,525,525,525,525,525,525,525,525,525,525,525,525,525,525,525,525,525,525,525,525,525,525,525,525,525,525,525,525,525,525,525,525,525,525,525,525,525,525,525,525,525,525,525,525,525,525,525,525,525,525,525,525,525,525,525,525,525,525,525,525,525,525,525,525,525,525,525,525,525,525,525,525,525,525,525,525,525,525,525,525,525,525,525,525,525,525,525,525,525,525,525,525,525,525
528,528,528,528,528,528,528,528,528,528,528,528,528,528,528,528,528,528,528,528,528,528,528,528,528,528,528,528,528,528,528,528,528,528,528,528,528,528,528,528,528,528,528,528,528,528,528,528,528,528,528,528,528,528,528,528,528,528,528,528,528,528,528,528,528,528,528,528,528,528,528,528,528,528,528,528,528,528,528,528,528,528,528,528,528,528,528,528,528,528,528,528,528,528,528,528,528,528,528,528,528,528,528,528,528,528,528,528,528,528,528,528,528,528,528,528,528,528,528,528,528,528,528,528,528,528,528,528,528,528,528,528,528,528,528,528,528,528,528,528,528,528,528,528,528,528,528,528,528,528
531,531,531,531,531,531,531,531,531,531,531,531,531,531,531,531,531,531,531,531,531,531,531,531,531,531,531,531,531,531,531,531,531,531,531,531,531,531,531,531,531,531,531,531,531,531,531,531,531,531,531,531,531,531,531,531,531,531,531,531,531,531,531,531,531,531,531,531,531,531,531,531,531,531,531,531,531,531,531,531,531,531,531,531,531,531,531,531,531,531,531,531,531,531,531,531,531,531,531,531,531,531,531,531,531,531,531,531,531,531,531,531,531,531,531,531,531,531,531,531,531,531,531,531,531,531,531,531,531,531,531,531,531,531,531,531,531,531,531,531,531,531,531,531,531,531,531,531,531,531
534.5,534.5,534.5,534.5,534.5,534.5,534.5,534.5,534.5,534.5,534.5,534.5,534.5,534.5,534.5,534.5,534.5,534.5,534.5,534.5,534.5,534.5,534.5,534.5,534.5,534.5,534.5,534.5,534.5,534.5,534.5,534.5,534.5,534.5,534.5,534.5,534.5,534.5,534.5,534.5,534.5,534.5,534.5,534.5,534.5,534.5,534.5,534.5,534.5,534.5,534.5,534.5,534.5,534.5,534.5,534.5,534.5,534.5,534.5,534.5,534.5,534.5,534.5,534.5,534.5,534.5,534.5,534.5,534.5,534.5,534.5,534.5,534.5,534.5,534.5,534.5,534.5,534.5,534.5,534.5,534.5,534.5,534.5,534.5,534.5,534.5,534.5,534.5,534.5,534.5,534.5,534.5,534.5,534.5,534.5,534.5,534.5,534.5,534.5,534.5,534.5,534.5,534.5,534.5,534.5,534.5,534.5,534.5,534.5,534.5,534.5,534.5,534.5,534.5,534.5,534.5,534.5,534.5,534.5,534.5,534.5,534.5,534.5,534.5,534.5,534.5,534.5,534.5,534.5,534.5,534.5,534.5,534.5,534.5,534.5,534.5,534.5,534.5,534.5,534.5,534.5,534.5,534.5,534.5,534.5,534.5,534.5,534.5,534.5,534.5
537.5,537.5,537.5,537.5,537.5,537.5,537.5,537.5,537.5,537.5,537.5,537.5,537.5,537.5,537.5,537.5,537.5,537.5,537.5,537.5,537.5,537.5,537.5,537.5,537.5,537.5,537.5,537.5,537.5,537.5,537.5,537.5,537.5,537.5,537.5,537.5,537.5,537.5,537.5,537.5,537.5,537.5,537.5,537.5,537.5,537.5,537.5,537.5,537.5,537.5,537.5,537.5,537.5,537.5,537.5,537.5,537.5,537.5,537.5,537.5,537.5,537.5,537.5,537.5,537.5,537.5,537.5,537.5,537.5,537.5,537.5,537.5,537.5,537.5,537.5,537.5,537.5,537.5,537.5,537.5,537.5,537.5,537.5,537.5,537.5,537.5,537.5,537.5,537.5,537.5,537.5,537.5,537.5,537.5,537.5,537.5,537.5,537.5,537.5,537.5,537.5,537.5,537.5,537.5,537.5,537.5,537.5,537.5,537.5,537.5,537.5,537.5,537.5,537.5,537.5,537.5,537.5,537.5,537.5,537.5,537.5,537.5,537.5,537.5,537.5,537.5,537.5,537.5,537.5,537.5,537.5,537.5,537.5,537.5,537.5,537.5,537.5,537.5,537.5,537.5,537.5,537.5,537.5,537.5,537.5,537.5,537.5,537.5,537.5,537.5
540.5,540.5,540.5,540.5,540.5,540.5,540.5,540.5,540.5,540.5,540.5,540.5,540.5,540.5,540.5,540.5,540.5,540.5,540.5,540.5,540.5,540.5,540.5,540.5,540.5,540.5,540.5,540.5,540.5,540.5,540.5,540.5,540.5,540.5,540.5,540.5,540.5,540.5,540.5,540.5,540.5,540.5,540.5,540.5,540.5,540.5,540.5,540.5,540.5,540.5,540.5,540.5,540.5,540.5,540.5,540.5,540.5,540.5,540.5,540.5,540.5,540.5,540.5,540.5,540.5,540.5,540.5,540.5,540.5,540.5,540.5,540.5,540.5,540.5,540.5,540.5,540.5,540.5,540.5,540.5,540.5,540.5,540.5,540.5,540.5,540.5,540.5,540.5,540.5,540.5,540.5,540.5,540.5,540.5,540.5,540.5,540.5,540.5,540.5,540.5,540.5,540.5,540.5,540.5,540.5,540.5,540.5,540.5,540.5,540.5,540.5,540.5,540.5,540.5,540.5,540.5,540.5,540.5,540.5,540.5,540.5,540.5,540.5,540.5,540.5,540.5,540.5,540.5,540.5,540.5,540.5,540.5,540.5,540.5,540.5,540.5,540.5,540.5,540.5,540.5,540.5,540.5,540.5,540.5,540.5,540.5,540.5,540.5,540.5,540.5
544,544,544,544,544,544,544,544,544,544,544,544,544,544,544,544,544,544,544,544,544,544,544,544,544,544,544,544,544,544,544,544,544,544,544,544,544,544,544,544,544,544,544,544,544,544,544,544,544,544,544,544,544,544,544,544,544,544,544,544,544,544,544,544,544,544,544,544,544,544,544,544,544,544,544,544,544,544,544,544,544,544,544,544,544,544,544,544,544,544,544,544,544,544,544,544,544,544,544,544,544,544,544,544,544,544,544,544,544,544,544,544,544,544,544,544,544,544,544,544,544,544,544,544,544,544,544,544,544,544,544,544,544,544,544,544,544,544,544,544,544,544,544,544,544,544,544,544,544,544
547,547,547,547,547,547,547,547,547,547,547,547,547,547,547,547,547,547,547,547,547,547,547,547,547,547,547,547,547,547,547,547,547,547,547,547,547,547,547,547,547,547,547,547,547,547,547,547,547,547,547,547,547,547,547,547,547,547,547,547,547,547,547,547,547,547,547,547,547,547,547,547,547,547,547,547,547,547,547,547,547,547,547,547,547,547,547,547,547,547,547,547,547,547,547,547,547,547,547,547,547,547,547,547,547,547,547,547,547,547,547,547,547,547,547,547,547,547,547,547,547,547,547,547,547,547,547,547,547,547,547,547,547,547,547,547,547,547,547,547,547,547,547,547,547,547,547,547,547,547
550,550,550,550,550,550,550,550,550,550,550,550,550,550,550,550,550,550,550,550,550,550,550,550,550,550,550,550,550,550,550,550,550,550,550,550,550,550,550,550,550,550,550,550,550,550,550,550,550,550,550,550,550,550,550,550,550,550,550,550,550,550,550,550,550,550,550,550,550,550,550,550,550,550,550,550,550,550,550,550,550,550,550,550,550,550,550,550,550,550,550,550,550,550,550,550,550,550,550,550,550,550,550,550,550,550,550,550,550,550,550,550,550,550,550,550,550,550,550,550,550,550,550,550,550,550,550,550,550,550,550,550,550,550,550,550,550,550,550,550,550,550,550,550,550,550,550,550,550,550
553.5,553.5,553.5,553.5,553.5,553.5,553.5,553.5,553.5,553.5,553.5,553.5,553.5,553.5,553.5,553.5,553.5,553.5,553.5,553.5,553.5,553.5,553.5,553.5,553.5,553.5,553.5,553.5,553.5,553.5,553.5,553.5,553.5,553.5,553.5,553.5,553.5,553.5,553.5,553.5,553.5,553.5,553.5,553.5,553.5,553.5,553.5,553.5,553.5,553.5,553.5,553.5,553.5,553.5,553.5,553.5,553.5,553.5,553.5,553.5,553.5,553.5,553.5,553.5,553.5,553.5,553.5,553.5,553.5,553.5,553.5,553.5,553.5,553.5,553.5,553.5,553.5,553.5,553.5,553.5,553.5,553.5,553.5,553.5,553.5,553.5,553.5,553.5,553.5,553.5,553.5,553.5,553.5,553.5,553.5,553.5,553.5,553.5,553.5,553.5,553.5,553.5,553.5,553.5,553.5,553.5,553.5,553.5,553.5,553.5,553.5,553.5,553.5,553.5,553.5,553.5,553.5,553.5,553.5,553.5,553.5,553.5,553.5,553.5,553.5,553.5,553.5,553.5,553.5,553.5,553.5,553.5,553.5,553.5,553.5,553.5,553.5,553.5,553.5,553.5,553.5,553.5,553.5,553.5,553.5,553.5,553.5,553.5,553.5,553.5
556.5,556.5,556.5,556.5,556.5,556.5,556.5,556.5,556.5,556.5,556.5,556.5,556.5,556.5,556.5,556.5,556.5,556.5,556.5,556.5,556.5,556.5,556.5,556.5,556.5,556.5,556.5,556.5,556.5,556.5,556.5,556.5,556.5,556.5,556.5,556.5,556.5,556.5,556.5,556.5,556.5,556.5,556.5,556.5,556.5,556.5,556.5,556.5,556.5,556.5,556.5,556.5,556.5,556.5,556.5,556.5,556.5,556.5,556.5,556.5,556.5,556.5,556.5,556.5,556.5,556.5,556.5,556.5,556.5,556.5,556.5,556.5,556.5,556.5,556.5,556.5,556.5,556.5,556.5,556.5,556.5,556.5,556.5,556.5,556.5,556.5,556.5,556.5,556.5,556.5,556.5,556.5,556.5,556.5,556.5,556.5,556.5,556.5,556.5,556.5,556.5,556.5,556.5,556.5,556.5,556.5,556.5,556.5,556.5,556.5,556.5,556.5,556.5,556.5,556.5,556.5,556.5,556.5,556.5,556.5,556.5,556.5,556.5,556.5,556.5,556.5,556.5,556.5,556.5,556.5,556.5,556.5,556.5,556.5,556.5,556.5,556.5,556.5,556.5,556.5,556.5,556.5,556.5,556.5,556.5,556.5,556.5,556.5,556.5,556.5
559.5,559.5,559.5,559.5,559.5,559.5,559.5,559.5,559.5,559.5,559.5,559.5,559.5,559.5,559.5,559.5,559.5,559.5,559.5,559.5,559.5,559.5,559.5,559.5,559.5,559.5,559.5,559.5,559.5,559.5,559.5,559.5,559.5,559.5,559.5,559.5,559.5,559.5,559.5,559.5,559.5,559.5,559.5,559.5,559.5,559.5,559.5,559.5,559.5,559.5,559.5,559.5,559.5,559.5,559.5,559.5,559.5,559.5,559.5,559.5,559.5,559.5,559.5,559.5,559.5,559.5,559.5,559.5,559.5,559.5,559.5,559.5,559.5,559.5,559.5,559.5,559.5,559.5,559.5,559.5,559.5,559.5,559.5,559.5,559.5,559.5,559.5,559.5,559.5,559.5,559.5,559.5,559.5,559.5,559.5,559.5,559.5,559.5,559.5,559.5,559.5,559.5,559.5,559.5,559.5,559.5,559.5,559.5,559.5,559.5,559.5,559.5,559.5,559.5,559.5,559.5,559.5,559.5,559.5,559.5,559.5,559.5,559.5,559.5,559.5,559.5,559.5,559.5,559.5,559.5,559.5,559.5,559.5,559.5,559.5,559.5,559.5,559.5,559.5,559.5,559.5,559.5,559.5,559.5,559.5,559.5,559.5,559.5,559.5,559.5
563,563,563,563,563,563,563,563,563,563,563,563,563,563,563,563,563,563,563,563,563,563,563,563,563,563,563,563,563,563,563,563,563,563,563,563,563,563,563,563,563,563,563,563,563,563,563,563,563,563,563,563,563,563,563,563,563,563,563,563,563,563,563,563,563,563,563,563,563,563,563,563,563,563,563,563,563,563,563,563,563,563,563,563,563,563,563,563,563,563,563,563,563,563,563,563,563,563,563,563,563,563,563,563,563,563,563,563,563,563,563,563,563,563,563,563,563,563,563,563,563,563,563,563,563,563,563,563,563,563,563,563,563,563,563,563,563,563,563,563,563,563,563,563,563,563,563,563,563,563
566,566,566,566,566,566,566,566,566,566,566,566,566,566,566,566,566,566,566,566,566,566,566,566,566,566,566,566,566,566,566,566,566,566,566,566,566,566,566,566,566,566,566,566,566,566,566,566,566,566,566,566,566,566,566,566,566,566,566,566,566,566,566,566,566,566,566,566,566,566,566,566,566,566,566,566,566,566,566,566,566,566,566,566,566,566,566,566,566,566,566,566,566,566,566,566,566,566,566,566,566,566,566,566,566,566,566,566,566,566,566,566,566,566,566,566,566,566,566,566,566,566,566,566,566,566,566,566,566,566,566,566,566,566,566,566,566,566,566,566,566,566,566,566,566,566,566,566,566,566
569,569,569,569,569,569,569,569,569,569,569,569,569,569,569,569,569,569,569,569,569,569,569,569,569,569,569,569,569,569,569,569,569,569,569,569,569,569,569,569,569,569,569,569,569,569,569,569,569,569,569,569,569,569,569,569,569,569,569,569,569,569,569,569,569,569,569,569,569,569,569,569,569,569,569,569,569,569,569,569,569,569,569,569,569,569,569,569,569,569,569,569,569,569,569,569,569,569,569,569,569,569,569,569,569,569,569,569,569,569,569,569,569,569,569,569,569,569,569,569,569,569,569,569,569,569,569,569,569,569,569,569,569,569,569,569,569,569,569,569,569,569,569,569,569,569,569,569,569,569
572.5,572.5,572.5,572.5,572.5,572.5,572.5,572.5,572.5,572.5,572.5,572.5,572.5,572.5,572.5,572.5,572.5,572.5,572.5,572.5,572.5,572.5,572.5,572.5,572.5,572.5,572.5,572.5,572.5,572.5,572.5,572.5,572.5,572.5,572.5,572.5,572.5,572.5,572.5,572.5,572.5,572.5,572.5,572.5,572.5,572.5,572.5,572.5,572.5,572.5,572.5,572.5,572.5,572.5,572.5,572.5,572.5,572.5,572.5,572.5,572.5,572.5,572.5,572.5,572.5,572.5,572.5,572.5,572.5,572.5,572.5,572.5,572.5,572.5,572.5,572.5,572.5,572.5,572.5,572.5,572.5,572.5,572.5,572.5,572.5,572.5,572.5,572.5,572.5,572.5,572.5,572.5,572.5,572.5,572.5,572.5,572.5,572.5,572.5,572.5,572.5,572.5,572.5,572.5,572.5,572.5,572.5,572.5,572.5,572.5,572.5,572.5,572.5,572.5,572.5,572.5,572.5,572.5,572.5,572.5,572.5,572.5,572.5,572.5,572.5,572.5,572.5,572.5,572.5,572.5,572.5,572.5,572.5,572.5,572.5,572.5,572.5,572.5,572.5,572.5,572.5,572.5,572.5,572.5,572.5,572.5,572.5,572.5,572.5,572.5
575.5,575.5,575.5,575.5,575.5,575.5,575.5,575.5,575.5,575.5,575.5,575.5,575.5,575.5,575.5,575.5,575.5,575.5,575.5,575.5,575.5,575.5,575.5,575.5,575.5,575.5,575.5,575.5,575.5,575.5,575.5,575.5,575.5,575.5,575.5,575.5,575.5,575.5,575.5,575.5,575.5,575.5,575.5,575.5,575.5,575.5,575.5,575.5,575.5,575.5,575.5,575.5,575.5,575.5,575.5,575.5,575.5,575.5,575.5,575.5,575.5,575.5,575.5,575.5,575.5,575.5,575.5,575.5,575.5,575.5,575.5,575.5,575.5,575.5,575.5,575.5,575.5,575.5,575.5,575.5,575.5,575.5,575.5,575.5,575.5,575.5,575.5,575.5,575.5,575.5,575.5,575.5,575.5,575.5,575.5,575.5,575.5,575.5,575.5,575.5,575.5,575.5,575.5,575.5,575.5,575.5,575.5,575.5,575.5,575.5,575.5,575.5,575.5,575.5,575.5,575.5,575.5,575.5,575.5,575.5,575.5,575.5,575.5,575.5,575.5,575.5,575.5,575.5,575.5,575.5,575.5,575.5,575.5,575.5,575.5,575.5,575.5,575.5,575.5,575.5,575.5,575.5,575.5,575.5,575.5,575.5,575.5,575.5,575.5,575.5
578.5,578.5,578.5,578.5,578.5,578.5,578.5,578.5,578.5,578.5,578.5,578.5,578.5,578.5,578.5,578.5,578.5,578.5,578.5,578.5,578.5,578.5,578.5,578.5,578.5,578.5,578.5,578.5,578.5,578.5,578.5,578.5,578.5,578.5,578.5,578.5,578.5,578.5,578.5,578.5,578.5,578.5,578.5,578.5,578.5,578.5,578.5,578.5,578.5,578.5,578.5,578.5,578.5,578.5,578.5,578.5,578.5,578.5,578.5,578.5,578.5,578.5,578.5,578.5,578.5,578.5,578.5,578.5,578.5,578.5,578.5,578.5,578.5,578.5,578.5,578.5,578.5,578.5,578.5,578.5,578.5,578.5,578.5,578.5,578.5,578.5,578.5,578.5,578.5,578.5,578.5,578.5,578.5,578.5,578.5,578.5,578.5,578.5,578.5,578.5,578.5,578.5,578.5,578.5,578.5,578.5,578.5,578.5,578.5,578.5,578.5,578.5,578.5,578.5,578.5,578.5,578.5,578.5,578.5,578.5,578.5,578.5,578.5,578.5,578.5,578.5,578.5,578.5,578.5,578.5,578.5,578.5,578.5,578.5,578.5,578.5,578.5,578.5,578.5,578.5,578.5,578.5,578.5,578.5,578.5,578.5,578.5,578.5,578.5,578.5
582,582,582,582,582,582,582,582,582,582,582,582,582,582,582,582,582,582,582,582,582,582,582,582,582,582,582,582,582,582,582,582,582,582,582,582,582,582,582,582,582,582,582,582,582,582,582,582,582,582,582,582,582,582,582,582,582,582,582,582,582,582,582,582,582,582,582,582,582,582,582,582,582,582,582,582,582,582,582,582,582,582,582,582,582,582,582,582,582,582,582,582,582,582,582,582,582,582,582,582,582,582,582,582,582,582,582,582,582,582,582,582,582,582,582,582,582,582,582,582,582,582,582,582,582,582,582,582,582,582,582,582,582,582,582,582,582,582,582,582,582,582,582,582,582,582,582,582,582,582
585,585,585,585,585,585,585,585,585,585,585,585,585,585,585,585,585,585,585,585,585,585,585,585,585,585,585,585,585,585,585,585,585,585,585,585,585,585,585,585,585,585,585,585,585,585,585,585,585,585,585,585,585,585,585,585,585,585,585,585,585,585,585,585,585,585,585,585,585,585,585,585,585,585,585,585,585,585,585,585,585,585,585,585,585,585,585,585,585,585,585,585,585,585,585,585,585,585,585,585,585,585,585,585,585,585,585,585,585,585,585,585,585,585,585,585,585,585,585,585,585,585,585,585,585,585,585,585,585,585,585,585,585,585,585,585,585,585,585,585,585,585,585,585,585,585,585,585,585,585
588,588,588,588,588,588,588,588,588,588,588,588,588,588,588,588,588,588,588,588,588,588,588,588,588,588,588,588,588,588,588,588,588,588,588,588,588,588,588,588,588,588,588,588,588,588,588,588,588,588,588,588,588,588,588,588,588,588,588,588,588,588,588,588,588,588,588,588,588,588,588,588,588,588,588,588,588,588,588,588,588,588,588,588,588,588,588,588,588,588,588,588,588,588,588,588,588,588,588,588,588,588,588,588,588,588,588,588,588,588,588,588,588,588,588,588,588,588,588,588,588,588,588,588,588,588,588,588,588,588,588,588,588,588,588,588,588,588,588,588,588,588,588,588,588,588,588,588,588,588
591.5,591.5,591.5,591.5,591.5,591.5,591.5,591.5,591.5,591.5,591.5,591.5,591.5,591.5,591.5,591.5,591.5,591.5,591.5,591.5,591.5,591.5,591.5,591.5,591.5,591.5,591.5,591.5,591.5,591.5,591.5,591.5,591.5,591.5,591.5,591.5,591.5,591.5,591.5,591.5,591.5,591.5,591.5,591.5,591.5,591.5,591.5,591.5,591.5,591.5,591.5,591.5,591.5,591.5,591.5,591.5,591.5,591.5,591.5,591.5,591.5,591.5,591.5,591.5,591.5,591.5,591.5,591.5,591.5,591.5,591.5,591.5,591.5,591.5,591.5,591.5,591.5,591.5,591.5,591.5,591.5,591.5,591.5,591.5,591.5,591.5,591.5,591.5,591.5,591.5,591.5,591.5,591.5,591.5,591.5,591.5,591.5,591.5,591.5,591.5,591.5,591.5,591.5,591.5,591.5,591.5,591.5,591.5,591.5,591.5,591.5,591.5,591.5,591.5,591.5,591.5,591.5,591.5,591.5,591.5,591.5,591.5,591.5,591.5,591.5,591.5,591.5,591.5,591.5,591.5,591.5,591.5,591.5,591.5,591.5,591.5,591.5,591.5,591.5,591.5,591.5,591.5,591.5,591.5,591.5,591.5,591.5,591.5,591.5,591.5
594.5,594.5,594.5,594.5,594.5,594.5,594.5,594.5,594.5,594.5,594.5,594.5,594.5,594.5,594.5,594.5,594.5,594.5,594.5,594.5,594.5,594.5,594.5,594.5,594.5,594.5,594.5,594.5,594.5,594.5,594.5,594.5,594.5,594.5,594.5,594.5,594.5,594.5,594.5,594.5,594.5,594.5,594.5,594.5,594.5,594.5,594.5,594.5,594.5,594.5,594.5,594.5,594.5,594.5,594.5,594.5,594.5,594.5,594.5,594.5,594.5,594.5,594.5,594.5,594.5,594.5,594.5,594.5,594.5,594.5,594.5,594.5,594.5,594.5,594.5,594.5,594.5,594.5,594.5,594.5,594.5,594.5,594.5,594.5,594.5,594.5,594.5,594.5,594.5,594.5,594.5,594.5,594.5,594.5,594.5,594.5,594.5,594.5,594.5,594.5,594.5,594.5,594.5,594.5,594.5,594.5,594.5,594.5,594.5,594.5,594.5,594.5,594.5,594.5,594.5,594.5,594.5,594.5,594.5,594.5,594.5,594.5,594.5,594.5,594.5,594.5,594.5,594.5,594.5,594.5,594.5,594.5,594.5,594.5,594.5,594.5,594.5,594.5,594.5,594.5,594.5,594.5,594.5,594.5,594.5,594.5,594.5,594.5,594.5,594.5
597.5,597.5,597.5,597.5,597.5,597.5,597.5,597.5,597.5,597.5,597.5,597.5,597.5,597.5,597.5,597.5,597.5,597.5,597.5,597.5,597.5,597.5,597.5,597.5,597.5,597.5,597.5,597.5,597.5,597.5,597.5,597.5,597.5,597.5,597.5,597.5,597.5,597.5,597.5,597.5,597.5,597.5,597.5,597.5,597.5,597.5,597.5,597.5,597.5,597.5,597.5,597.5,597.5,597.5,597.5,597.5,597.5,597.5,597.5,597.5,597.5,597.5,597.5,597.5,597.5,597.5,597.5,597.5,597.5,597.5,597.5,597.5,597.5,597.5,597.5,597.5,597.5,597.5,597.5,597.5,597.5,597.5,597.5,597.5,597.5,597.5,597.5,597.5,597.5,597.5,597.5,597.5,597.5,597.5,597.5,597.5,597.5,597.5,597.5,597.5,597.5,597.5,597.5,597.5,597.5,597.5,597.5,597.5,597.5,597.5,597.5,597.5,597.5,597.5,597.5,597.5,597.5,597.5,597.5,597.5,597.5,597.5,597.5,597.5,597.5,597.5,597.5,597.5,597.5,597.5,597.5,597.5,597.5,597.5,597.5,597.5,597.5,597.5,597.5,597.5,597.5,597.5,597.5,597.5,597.5,597.5,597.5,597.5,597.5,597.5
601,601,601,601,601,601,601,601,601,601,601,601,601,601,601,601,601,601,601,601,601,601,601,601,601,601,601,601,601,601,601,601,601,601,601,601,601,601,601,601,601,601,601,601,601,601,601,601,601,601,601,601,601,601,601,601,601,601,601,601,601,601,601,601,601,601,601,601,601,601,601,601,601,601,601,601,601,601,601,601,601,601,601,601,601,601,601,601,601,601,601,601,601,601,601,601,601,601,601,601,601,601,601,601,601,601,601,601,601,601,601,601,601,601,601,601,601,601,601,601,601,601,601,601,601,601,601,601,601,601,601,601,601,601,601,601,601,601,601,601,601,601,601,601,601,601,601,601,601,601
604,604,604,604,604,604,604,604,604,604,604,604,604,604,604,604,604,604,604,604,604,604,604,604,604,604,604,604,604,604,604,604,604,604,604,604,604,604,604,604,604,604,604,604,604,604,604,604,604,604,604,604,604,604,604,604,604,604,604,604,604,604,604,604,604,604,604,604,604,604,604,604,604,604,604,604,604,604,604,604,604,604,604,604,604,604,604,604,604,604,604,604,604,604,604,604,604,604,604,604,604,604,604,604,604,604,604,604,604,604,604,604,604,604,604,604,604,604,604,604,604,604,604,604,604,604,604,604,604,604,604,604,604,604,604,604,604,604,604,604,604,604,604,604,604,604,604,604,604,604
607,607,607,607,607,607,607,607,607,607,607,607,607,607,607,607,607,607,607,607,607,607,607,607,607,607,607,607,607,607,607,607,607,607,607,607,607,607,607,607,607,607,607,607,607,607,607,607,607,607,607,607,607,607,607,607,607,607,607,607,607,607,607,607,607,607,607,607,607,607,607,607,607,607,607,607,607,607,607,607,607,607,607,607,607,607,607,607,607,607,607,607,607,607,607,607,607,607,607,607,607,607,607,607,607,607,607,607,607,607,607,607,607,607,607,607,607,607,607,607,607,607,607,607,607,607,607,607,607,607,607,607,607,607,607,607,607,607,607,607,607,607,607,607,607,607,607,607,607,607
610.5,610.5,610.5,610.5,610.5,610.5,610.5,610.5,610.5,610.5,610.5,610.5,610.5,610.5,610.5,610.5,610.5,610.5,610.5,610.5,610.5,610.5,610.5,610.5,610.5,610.5,610.5,610.5,610.5,610.5,610.5,610.5,610.5,610.5,610.5,610.5,610.5,610.5,610.5,610.5,610.5,610.5,610.5,610.5,610.5,610.5,610.5,610.5,610.5,610.5,610.5,610.5,610.5,610.5,610.5,610.5,610.5,610.5,610.5,610.5,610.5,610.5,610.5,610.5,610.5,610.5,610.5,610.5,610.5,610.5,610.5,610.5,610.5,610.5,610.5,610.5,610.5,610.5,610.5,610.5,610.5,610.5,610.5,610.5,610.5,610.5,610.5,610.5,610.5,610.5,610.5,610.5,610.5,610.5,610.5,610.5,610.5,610.5,610.5,610.5,610.5,610.5,610.5,610.5,610.5,610.5,610.5,610.5,610.5,610.5,610.5,610.5,610.5,610.5,610.5,610.5,610.5,610.5,610.5,610.5,610.5,610.5,610.5,610.5,610.5,610.5,610.5,610.5,610.5,610.5,610.5,610.5,610.5,610.5,610.5,610.5,610.5,610.5,610.5,610.5,610.5,610.5,610.5,610.5,610.5,610.5,610.5,610.5,610.5,610.5
613.5,613.5,613.5,613.5,613.5,613.5,613.5,613.5,613.5,613.5,613.5,613.5,613.5,613.5,613.5,613.5,613.5,613.5,613.5,613.5,613.5,613.5,613.5,613.5,613.5,613.5,613.5,613.5,613.5,613.5,613.5,613.5,613.5,613.5,613.5,613.5,613.5,613.5,613.5,613.5,613.5,613.5,613.5,613.5,613.5,613.5,613.5,613.5,613.5,613.5,613.5,613.5,613.5,613.5,613.5,613.5,613.5,613.5,613.5,613.5,613.5,613.5,613.5,613.5,613.5,613.5,613.5,613.5,613.5,613.5,613.5,613.5,613.5,613.5,613.5,613.5,613.5,613.5,613.5,613.5,613.5,613.5,613.5,613.5,613.5,613.5,613.5,613.5,613.5,613.5,613.5,613.5,613.5,613.5,613.5,613.5,613.5,613.5,613.5,613.5,613.5,613.5,613.5,613.5,613.5,613.5,613.5,613.5,613.5,613.5,613.5,613.5,613.5,613.5,613.5,613.5,613.5,613.5,613.5,613.5,613.5,613.5,613.5,613.5,613.5,613.5,613.5,613.5,613.5,613.5,613.5,613.5,613.5,613.5,613.5,613.5,613.5,613.5,613.5,613.5,613.5,613.5,613.5,613.5,613.5,613.5,613.5,613.5,613.5,613.5
616.5,616.5,616.5,616.5,616.5,616.5,616.5,616.5,616.5,616.5,616.5,616.5,616.5,616.5,616.5,616.5,616.5,616.5,616.5,616.5,616.5,616.5,616.5,616.5,616.5,616.5,616.5,616.5,616.5,616.5,616.5,616.5,616.5,616.5,616.5,616.5,616.5,616.5,616.5,616.5,616.5,616.5,616.5,616.5,616.5,616.5,616.5,616.5,616.5,616.5,616.5,616.5,616.5,616.5,616.5,616.5,616.5,616.5,616.5,616.5,616.5,616.5,616.5,616.5,616.5,616.5,616.5,616.5,616.5,616.5,616.5,616.5,616.5,616.5,616.5,616.5,616.5,616.5,616.5,616.5,616.5,616.5,616.5,616.5,616.5,616.5,616.5,616.5,616.5,616.5,616.5,616.5,616.5,616.5,616.5,616.5,616.5,616.5,616.5,616.5,616.5,616.5,616.5,616.5,616.5,616.5,616.5,616.5,616.5,616.5,616.5,616.5,616.5,616.5,616.5,616.5,616.5,616.5,616.5,616.5,616.5,616.5,616.5,616.5,616.5,616.5,616.5,616.5,616.5,616.5,616.5,616.5,616.5,616.5,616.5,616.5,616.5,616.5,616.5,616.5,616.5,616.5,616.5,616.5,616.5,616.5,616.5,616.5,616.5,616.5
620,620,620,620,620,620,620,620,620,620,620,620,620,620,620,620,620,620,620,620,620,620,620,620,620,620,620,620,620,620,620,620,620,620,620,620,620,620,620,620,620,620,620,620,620,620,620,620,620,620,620,620,620,620,620,620,620,620,620,620,620,620,620,620,620,620,620,620,620,620,620,620,620,620,620,620,620,620,620,620,620,620,620,620,620,620,620,620,620,620,620,620,620,620,620,620,620,620,620,620,620,620,620,620,620,620,620,620,620,620,620,620,620,620,620,620,620,620,620,620,620,620,620,620,620,620,620,620,620,620,620,620,620,620,620,620,620,620,620,620,620,620,620,620,620,620,620,620,620,620
623,623,623,623,623,623,623,623,623,623,623,623,623,623,623,623,623,623,623,623,623,623,623,623,623,623,623,623,623,623,623,623,623,623,623,623,623,623,623,623,623,623,623,623,623,623,623,623,623,623,623,623,623,623,623,623,623,623,623,623,623,623,623,623,623,623,623,623,623,623,623,623,623,623,623,623,623,623,623,623,623,623,623,623,623,623,623,623,623,623,623,623,623,623,623,623,623,623,623,623,623,623,623,623,623,623,623,623,623,623,623,623,623,623,623,623,623,623,623,623,623,623,623,623,623,623,623,623,623,623,623,623,623,623,623,623,623,623,623,623,623,623,623,623,623,623,623,623,623,623
626,626,626,626,626,626,626,626,626,626,626,626,626,626,626,626,626,626,626,626,626,626,626,626,626,626,626,626,626,626,626,626,626,626,626,626,626,626,626,626,626,626,626,626,626,626,626,626,626,626,626,626,626,626,626,626,626,626,626,626,626,626,626,626,626,626,626,626,626,626,626,626,626,626,626,626,626,626,626,626,626,626,626,626,626,626,626,626,626,626,626,626,626,626,626,626,626,626,626,626,626,626,626,626,626,626,626,626,626,626,626,626,626,626,626,626,626,626,626,626,626,626,626,626,626,626,626,626,626,626,626,626,626,626,626,626,626,626,626,626,626,626,626,626,626,626,626,626,626,626
629.5,629.5,629.5,629.5,629.5,629.5,629.5,629.5,629.5,629.5,629.5,629.5,629.5,629.5,629.5,629.5,629.5,629.5,629.5,629.5,629.5,629.5,629.5,629.5,629.5,629.5,629.5,629.5,629.5,629.5,629.5,629.5,629.5,629.5,629.5,629.5,629.5,629.5,629.5,629.5,629.5,629.5,629.5,629.5,629.5,629.5,629.5,629.5,629.5,629.5,629.5,629.5,629.5,629.5,629.5,629.5,629.5,629.5,629.5,629.5,629.5,629.5,629.5,629.5,629.5,629.5,629.5,629.5,629.5,629.5,629.5,629.5,629.5,629.5,629.5,629.5,629.5,629.5,629.5,629.5,629.5,629.5,629.5,629.5,629.5,629.5,629.5,629.5,629.5,629.5,629.5,629.5,629.5,629.5,629.5,629.5,629.5,629.5,629.5,629.5,629.5,629.5,629.5,629.5,629.5,629.5,629.5,629.5,629.5,629.5,629.5,629.5,629.5,629.5,629.5,629.5,629.5,629.5,629.5,629.5,629.5,629.5,629.5,629.5,629.5,629.5,629.5,629.5,629.5,629.5,629.5,629.5,629.5,629.5,629.5,629.5,629.5,629.5,629.5,629.5,629.5,629.5,629.5,629.5,629.5,629.5,629.5,629.5,629.5,629.5
632.5,632.5,632.5,632.5,632.5,632.5,632.5,632.5,632.5,632.5,632.5,632.5,632.5,632.5,632.5,632.5,632.5,632.5,632.5,632.5,632.5,632.5,632.5,632.5,632.5,632.5,632.5,632.5,632.5,632.5,632.5,632.5,632.5,632.5,632.5,632.5,632.5,632.5,632.5,632.5,632.5,632.5,632.5,632.5,632.5,632.5,632.5,632.5,632.5,632.5,632.5,632.5,632.5,632.5,632.5,632.5,632.5,632.5,632.5,632.5,632.5,632.5,632.5,632.5,632.5,632.5,632.5,632.5,632.5,632.5,632.5,632.5,632.5,632.5,632.5,632.5,632.5,632.5,632.5,632.5,632.5,632.5,632.5,632.5,632.5,632.5,632.5,632.5,632.5,632.5,632.5,632.5,632.5,632.5,632.5,632.5,632.5,632.5,632.5,632.5,632.5,632.5,632.5,632.5,632.5,632.5,632.5,632.5,632.5,632.5,632.5,632.5,632.5,632.5,632.5,632.5,632.5,632.5,632.5,632.5,632.5,632.5,632.5,632.5,632.5,632.5,632.5,632.5,632.5,632.5,632.5,632.5,632.5,632.5,632.5,632.5,632.5,632.5,632.5,632.5,632.5,632.5,632.5,632.5,632.5,632.5,632.5,632.5,632.5,632.5
635.5,635.5,635.5,635.5,635.5,635.5,635.5,635.5,635.5,635.5,635.5,635.5,635.5,635.5,635.5,635.5,635.5,635.5,635.5,635.5,635.5,635.5,635.5,635.5,635.5,635.5,635.5,635.5,635.5,635.5,635.5,635.5,635.5,635.5,635.5,635.5,635.5,635.5,635.5,635.5,635.5,635.5,635.5,635.5,635.5,635.5,635.5,635.5,635.5,635.5,635.5,635.5,635.5,635.5,635.5,635.5,635.5,635.5,635.5,635.5,635.5,635.5,635.5,635.5,635.5,635.5,635.5,635.5,635.5,635.5,635.5,635.5,635.5,635.5,635.5,635.5,635.5,635.5,635.5,635.5,635.5,635.5,635.5,635.5,635.5,635.5,635.5,635.5,635.5,635.5,635.5,635.5,635.5,635.5,635.5,635.5,635.5,635.5,635.5,635.5,635.5,635.5,635.5,635.5,635.5,635.5,635.5,635.5,635.5,635.5,635.5,635.5,635.5,635.5,635.5,635.5,635.5,635.5,635.5,635.5,635.5,635.5,635.5,635.5,635.5,635.5,635.5,635.5,635.5,635.5,635.5,635.5,635.5,635.5,635.5,635.5,635.5,635.5,635.5,635.5,635.5,635.5,635.5,635.5,635.5,635.5,635.5,635.5,635.5,635.5
639,639,639,639,639,639,639,639,639,639,639,639,639,639,639,639,639,639,639,639,639,639,639,639,639,639,639,639,639,639,639,639,639,639,639,639,639,639,639,639,639,639,639,639,639,639,639,639,639,639,639,639,639,639,639,639,639,639,639,639,639,639,639,639,639,639,639,639,639,639,639,639,639,639,639,639,639,639,639,639,639,639,639,639,639,639,639,639,639,639,639,639,639,639,639,639,639,639,639,639,639,639,639,639,639,639,639,639,639,639,639,639,639,639,639,639,639,639,639,639,639,639,639,639,639,639,639,639,639,639,639,639,639,639,639,639,639,639,639,639,639,639,639,639,639,639,639,639,639,639
642,642,642,642,642,642,642,642,642,642,642,642,642,642,642,642,642,642,642,642,642,642,642,642,642,642,642,642,642,642,642,642,642,642,642,642,642,642,642,642,642,642,642,642,642,642,642,642,642,642,642,642,642,642,642,642,642,642,642,642,642,642,642,642,642,642,642,642,642,642,642,642,642,642,642,642,642,642,642,642,642,642,642,642,642,642,642,642,642,642,642,642,642,642,642,642,642,642,642,642,642,642,642,642,642,642,642,642,642,642,642,642,642,642,642,642,642,642,642,642,642,642,642,642,642,642,642,642,642,642,642,642,642,642,642,642,642,642,642,642,642,642,642,642,642,642,642,642,642,642
645,645,645,645,645,645,645,645,645,645,645,645,645,645,645,645,645,645,645,645,645,645,645,645,645,645,645,645,645,645,645,645,645,645,645,645,645,645,645,645,645,645,645,645,645,645,645,645,645,645,645,645,645,645,645,645,645,645,645,645,645,645,645,645,645,645,645,645,645,645,645,645,645,645,645,645,645,645,645,645,645,645,645,645,645,645,645,645,645,645,645,645,645,645,645,645,645,645,645,645,645,645,645,645,645,645,645,645,645,645,645,645,645,645,645,645,645,645,645,645,645,645,645,645,645,645,645,645,645,645,645,645,645,645,645,645,645,645,645,645,645,645,645,645,645,645,645,645,645,645
648.5,648.5,648.5,648.5,648.5,648.5,648.5,648.5,648.5,648.5,648.5,648.5,648.5,648.5,648.5,648.5,648.5,648.5,648.5,648.5,648.5,648.5,648.5,648.5,648.5,648.5,648.5,648.5,648.5,648.5,648.5,648.5,648.5,648.5,648.5,648.5,648.5,648.5,648.5,648.5,648.5,648.5,648.5,648.5,648.5,648.5,648.5,648.5,648.5,648.5,648.5,648.5,648.5,648.5,648.5,648.5,648.5,648.5,648.5,648.5,648.5,648.5,648.5,648.5,648.5,648.5,648.5,648.5,648.5,648.5,648.5,648.5,648.5,648.5,648.5,648.5,648.5,648.5,648.5,648.5,648.5,648.5,648.5,648.5,648.5,648.5,648.5,648.5,648.5,648.5,648.5,648.5,648.5,648.5,648.5,648.5,648.5,648.5,648.5,648.5,648.5,648.5,648.5,648.5,648.5,648.5,648.5,648.5,648.5,648.5,648.5,648.5,648.5,648.5,648.5,648.5,648.5,648.5,648.5,648.5,648.5,648.5,648.5,648.5,648.5,648.5,648.5,648.5,648.5,648.5,648.5,648.5,648.5,648.5,648.5,648.5,648.5,648.5,648.5,648.5,648.5,648.5,648.5,648.5,648.5,648.5,648.5,648.5,648.5,648.5
651.5,651.5,651.5,651.5,651.5,651.5,651.5,651.5,651.5,651.5,651.5,651.5,651.5,651.5,651.5,651.5,651.5,651.5,651.5,651.5,651.5,651.5,651.5,651.5,651.5,651.5,651.5,651.5,651.5,651.5,651.5,651.5,651.5,651.5,651.5,651.5,651.5,651.5,651.5,651.5,651.5,651.5,651.5,651.5,651.5,651.5,651.5,651.5,651.5,651.5,651.5,651.5,651.5,651.5,651.5,651.5,651.5,651.5,651.5,651.5,651.5,651.5,651.5,651.5,651.5,651.5,651.5,651.5,651.5,651.5,651.5,651.5,651.5,651.5,651.5,651.5,651.5,651.5,651.5,651.5,651.5,651.5,651.5,651.5,651.5,651.5,651.5,651.5,651.5,651.5,651.5,651.5,651.5,651.5,651.5,651.5,651.5,651.5,651.5,651.5,651.5,651.5,651.5,651.5,651.5,651.5,651.5,651.5,651.5,651.5,651.5,651.5,651.5,651.5,651.5,651.5,651.5,651.5,651.5,651.5,651.5,651.5,651.5,651.5,651.5,651.5,651.5,651.5,651.5,651.5,651.5,651.5,651.5,651.5,651.5,651.5,651.5,651.5,651.5,651.5,651.5,651.5,651.5,651.5,651.5,651.5,651.5,651.5,651.5,651.5
654.5,654.5,654.5,654.5,654.5,654.5,654.5,654.5,654.5,654.5,654.5,654.5,654.5,654.5,654.5,654.5,654.5,654.5,654.5,654.5,654.5,654.5,654.5,654.5,654.5,654.5,654.5,654.5,654.5,654.5,654.5,654.5,654.5,654.5,654.5,654.5,654.5,654.5,654.5,654.5,654.5,654.5,654.5,654.5,654.5,654.5,654.5,654.5,654.5,654.5,654.5,654.5,654.5,654.5,654.5,654.5,654.5,654.5,654.5,654.5,654.5,654.5,654.5,654.5,654.5,654.5,654.5,654.5,654.5,654.5,654.5,654.5,654.5,654.5,654.5,654.5,654.5,654.5,654.5,654.5,654.5,654.5,654.5,654.5,654.5,654.5,654.5,654.5,654.5,654.5,654.5,654.5,654.5,654.5,654.5,654.5,654.5,654.5,654.5,654.5,654.5,654.5,654.5,654.5,654.5,654.5,654.5,654.5,654.5,654.5,654.5,654.5,654.5,654.5,654.5,654.5,654.5,654.5,654.5,654.5,654.5,654.5,654.5,654.5,654.5,654.5,654.5,654.5,654.5,654.5,654.5,654.5,654.5,654.5,654.5,654.5,654.5,654.5,654.5,654.5,654.5,654.5,654.5,654.5,654.5,654.5,654.5,654.5,654.5,654.5
658,658,658,658,658,658,658,658,658,658,658,658,658,658,658,658,658,658,658,658,658,658,658,658,658,658,658,658,658,658,658,658,658,658,658,658,658,658,658,658,658,658,658,658,658,658,658,658,658,658,658,658,658,658,658,658,658,658,658,658,658,658,658,658,658,658,658,658,658,658,658,658,658,658,658,658,658,658,658,658,658,658,658,658,658,658,658,658,658,658,658,658,658,658,658,658,658,658,658,658,658,658,658,658,658,658,658,658,658,658,658,658,658,658,658,658,658,658,658,658,658,658,658,658,658,658,658,658,658,658,658,658,658,658,658,658,658,658,658,658,658,658,658,658,658,658,658,658,658,658
661,661,661,661,661,661,661,661,661,661,661,661,661,661,661,661,661,661,661,661,661,661,661,661,661,661,661,661,661,661,661,661,661,661,661,661,661,661,661,661,661,661,661,661,661,661,661,661,661,661,661,661,661,661,661,661,661,661,661,661,661,661,661,661,661,661,661,661,661,661,661,661,661,661,661,661,661,661,661,661,661,661,661,661,661,661,661,661,661,661,661,661,661,661,661,661,661,661,661,661,661,661,661,661,661,661,661,661,661,661,661,661,661,661,661,661,661,661,661,661,661,661,661,661,661,661,661,661,661,661,661,661,661,661,661,661,661,661,661,661,661,661,661,661,661,661,661,661,661,661
664,664,664,664,664,664,664,664,664,664,664,664,664,664,664,664,664,664,664,664,664,664,664,664,664,664,664,664,664,664,664,664,664,664,664,664,664,664,664,664,664,664,664,664,664,664,664,664,664,664,664,664,664,664,664,664,664,664,664,664,664,664,664,664,664,664,664,664,664,664,664,664,664,664,664,664,664,664,664,664,664,664,664,664,664,664,664,664,664,664,664,664,664,664,664,664,664,664,664,664,664,664,664,664,664,664,664,664,664,664,664,664,664,664,664,664,664,664,664,664,664,664,664,664,664,664,664,664,664,664,664,664,664,664,664,664,664,664,664,664,664,664,664,664,664,664,664,664,664,664
667.5,667.5,667.5,667.5,667.5,667.5,667.5,667.5,667.5,667.5,667.5,667.5,667.5,667.5,667.5,667.5,667.5,667.5,667.5,667.5,667.5,667.5,667.5,667.5,667.5,667.5,667.5,667.5,667.5,667.5,667.5,667.5,667.5,667.5,667.5,667.5,667.5,667.5,667.5,667.5,667.5,667.5,667.5,667.5,667.5,667.5,667.5,667.5,667.5,667.5,667.5,667.5,667.5,667.5,667.5,667.5,667.5,667.5,667.5,667.5,667.5,667.5,667.5,667.5,667.5,667.5,667.5,667.5,667.5,667.5,667.5,667.5,667.5,667.5,667.5,667.5,667.5,667.5,667.5,667.5,667.5,667.5,667.5,667.5,667.5,667.5,667.5,667.5,667.5,667.5,667.5,667.5,667.5,667.5,667.5,667.5,667.5,667.5,667.5,667.5,667.5,667.5,667.5,667.5,667.5,667.5,667.5,667.5,667.5,667.5,667.5,667.5,667.5,667.5,667.5,667.5,667.5,667.5,667.5,667.5,667.5,667.5,667.5,667.5,667.5,667.5,667.5,667.5,667.5,667.5,667.5,667.5,667.5,667.5,667.5,667.5,667.5,667.5,667.5,667.5,667.5,667.5,667.5,667.5,667.5,667.5,667.5,667.5,667.5,667.5
670.5,670.5,670.5,670.5,670.5,670.5,670.5,670.5,670.5,670.5,670.5,670.5,670.5,670.5,670.5,670.5,670.5,670.5,670.5,670.5,670.5,670.5,670.5,670.5,670.5,670.5,670.5,670.5,670.5,670.5,670.5,670.5,670.5,670.5,670.5,670.5,670.5,670.5,670.5,670.5,670.5,670.5,670.5,670.5,670.5,670.5,670.5,670.5,670.5,670.5,670.5,670.5,670.5,670.5,670.5,670.5,670.5,670.5,670.5,670.5,670.5,670.5,670.5,670.5,670.5,670.5,670.5,670.5,670.5,670.5,670.5,670.5,670.5,670.5,670.5,670.5,670.5,670.5,670.5,670.5,670.5,670.5,670.5,670.5,670.5,670.5,670.5,670.5,670.5,670.5,670.5,670.5,670.5,670.5,670.5,670.5,670.5,670.5,670.5,670.5,670.5,670.5,670.5,670.5,670.5,670.5,670.5,670.5,670.5,670.5,670.5,670.5,670.5,670.5,670.5,670.5,670.5,670.5,670.5,670.5,670.5,670.5,670.5,670.5,670.5,670.5,670.5,670.5,670.5,670.5,670.5,670.5,670.5,670.5,670.5,670.5,670.5,670.5,670.5,670.5,670.5,670.5,670.5,670.5,670.5,670.5,670.5,670.5,670.5,670.5
673.5,673.5,673.5,673.5,673.5,673.5,673.5,673.5,673.5,673.5,673.5,673.5,673.5,673.5,673.5,673.5,673.5,673.5,673.5,673.5,673.5,673.5,673.5,673.5,673.5,673.5,673.5,673.5,673.5,673.5,673.5,673.5,673.5,673.5,673.5,673.5,673.5,673.5,673.5,673.5,673.5,673.5,673.5,673.5,673.5,673.5,673.5,673.5,673.5,673.5,673.5,673.5,673.5,673.5,673.5,673.5,673.5,673.5,673.5,673.5,673.5,673.5,673.5,673.5,673.5,673.5,673.5,673.5,673.5,673.5,673.5,673.5,673.5,673.5,673.5,673.5,673.5,673.5,673.5,673.5,673.5,673.5,673.5,673.5,673.5,673.5,673.5,673.5,673.5,673.5,673.5,673.5,673.5,673.5,673.5,673.5,673.5,673.5,673.5,673.5,673.5,673.5,673.5,673.5,673.5,673.5,673.5,673.5,673.5,673.5,673.5,673.5,673.5,673.5,673.5,673.5,673.5,673.5,673.5,673.5,673.5,673.5,673.5,673.5,673.5,673.5,673.5,673.5,673.5,673.5,673.5,673.5,673.5,673.5,673.5,673.5,673.5,673.5,673.5,673.5,673.5,673.5,673.5,673.5,673.5,673.5,673.5,673.5,673.5,673.5
677,677,677,677,677,677,677,677,677,677,677,677,677,677,677,677,677,677,677,677,677,677,677,677,677,677,677,677,677,677,677,677,677,677,677,677,677,677,677,677,677,677,677,677,677,677,677,677,677,677,677,677,677,677,677,677,677,677,677,677,677,677,677,677,677,677,677,677,677,677,677,677,677,677,677,677,677,677,677,677,677,677,677,677,677,677,677,677,677,677,677,677,677,677,677,677,677,677,677,677,677,677,677,677,677,677,677,677,677,677,677,677,677,677,677,677,677,677,677,677,677,677,677,677,677,677,677,677,677,677,677,677,677,677,677,677,677,677,677,677,677,677,677,677,677,677,677,677,677,677
680,680,680,680,680,680,680,680,680,680,680,680,680,680,680,680,680,680,680,680,680,680,680,680,680,680,680,680,680,680,680,680,680,680,680,680,680,680,680,680,680,680,680,680,680,680,680,680,680,680,680,680,680,680,680,680,680,680,680,680,680,680,680,680,680,680,680,680,680,680,680,680,680,680,680,680,680,680,680,680,680,680,680,680,680,680,680,680,680,680,680,680,680,680,680,680,680,680,680,680,680,680,680,680,680,680,680,680,680,680,680,680,680,680,680,680,680,680,680,680,680,680,680,680,680,680,680,680,680,680,680,680,680,680,680,680,680,680,680,680,680,680,680,680,680,680,680,680,680,680
683,683,683,683,683,683,683,683,683,683,683,683,683,683,683,683,683,683,683,683,683,683,683,683,683,683,683,683,683,683,683,683,683,683,683,683,683,683,683,683,683,683,683,683,683,683,683,683,683,683,683,683,683,683,683,683,683,683,683,683,683,683,683,683,683,683,683,683,683,683,683,683,683,683,683,683,683,683,683,683,683,683,683,683,683,683,683,683,683,683,683,683,683,683,683,683,683,683,683,683,683,683,683,683,683,683,683,683,683,683,683,683,683,683,683,683,683,683,683,683,683,683,683,683,683,683,683,683,683,683,683,683,683,683,683,683,683,683,683,683,683,683,683,683,683,683,683,683,683,683
686.5,686.5,686.5,686.5,686.5,686.5,686.5,686.5,686.5,686.5,686.5,686.5,686.5,686.5,686.5,686.5,686.5,686.5,686.5,686.5,686.5,686.5,686.5,686.5,686.5,686.5,686.5,686.5,686.5,686.5,686.5,686.5,686.5,686.5,686.5,686.5,686.5,686.5,686.5,686.5,686.5,686.5,686.5,686.5,686.5,686.5,686.5,686.5,686.5,686.5,686.5,686.5,686.5,686.5,686.5,686.5,686.5,686.5,686.5,686.5,686.5,686.5,686.5,686.5,686.5,686.5,686.5,686.5,686.5,686.5,686.5,686.5,686.5,686.5,686.5,686.5,686.5,686.5,686.5,686.5,686.5,686.5,686.5,686.5,686.5,686.5,686.5,686.5,686.5,686.5,686.5,686.5,686.5,686.5,686.5,686.5,686.5,686.5,686.5,686.5,686.5,686.5,686.5,686.5,686.5,686.5,686.5,686.5,686.5,686.5,686.5,686.5,686.5,686.5,686.5,686.5,686.5,686.5,686.5,686.5,686.5,686.5,686.5,686.5,686.5,686.5,686.5,686.5,686.5,686.5,686.5,686.5,686.5,686.5,686.5,686.5,686.5,686.5,686.5,686.5,686.5,686.5,686.5,686.5,686.5,686.5,686.5,686.5,686.5,686.5
689.5,689.5,689.5,689.5,689.5,689.5,689.5,689.5,689.5,689.5,689.5,689.5,689.5,689.5,689.5,689.5,689.5,689.5,689.5,689.5,689.5,689.5,689.5,689.5,689.5,689.5,689.5,689.5,689.5,689.5,689.5,689.5,689.5,689.5,689.5,689.5,689.5,689.5,689.5,689.5,689.5,689.5,689.5,689.5,689.5,689.5,689.5,689.5,689.5,689.5,689.5,689.5,689.5,689.5,689.5,689.5,689.5,689.5,689.5,689.5,689.5,689.5,689.5,689.5,689.5,689.5,689.5,689.5,689.5,689.5,689.5,689.5,689.5,689.5,689.5,689.5,689.5,689.5,689.5,689.5,689.5,689.5,689.5,689.5,689.5,689.5,689.5,689.5,689.5,689.5,689.5,689.5,689.5,689.5,689.5,689.5,689.5,689.5,689.5,689.5,689.5,689.5,689.5,689.5,689.5,689.5,689.5,689.5,689.5,689.5,689.5,689.5,689.5,689.5,689.5,689.5,689.5,689.5,689.5,689.5,689.5,689.5,689.5,689.5,689.5,689.5,689.5,689.5,689.5,689.5,689.5,689.5,689.5,689.5,689.5,689.5,689.5,689.5,689.5,689.5,689.5,689.5,689.5,689.5,689.5,689.5,689.5,689.5,689.5,689.5
692.5,692.5,692.5,692.5,692.5,692.5,692.5,692.5,692.5,692.5,692.5,692.5,692.5,692.5,692.5,692.5,692.5,692.5,692.5,692.5,692.5,692.5,692.5,692.5,692.5,692.5,692.5,692.5,692.5,692.5,692.5,692.5,692.5,692.5,692.5,692.5,692.5,692.5,692.5,692.5,692.5,692.5,692.5,692.5,692.5,692.5,692.5,692.5,692.5,692.5,692.5,692.5,692.5,692.5,692.5,692.5,692.5,692.5,692.5,692.5,692.5,692.5,692.5,692.5,692.5,692.5,692.5,692.5,692.5,692.5,692.5,692.5,692.5,692.5,692.5,692.5,692.5,692.5,692.5,692.5,692.5,692.5,692.5,692.5,692.5,692.5,692.5,692.5,692.5,692.5,692.5,692.5,692.5,692.5,692.5,692.5,692.5,692.5,692.5,692.5,692.5,692.5,692.5,692.5,692.5,692.5,692.5,692.5,692.5,692.5,692.5,692.5,692.5,692.5,692.5,692.5,692.5,692.5,692.5,692.5,692.5,692.5,692.5,692.5,692.5,692.5,692.5,692.5,692.5,692.5,692.5,692.5,692.5,692.5,692.5,692.5,692.5,692.5,692.5,692.5,692.5,692.5,692.5,692.5,692.5,692.5,692.5,692.5,692.5,692.5
696,696,696,696,696,696,696,696,696,696,696,696,696,696,696,696,696,696,696,696,696,696,696,696,696,696,696,696,696,696,696,696,696,696,696,696,696,696,696,696,696,696,696,696,696,696,696,696,696,696,696,696,696,696,696,696,696,696,696,696,696,696,696,696,696,696,696,696,696,696,696,696,696,696,696,696,696,696,696,696,696,696,696,696,696,696,696,696,696,696,696,696,696,696,696,696,696,696,696,696,696,696,696,696,696,696,696,696,696,696,696,696,696,696,696,696,696,696,696,696,696,696,696,696,696,696,696,696,696,696,696,696,696,696,696,696,696,696,696,696,696,696,696,696,696,696,696,696,696,696
699,699,699,699,699,699,699,699,699,699,699,699,699,699,699,699,699,699,699,699,699,699,699,699,699,699,699,699,699,699,699,699,699,699,699,699,699,699,699,699,699,699,699,699,699,699,699,699,699,699,699,699,699,699,699,699,699,699,699,699,699,699,699,699,699,699,699,699,699,699,699,699,699,699,699,699,699,699,699,699,699,699,699,699,699,699,699,699,699,699,699,699,699,699,699,699,699,699,699,699,699,699,699,699,699,699,699,699,699,699,699,699,699,699,699,699,699,699,699,699,699,699,699,699,699,699,699,699,699,699,699,699,699,699,699,699,699,699,699,699,699,699,699,699,699,699,699,699,699,699
702,702,702,702,702,702,702,702,702,702,702,702,702,702,702,702,702,702,702,702,702,702,702,702,702,702,702,702,702,702,702,702,702,702,702,702,702,702,702,702,702,702,702,702,702,702,702,702,702,702,702,702,702,702,702,702,702,702,702,702,702,702,702,702,702,702,702,702,702,702,702,702,702,702,702,702,702,702,702,702,702,702,702,702,702,702,702,702,702,702,702,702,702,702,702,702,702,702,702,702,702,702,702,702,702,702,702,702,702,702,702,702,702,702,702,702,702,702,702,702,702,702,702,702,702,702,702,702,702,702,702,702,702,702,702,702,702,702,702,702,702,702,702,702,702,702,702,702,702,702
705.5,705.5,705.5,705.5,705.5,705.5,705.5,705.5,705.5,705.5,705.5,705.5,705.5,705.5,705.5,705.5,705.5,705.5,705.5,705.5,705.5,705.5,705.5,705.5,705.5,705.5,705.5,705.5,705.5,705.5,705.5,705.5,705.5,705.5,705.5,705.5,705.5,705.5,705.5,705.5,705.5,705.5,705.5,705.5,705.5,705.5,705.5,705.5,705.5,705.5,705.5,705.5,705.5,705.5,705.5,705.5,705.5,705.5,705.5,705.5,705.5,705.5,705.5,705.5,705.5,705.5,705.5,705.5,705.5,705.5,705.5,705.5,705.5,705.5,705.5,705.5,705.5,705.5,705.5,705.5,705.5,705.5,705.5,705.5,705.5,705.5,705.5,705.5,705.5,705.5,705.5,705.5,705.5,705.5,705.5,705.5,705.5,705.5,705.5,705.5,705.5,705.5,705.5,705.5,705.5,705.5,705.5,705.5,705.5,705.5,705.5,705.5,705.5,705.5,705.5,705.5,705.5,705.5,705.5,705.5,705.5,705.5,705.5,705.5,705.5,705.5,705.5,705.5,705.5,705.5,705.5,705.5,705.5,705.5,705.5,705.5,705.5,705.5,705.5,705.5,705.5,705.5,705.5,705.5,705.5,705.5,705.5,705.5,705.5,705.5
708.5,708.5,708.5,708.5,708.5,708.5,708.5,708.5,708.5,708.5,708.5,708.5,708.5,708.5,708.5,708.5,708.5,708.5,708.5,708.5,708.5,708.5,708.5,708.5,708.5,708.5,708.5,708.5,708.5,708.5,708.5,708.5,708.5,708.5,708.5,708.5,708.5,708.5,708.5,708.5,708.5,708.5,708.5,708.5,708.5,708.5,708.5,708.5,708.5,708.5,708.5,708.5,708.5,708.5,708.5,708.5,708.5,708.5,708.5,708.5,708.5,708.5,708.5,708.5,708.5,708.5,708.5,708.5,708.5,708.5,708.5,708.5,708.5,708.5,708.5,708.5,708.5,708.5,708.5,708.5,708.5,708.5,708.5,708.5,708.5,708.5,708.5,708.5,708.5,708.5,708.5,708.5,708.5,708.5,708.5,708.5,708.5,708.5,708.5,708.5,708.5,708.5,708.5,708.5,708.5,708.5,708.5,708.5,708.5,708.5,708.5,708.5,708.5,708.5,708.5,708.5,708.5,708.5,708.5,708.5,708.5,708.5,708.5,708.5,708.5,708.5,708.5,708.5,708.5,708.5,708.5,708.5,708.5,708.5,708.5,708.5,708.5,708.5,708.5,708.5,708.5,708.5,708.5,708.5,708.5,708.5,708.5,708.5,708.5,708.5
711.5,711.5,711.5,711.5,711.5,711.5,711.5,711.5,711.5,711.5,711.5,711.5,711.5,711.5,711.5,711.5,711.5,711.5,711.5,711.5,711.5,711.5,711.5,711.5,711.5,711.5,711.5,711.5,711.5,711.5,711.5,711.5,711.5,711.5,711.5,711.5,711.5,711.5,711.5,711.5,711.5,711.5,711.5,711.5,711.5,711.5,711.5,711.5,711.5,711.5,711.5,711.5,711.5,711.5,711.5,711.5,711.5,711.5,711.5,711.5,711.5,711.5,711.5,711.5,711.5,711.5,711.5,711.5,711.5,711.5,711.5,711.5,711.5,711.5,711.5,711.5,711.5,711.5,711.5,711.5,711.5,711.5,711.5,711.5,711.5,711.5,711.5,711.5,711.5,711.5,711.5,711.5,711.5,711.5,711.5,711.5,711.5,711.5,711.5,711.5,711.5,711.5,711.5,711.5,711.5,711.5,711.5,711.5,711.5,711.5,711.5,711.5,711.5,711.5,711.5,711.5,711.5,711.5,711.5,711.5,711.5,711.5,711.5,711.5,711.5,711.5,711.5,711.5,711.5,711.5,711.5,711.5,711.5,711.5,711.5,711.5,711.5,711.5,711.5,711.5,711.5,711.5,711.5,711.5,711.5,711.5,711.5,711.5,711.5,711.5
715,715,715,715,715,715,715,715,715,715,715,715,715,715,715,715,715,715,715,715,715,715,715,715,715,715,715,715,715,715,715,715,715,715,715,715,715,715,715,715,715,715,715,715,715,715,715,715,715,715,715,715,715,715,715,715,715,715,715,715,715,715,715,715,715,715,715,715,715,715,715,715,715,715,715,715,715,715,715,715,715,715,715,715,715,715,715,715,715,715,715,715,715,715,715,715,715,715,715,715,715,715,715,715,715,715,715,715,715,715,715,715,715,715,715,715,715,715,715,715,715,715,715,715,715,715,715,715,715,715,715,715,715,715,715,715,715,715,715,715,715,715,715,715,715,715,715,715,715,715
718,718,718,718,718,718,718,718,718,718,718,718,718,718,718,718,718,718,718,718,718,718,718,718,718,718,718,718,718,718,718,718,718,718,718,718,718,718,718,718,718,718,718,718,718,718,718,718,718,718,718,718,718,718,718,718,718,718,718,718,718,718,718,718,718,718,718,718,718,718,718,718,718,718,718,718,718,718,718,718,718,718,718,718,718,718,718,718,718,718,718,718,718,718,718,718,718,718,718,718,718,718,718,718,718,718,718,718,718,718,718,718,718,718,718,718,718,718,718,718,718,718,718,718,718,718,718,718,718,718,718,718,718,718,718,718,718,718,718,718,718,718,718,718,718,718,718,718,718,718
721,721,721,721,721,721,721,721,721,721,721,721,721,721,721,721,721,721,721,721,721,721,721,721,721,721,721,721,721,721,721,721,721,721,721,721,721,721,721,721,721,721,721,721,721,721,721,721,721,721,721,721,721,721,721,721,721,721,721,721,721,721,721,721,721,721,721,721,721,721,721,721,721,721,721,721,721,721,721,721,721,721,721,721,721,721,721,721,721,721,721,721,721,721,721,721,721,721,721,721,721,721,721,721,721,721,721,721,721,721,721,721,721,721,721,721,721,721,721,721,721,721,721,721,721,721,721,721,721,721,721,721,721,721,721,721,721,721,721,721,721,721,721,721,721,721,721,721,721,721
724.5,724.5,724.5,724.5,724.5,724.5,724.5,724.5,724.5,724.5,724.5,724.5,724.5,724.5,724.5,724.5,724.5,724.5,724.5,724.5,724.5,724.5,724.5,724.5,724.5,724.5,724.5,724.5,724.5,724.5,724.5,724.5,724.5,724.5,724.5,724.5,724.5,724.5,724.5,724.5,724.5,724.5,724.5,724.5,724.5,724.5,724.5,724.5,724.5,724.5,724.5,724.5,724.5,724.5,724.5,724.5,724.5,724.5,724.5,724.5,724.5,724.5,724.5,724.5,724.5,724.5,724.5,724.5,724.5,724.5,724.5,724.5,724.5,724.5,724.5,724.5,724.5,724.5,724.5,724.5,724.5,724.5,724.5,724.5,724.5,724.5,724.5,724.5,724.5,724.5,724.5,724.5,724.5,724.5,724.5,724.5,724.5,724.5,724.5,724.5,724.5,724.5,724.5,724.5,724.5,724.5,724.5,724.5,724.5,724.5,724.5,724.5,724.5,724.5,724.5,724.5,724.5,724.5,724.5,724.5,724.5,724.5,724.5,724.5,724.5,724.5,724.5,724.5,724.5,724.5,724.5,724.5,724.5,724.5,724.5,724.5,724.5,724.5,724.5,724.5,724.5,724.5,724.5,724.5,724.5,724.5,724.5,724.5,724.5,724.5
727.5,727.5,727.5,727.5,727.5,727.5,727.5,727.5,727.5,727.5,727.5,727.5,727.5,727.5,727.5,727.5,727.5,727.5,727.5,727.5,727.5,727.5,727.5,727.5,727.5,727.5,727.5,727.5,727.5,727.5,727.5,727.5,727.5,727.5,727.5,727.5,727.5,727.5,727.5,727.5,727.5,727.5,727.5,727.5,727.5,727.5,727.5,727.5,727.5,727.5,727.5,727.5,727.5,727.5,727.5,727.5,727.5,727.5,727.5,727.5,727.5,727.5,727.5,727.5,727.5,727.5,727.5,727.5,727.5,727.5,727.5,727.5,727.5,727.5,727.5,727.5,727.5,727.5,727.5,727.5,727.5,727.5,727.5,727.5,727.5,727.5,727.5,727.5,727.5,727.5,727.5,727.5,727.5,727.5,727.5,727.5,727.5,727.5,727.5,727.5,727.5,727.5,727.5,727.5,727.5,727.5,727.5,727.5,727.5,727.5,727.5,727.5,727.5,727.5,727.5,727.5,727.5,727.5,727.5,727.5,727.5,727.5,727.5,727.5,727.5,727.5,727.5,727.5,727.5,727.5,727.5,727.5,727.5,727.5,727.5,727.5,727.5,727.5,727.5,727.5,727.5,727.5,727.5,727.5,727.5,727.5,727.5,727.5,727.5,727.5
730.5,730.5,730.5,730.5,730.5,730.5,730.5,730.5,730.5,730.5,730.5,730.5,730.5,730.5,730.5,730.5,730.5,730.5,730.5,730.5,730.5,730.5,730.5,730.5,730.5,730.5,730.5,730.5,730.5,730.5,730.5,730.5,730.5,730.5,730.5,730.5,730.5,730.5,730.5,730.5,730.5,730.5,730.5,730.5,730.5,730.5,730.5,730.5,730.5,730.5,730.5,730.5,730.5,730.5,730.5,730.5,730.5,730.5,730.5,730.5,730.5,730.5,730.5,730.5,730.5,730.5,730.5,730.5,730.5,730.5,730.5,730.5,730.5,730.5,730.5,730.5,730.5,730.5,730.5,730.5,730.5,730.5,730.5,730.5,730.5,730.5,730.5,730.5,730.5,730.5,730.5,730.5,730.5,730.5,730.5,730.5,730.5,730.5,730.5,730.5,730.5,730.5,730.5,730.5,730.5,730.5,730.5,730.5,730.5,730.5,730.5,730.5,730.5,730.5,730.5,730.5,730.5,730.5,730.5,730.5,730.5,730.5,730.5,730.5,730.5,730.5,730.5,730.5,730.5,730.5,730.5,730.5,730.5,730.5,730.5,730.5,730.5,730.5,730.5,730.5,730.5,730.5,730.5,730.5,730.5,730.5,730.5,730.5,730.5,730.5
734,734,734,734,734,734,734,734,734,734,734,734,734,734,734,734,734,734,734,734,734,734,734,734,734,734,734,734,734,734,734,734,734,734,734,734,734,734,734,734,734,734,734,734,734,734,734,734,734,734,734,734,734,734,734,734,734,734,734,734,734,734,734,734,734,734,734,734,734,734,734,734,734,734,734,734,734,734,734,734,734,734,734,734,734,734,734,734,734,734,734,734,734,734,734,734,734,734,734,734,734,734,734,734,734,734,734,734,734,734,734,734,734,734,734,734,734,734,734,734,734,734,734,734,734,734,734,734,734,734,734,734,734,734,734,734,734,734,734,734,734,734,734,734,734,734,734,734,734,734
737,737,737,737,737,737,737,737,737,737,737,737,737,737,737,737,737,737,737,737,737,737,737,737,737,737,737,737,737,737,737,737,737,737,737,737,737,737,737,737,737,737,737,737,737,737,737,737,737,737,737,737,737,737,737,737,737,737,737,737,737,737,737,737,737,737,737,737,737,737,737,737,737,737,737,737,737,737,737,737,737,737,737,737,737,737,737,737,737,737,737,737,737,737,737,737,737,737,737,737,737,737,737,737,737,737,737,737,737,737,737,737,737,737,737,737,737,737,737,737,737,737,737,737,737,737,737,737,737,737,737,737,737,737,737,737,737,737,737,737,737,737,737,737,737,737,737,737,737,737
740,740,740,740,740,740,740,740,740,740,740,740,740,740,740,740,740,740,740,740,740,740,740,740,740,740,740,740,740,740,740,740,740,740,740,740,740,740,740,740,740,740,740,740,740,740,740,740,740,740,740,740,740,740,740,740,740,740,740,740,740,740,740,740,740,740,740,740,740,740,740,740,740,740,740,740,740,740,740,740,740,740,740,740,740,740,740,740,740,740,740,740,740,740,740,740,740,740,740,740,740,740,740,740,740,740,740,740,740,740,740,740,740,740,740,740,740,740,740,740,740,740,740,740,740,740,740,740,740,740,740,740,740,740,740,740,740,740,740,740,740,740,740,740,740,740,740,740,740,740
743.5,743.5,743.5,743.5,743.5,743.5,743.5,743.5,743.5,743.5,743.5,743.5,743.5,743.5,743.5,743.5,743.5,743.5,743.5,743.5,743.5,743.5,743.5,743.5,743.5,743.5,743.5,743.5,743.5,743.5,743.5,743.5,743.5,743.5,743.5,743.5,743.5,743.5,743.5,743.5,743.5,743.5,743.5,743.5,743.5,743.5,743.5,743.5,743.5,743.5,743.5,743.5,743.5,743.5,743.5,743.5,743.5,743.5,743.5,743.5,743.5,743.5,743.5,743.5,743.5,743.5,743.5,743.5,743.5,743.5,743.5,743.5,743.5,743.5,743.5,743.5,743.5,743.5,743.5,743.5,743.5,743.5,743.5,743.5,743.5,743.5,743.5,743.5,743.5,743.5,743.5,743.5,743.5,743.5,743.5,743.5,743.5,743.5,743.5,743.5,743.5,743.5,743.5,743.5,743.5,743.5,743.5,743.5,743.5,743.5,743.5,743.5,743.5,743.5,743.5,743.5,743.5,743.5,743.5,743.5,743.5,743.5,743.5,743.5,743.5,743.5,743.5,743.5,743.5,743.5,743.5,743.5,743.5,743.5,743.5,743.5,743.5,743.5,743.5,743.5,743.5,743.5,743.5,743.5,743.5,743.5,743.5,743.5,743.5,743.5
746.5,746.5,746.5,746.5,746.5,746.5,746.5,746.5,746.5,746.5,746.5,746.5,746.5,746.5,746.5,746.5,746.5,746.5,746.5,746.5,746.5,746.5,746.5,746.5,746.5,746.5,746.5,746.5,746.5,746.5,746.5,746.5,746.5,746.5,746.5,746.5,746.5,746.5,746.5,746.5,746.5,746.5,746.5,746.5,746.5,746.5,746.5,746.5,746.5,746.5,746.5,746.5,746.5,746.5,746.5,746.5,746.5,746.5,746.5,746.5,746.5,746.5,746.5,746.5,746.5,746.5,746.5,746.5,746.5,746.5,746.5,746.5,746.5,746.5,746.5,746.5,746.5,746.5,746.5,746.5,746.5,746.5,746.5,746.5,746.5,746.5,746.5,746.5,746.5,746.5,746.5,746.5,746.5,746.5,746.5,746.5,746.5,746.5,746.5,746.5,746.5,746.5,746.5,746.5,746.5,746.5,746.5,746.5,746.5,746.5,746.5,746.5,746.5,746.5,746.5,746.5,746.5,746.5,746.5,746.5,746.5,746.5,746.5,746.5,746.5,746.5,746.5,746.5,746.5,746.5,746.5,746.5,746.5,746.5,746.5,746.5,746.5,746.5,746.5,746.5,746.5,746.5,746.5,746.5,746.5,746.5,746.5,746.5,746.5,746.5
749.5,749.5,749.5,749.5,749.5,749.5,749.5,749.5,749.5,749.5,749.5,749.5,749.5,749.5,749.5,749.5,749.5,749.5,749.5,749.5,749.5,749.5,749.5,749.5,749.5,749.5,749.5,749.5,749.5,749.5,749.5,749.5,749.5,749.5,749.5,749.5,749.5,749.5,749.5,749.5,749.5,749.5,749.5,749.5,749.5,749.5,749.5,749.5,749.5,749.5,749.5,749.5,749.5,749.5,749.5,749.5,749.5,749.5,749.5,749.5,749.5,749.5,749.5,749.5,749.5,749.5,749.5,749.5,749.5,749.5,749.5,749.5,749.5,749.5,749.5,749.5,749.5,749.5,749.5,749.5,749.5,749.5,749.5,749.5,749.5,749.5,749.5,749.5,749.5,749.5,749.5,749.5,749.5,749.5,749.5,749.5,749.5,749.5,749.5,749.5,749.5,749.5,749.5,749.5,749.5,749.5,749.5,749.5,749.5,749.5,749.5,749.5,749.5,749.5,749.5,749.5,749.5,749.5,749.5,749.5,749.5,749.5,749.5,749.5,749.5,749.5,749.5,749.5,749.5,749.5,749.5,749.5,749.5,749.5,749.5,749.5,749.5,749.5,749.5,749.5,749.5,749.5,749.5,749.5,749.5,749.5,749.5,749.5,749.5,749.5
753,753,753,753,753,753,753,753,753,753,753,753,753,753,753,753,753,753,753,753,753,753,753,753,753,753,753,753,753,753,753,753,753,753,753,753,753,753,753,753,753,753,753,753,753,753,753,753,753,753,753,753,753,753,753,753,753,753,753,753,753,753,753,753,753,753,753,753,753,753,753,753,753,753,753,753,753,753,753,753,753,753,753,753,753,753,753,753,753,753,753,753,753,753,753,753,753,753,753,753,753,753,753,753,753,753,753,753,753,753,753,753,753,753,753,753,753,753,753,753,753,753,753,753,753,753,753,753,753,753,753,753,753,753,753,753,753,753,753,753,753,753,753,753,753,753,753,753,753,753
756,756,756,756,756,756,756,756,756,756,756,756,756,756,756,756,756,756,756,756,756,756,756,756,756,756,756,756,756,756,756,756,756,756,756,756,756,756,756,756,756,756,756,756,756,756,756,756,756,756,756,756,756,756,756,756,756,756,756,756,756,756,756,756,756,756,756,756,756,756,756,756,756,756,756,756,756,756,756,756,756,756,756,756,756,756,756,756,756,756,756,756,756,756,756,756,756,756,756,756,756,756,756,756,756,756,756,756,756,756,756,756,756,756,756,756,756,756,756,756,756,756,756,756,756,756,756,756,756,756,756,756,756,756,756,756,756,756,756,756,756,756,756,756,756,756,756,756,756,756
759,759,759,759,759,759,759,759,759,759,759,759,759,759,759,759,759,759,759,759,759,759,759,759,759,759,759,759,759,759,759,759,759,759,759,759,759,759,759,759,759,759,759,759,759,759,759,759,759,759,759,759,759,759,759,759,759,759,759,759,759,759,759,759,759,759,759,759,759,759,759,759,759,759,759,759,759,759,759,759,759,759,759,759,759,759,759,759,759,759,759,759,759,759,759,759,759,759,759,759,759,759,759,759,759,759,759,759,759,759,759,759,759,759,759,759,759,759,759,759,759,759,759,759,759,759,759,759,759,759,759,759,759,759,759,759,759,759,759,759,759,759,759,759,759,759,759,759,759,759
762.5,762.5,762.5,762.5,762.5,762.5,762.5,762.5,762.5,762.5,762.5,762.5,762.5,762.5,762.5,762.5,762.5,762.5,762.5,762.5,762.5,762.5,762.5,762.5,762.5,762.5,762.5,762.5,762.5,762.5,762.5,762.5,762.5,762.5,762.5,762.5,762.5,762.5,762.5,762.5,762.5,762.5,762.5,762.5,762.5,762.5,762.5,762.5,762.5,762.5,762.5,762.5,762.5,762.5,762.5,762.5,762.5,762.5,762.5,762.5,762.5,762.5,762.5,762.5,762.5,762.5,762.5,762.5,762.5,762.5,762.5,762.5,762.5,762.5,762.5,762.5,762.5,762.5,762.5,762.5,762.5,762.5,762.5,762.5,762.5,762.5,762.5,762.5,762.5,762.5,762.5,762.5,762.5,762.5,762.5,762.5,762.5,762.5,762.5,762.5,762.5,762.5,762.5,762.5,762.5,762.5,762.5,762.5,762.5,762.5,762.5,762.5,762.5,762.5,762.5,762.5,762.5,762.5,762.5,762.5,762.5,762.5,762.5,762.5,762.5,762.5,762.5,762.5,762.5,762.5,762.5,762.5,762.5,762.5,762.5,762.5,762.5,762.5,762.5,762.5,762.5,762.5,762.5,762.5,762.5,762.5,762.5,762.5,762.5,762.5
765.5,765.5,765.5,765.5,765.5,765.5,765.5,765.5,765.5,765.5,765.5,765.5,765.5,765.5,765.5,765.5,765.5,765.5,765.5,765.5,765.5,765.5,765.5,765.5,765.5,765.5,765.5,765.5,765.5,765.5,765.5,765.5,765.5,765.5,765.5,765.5,765.5,765.5,765.5,765.5,765.5,765.5,765.5,765.5,765.5,765.5,765.5,765.5,765.5,765.5,765.5,765.5,765.5,765.5,765.5,765.5,765.5,765.5,765.5,765.5,765.5,765.5,765.5,765.5,765.5,765.5,765.5,765.5,765.5,765.5,765.5,765.5,765.5,765.5,765.5,765.5,765.5,765.5,765.5,765.5,765.5,765.5,765.5,765.5,765.5,765.5,765.5,765.5,765.5,765.5,765.5,765.5,765.5,765.5,765.5,765.5,765.5,765.5,765.5,765.5,765.5,765.5,765.5,765.5,765.5,765.5,765.5,765.5,765.5,765.5,765.5,765.5,765.5,765.5,765.5,765.5,765.5,765.5,765.5,765.5,765.5,765.5,765.5,765.5,765.5,765.5,765.5,765.5,765.5,765.5,765.5,765.5,765.5,765.5,765.5,765.5,765.5,765.5,765.5,765.5,765.5,765.5,765.5,765.5,765.5,765.5,765.5,765.5,765.5,765.5
768.5,768.5,768.5,768.5,768.5,768.5,768.5,768.5,768.5,768.5,768.5,768.5,768.5,768.5,768.5,768.5,768.5,768.5,768.5,768.5,768.5,768.5,768.5,768.5,768.5,768.5,768.5,768.5,768.5,768.5,768.5,768.5,768.5,768.5,768.5,768.5,768.5,768.5,768.5,768.5,768.5,768.5,768.5,768.5,768.5,768.5,768.5,768.5,768.5,768.5,768.5,768.5,768.5,768.5,768.5,768.5,768.5,768.5,768.5,768.5,768.5,768.5,768.5,768.5,768.5,768.5,768.5,768.5,768.5,768.5,768.5,768.5,768.5,768.5,768.5,768.5,768.5,768.5,768.5,768.5,768.5,768.5,768.5,768.5,768.5,768.5,768.5,768.5,768.5,768.5,768.5,768.5,768.5,768.5,768.5,768.5,768.5,768.5,768.5,768.5,768.5,768.5,768.5,768.5,768.5,768.5,768.5,768.5,768.5,768.5,768.5,768.5,768.5,768.5,768.5,768.5,768.5,768.5,768.5,768.5,768.5,768.5,768.5,768.5,768.5,768.5,768.5,768.5,768.5,768.5,768.5,768.5,768.5,768.5,768.5,768.5,768.5,768.5,768.5,768.5,768.5,768.5,768.5,768.5,768.5,768.5,768.5,768.5,768.5,768.5
772,772,772,772,772,772,772,772,772,772,772,772,772,772,772,772,772,772,772,772,772,772,772,772,772,772,772,772,772,772,772,772,772,772,772,772,772,772,772,772,772,772,772,772,772,772,772,772,772,772,772,772,772,772,772,772,772,772,772,772,772,772,772,772,772,772,772,772,772,772,772,772,772,772,772,772,772,772,772,772,772,772,772,772,772,772,772,772,772,772,772,772,772,772,772,772,772,772,772,772,772,772,772,772,772,772,772,772,772,772,772,772,772,772,772,772,772,772,772,772,772,772,772,772,772,772,772,772,772,772,772,772,772,772,772,772,772,772,772,772,772,772,772,772,772,772,772,772,772,772
